{
        "link": "https://www.mayoclinic.org/diseases-conditions/yeast-infection/symptoms-causes/syc-20378999",
        "name": "Yeast infection (vaginal)",
        "Symptoms": [
                "Itching and irritation in the vagina and vulva",
                "A burning sensation, especially during intercourse or while urinating",
                "Redness and swelling of the vulva",
                "Vaginal pain and soreness",
                "Vaginal rash",
                "Thick, white, odor-free vaginal discharge with a cottage cheese appearance",
                "Watery vaginal discharge"
        ],
        "Causes": [
                "Antibiotic use, which causes an imbalance in natural vaginal flora",
                "Pregnancy",
                "Uncontrolled diabetes",
                "An impaired immune system",
                "Taking oral contraceptives or hormone therapy that increase estrogen levels"
        ],
        "Risk Factors": [
                "Antibiotic use.Yeast infections are common in women who take antibiotics. Broad-spectrum antibiotics, which kill a range of bacteria, also kill healthy bacteria in your vagina, leading to overgrowth of yeast.",
                "Increased estrogen levels.Yeast infections are more common in women with higher estrogen levels — such as pregnant women or women taking high-dose estrogen birth control pills or estrogen hormone therapy.",
                "Uncontrolled diabetes.Women with poorly controlled blood sugar are at greater risk of yeast infections than women with well-controlled blood sugar.",
                "Impaired immune system.Women with lowered immunity — such as from corticosteroid therapy orHIVinfection — are more likely to get yeast infections."
        ],
        "Complications": [
                "Long-lasting, called chronic, lung disease.",
                "Increased risk of certain cancers.",
                "Infectious arthritis.",
                "Increased risk of central nervous system infections from live vaccines."
        ],
        "Prevention": [
                "Tight-fitting pantyhose",
                "Douching, which removes some of the normal bacteria in the vagina that protect you from infection",
                "Scented feminine products, including bubble bath, pads and tampons",
                "Hot tubs and very hot baths",
                "Unnecessary antibiotic use, such as for colds or other viral infections",
                "Staying in wet clothes, such as swimsuits and workout attire, for long periods of time"
        ]
}{
        "link": "https://www.mayoclinic.org/diseases-conditions/yips/symptoms-causes/syc-20379021",
        "name": "Server Error",
        "Symptoms": [
                "Itching and irritation in the vagina and vulva",
                "A burning sensation, especially during intercourse or while urinating",
                "Redness and swelling of the vulva",
                "Vaginal pain and soreness",
                "Vaginal rash",
                "Thick, white, odor-free vaginal discharge with a cottage cheese appearance",
                "Watery vaginal discharge"
        ],
        "Causes": [
                "Antibiotic use, which causes an imbalance in natural vaginal flora",
                "Pregnancy",
                "Uncontrolled diabetes",
                "An impaired immune system",
                "Taking oral contraceptives or hormone therapy that increase estrogen levels"
        ],
        "Risk Factors": [
                "Antibiotic use.Yeast infections are common in women who take antibiotics. Broad-spectrum antibiotics, which kill a range of bacteria, also kill healthy bacteria in your vagina, leading to overgrowth of yeast.",
                "Increased estrogen levels.Yeast infections are more common in women with higher estrogen levels — such as pregnant women or women taking high-dose estrogen birth control pills or estrogen hormone therapy.",
                "Uncontrolled diabetes.Women with poorly controlled blood sugar are at greater risk of yeast infections than women with well-controlled blood sugar.",
                "Impaired immune system.Women with lowered immunity — such as from corticosteroid therapy orHIVinfection — are more likely to get yeast infections."
        ],
        "Complications": [
                "Long-lasting, called chronic, lung disease.",
                "Increased risk of certain cancers.",
                "Infectious arthritis.",
                "Increased risk of central nervous system infections from live vaccines."
        ],
        "Prevention": [
                "Tight-fitting pantyhose",
                "Douching, which removes some of the normal bacteria in the vagina that protect you from infection",
                "Scented feminine products, including bubble bath, pads and tampons",
                "Hot tubs and very hot baths",
                "Unnecessary antibiotic use, such as for colds or other viral infections",
                "Staying in wet clothes, such as swimsuits and workout attire, for long periods of time"
        ]
}