{
        "link": "https://www.mayoclinic.org/diseases-conditions/jaw-tumors-cysts/symptoms-causes/syc-20350973",
        "name": "Jaw tumors and cysts",
        "Symptoms": [
                "Ameloblastoma.This rare, usually noncancerous (benign) tumor begins in the cells that form the protective enamel lining on the teeth. It develops most often in the jaw near the molars. The most common type is aggressive, forming large tumors and growing into the jawbone. Although this tumor can recur after treatment, aggressive surgical treatment will typically reduce the chance of recurrence.",
                "Central giant cell granuloma.Central giant cell granulomas are benign lesions that grow from bone cells. They most often occur in the front portion of the lower jaw. One type of these tumors can grow rapidly, cause pain and destroy bone, and has a tendency to recur after surgical treatment. The other type is less aggressive and may not have symptoms. Rarely, a tumor may shrink or resolve on its own, but typically these tumors require surgical treatment.",
                "Dentigerous cyst.This cyst originates from tissue that surrounds a tooth before it erupts into the mouth. This is the most common form of cyst that affects the jaws. Most often these cysts will occur around wisdom teeth that are not fully erupted, but they can also involve other teeth.",
                "Odontogenic keratocyst.This cyst is also referred to as a keratocystic odontogenic tumor because of its tumorlike tendency to recur after surgical treatment. Although this cyst is typically slow growing, it can still be destructive to the jaw and teeth if left untreated over a long period of time. Most often the cyst develops in the lower jaw near the third molars. These cysts may also be found in people with an inherited condition called nevoid basal cell carcinoma syndrome.",
                "Odontogenic myxoma.This is a rare, slow-growing, benign tumor that occurs most often in the lower jaw. The tumor can be large and aggressively invade the jaw and surrounding tissue and displace teeth. Odontogenic myxomas are known to recur after surgical treatment; however, the chances of tumor recurrence are typically lessened by more-aggressive forms of surgical treatment.",
                "Odontoma.This benign tumor is the most common odontogenic tumor. Odontomas often have no symptoms, but they may interfere with tooth development or eruption. Odontomas are made up of dental tissue that grows around a tooth in the jaw. They can resemble an oddly shaped tooth or can be a small or large calcified tumor. These tumors may be part of some genetic syndromes.",
                "Other types of cysts and tumors.These include adenomatoid odontogenic tumor, calcifying epithelial odontogenic tumor, glandular odontogenic cyst, squamous odontogenic tumor, calcifying odontogenic cyst, cementoblastoma, aneurysmal bone cyst, ossifying fibroma, osteoblastoma. central odontogenic fibroma and others."
        ],
        "Causes": [
                "A Book: Mayo Clinic Family Health Book, 5th Edition",
                "Newsletter: Mayo Clinic Health Letter — Digital Edition"
        ],
        "Risk Factors": "",
        "Complications": "",
        "Prevention": ""
}{
        "link": "https://www.mayoclinic.org/diseases-conditions/jellyfish-stings/symptoms-causes/syc-20353284",
        "name": "Jellyfish stings",
        "Symptoms": [
                "Burning, prickling, stinging pain",
                "Welts or tracks on the skin — a \"print\" of the tentacles' contact with the skin",
                "Itchiness (pruritus)",
                "Swelling",
                "Throbbing pain that radiates up a leg or an arm"
        ],
        "Causes": [
                "Box jellyfish.Box jellyfish can cause intense pain and, rarely, life-threatening reactions. The more dangerous species of box jellyfish are in the warm waters of the Pacific and Indian oceans.",
                "Portuguese man-of-war.Also called bluebottle jellyfish, Portuguese man-of-war jellyfish live mostly in warmer seas. This type has a blue or purplish gas-filled bubble that keeps it afloat.",
                "Sea nettle.Common in both warm and cool seawaters.",
                "Lion's mane jellyfish.These are the world's largest jellyfish, with a body diameter of more than 3 feet (1 meter). They're most common in cooler, northern regions of the Pacific and Atlantic oceans."
        ],
        "Risk Factors": [
                "Swimming when jellyfish appear in large numbers (a jellyfish bloom)",
                "Swimming or diving in jellyfish areas without protective clothing",
                "Playing or sunbathing where jellyfish are washed up on the beach",
                "Swimming in a place known to have many jellyfish"
        ],
        "Complications": [
                "Delayed skin reaction, causing blisters, rash or other irritation",
                "Irukandji syndrome, which causes chest and stomach pain, high blood pressure, and heart problems"
        ],
        "Prevention": [
                "Wear a protective suit.When swimming or diving in areas where jellyfish stings are possible, wear a wet suit or other protective clothing. Diving stores sell protective \"skin suits\" or \"stinger suits\" made of thin, high-tech fabric. Consider protective footwear, as stings can also occur while wading in shallow water.",
                "Get information about conditions.Talk to lifeguards, local residents or officials with a local health department before swimming or diving in coastal waters, especially in areas where jellyfish are common.",
                "Avoid water during jellyfish season.Stay out of the water in jellyfish areas when jellyfish numbers are high."
        ]
}{
        "link": "https://www.mayoclinic.org/diseases-conditions/jet-lag/symptoms-causes/syc-20374027",
        "name": "Jet lag disorder",
        "Symptoms": [
                "Sleep problems such as not being able to fall asleep or waking up early.",
                "Daytime fatigue.",
                "Not being able to focus or function at your usual level.",
                "Stomach problems such as constipation or diarrhea.",
                "A general feeling of not being well.",
                "Mood changes."
        ],
        "Causes": [
                "Number of time zones crossed.The more time zones you cross, the more likely you are to feel jet lag.",
                "Flying east.You may find it harder to fly east, when you \"lose\" time, than to fly west, when you \"gain\" time.",
                "Being a frequent flyer.Pilots, flight attendants and business travelers are most likely to experience jet lag.",
                "Being an older adult.Older adults may need more time to recover from jet lag."
        ],
        "Risk Factors": [
                "Number of time zones crossed.The more time zones you cross, the more likely you are to feel jet lag.",
                "Flying east.You may find it harder to fly east, when you \"lose\" time, than to fly west, when you \"gain\" time.",
                "Being a frequent flyer.Pilots, flight attendants and business travelers are most likely to experience jet lag.",
                "Being an older adult.Older adults may need more time to recover from jet lag."
        ],
        "Complications": [
                "Arrive early.If you have an important meeting or other event that requires you to be in top form, try to arrive a few days early to give your body a chance to adjust.",
                "Get plenty of rest before your trip.Starting out sleep deprived makes jet lag worse.",
                "Gradually adjust your schedule before you leave.If you're traveling east, try going to bed one hour earlier each night for a few days before your trip. If you're flying west, go to bed one hour later for several nights before you fly. If possible, eat meals closer to the time you'll be eating them during your trip.",
                "Properly time bright light exposure.Light exposure is a prime influence on your body's circadian rhythms. After traveling west, expose yourself to light in the evening to help you adjust to a later than usual time zone. After traveling east, expose yourself to morning light to adapt to an earlier time zone.The one exception is if you've traveled across more than eight time zones. Your body might mistake early-morning light for evening dusk. It also might mistake evening light for early-morning light.So if you've traveled more than eight time zones to the east, wear sunglasses and avoid bright light in the morning. Then allow as much sunlight as possible in the late afternoon for the first few days in your new location.If you've traveled west by more than eight time zones, avoid sunlight a few hours before dark for the first few days to adjust to the local time.",
                "Stay on your new schedule.Set your watch or phone to the new time before you leave. Once you reach your destination, try not to sleep until the local nighttime, no matter how tired you are. Try to time your meals with local mealtimes too.",
                "Stay hydrated.Drink plenty of water before, during and after your flight to counteract the effects of dry cabin air. Dehydration can make jet lag symptoms worse. Avoid alcohol and caffeine, as these can dehydrate you and affect your sleep.",
                "Try to sleep on the plane if it's nighttime at your destination.Earplugs, headphones and eye masks can help block noise and light. If it's daytime where you're going, resist the urge to sleep."
        ],
        "Prevention": [
                "Arrive early.If you have an important meeting or other event that requires you to be in top form, try to arrive a few days early to give your body a chance to adjust.",
                "Get plenty of rest before your trip.Starting out sleep deprived makes jet lag worse.",
                "Gradually adjust your schedule before you leave.If you're traveling east, try going to bed one hour earlier each night for a few days before your trip. If you're flying west, go to bed one hour later for several nights before you fly. If possible, eat meals closer to the time you'll be eating them during your trip.",
                "Properly time bright light exposure.Light exposure is a prime influence on your body's circadian rhythms. After traveling west, expose yourself to light in the evening to help you adjust to a later than usual time zone. After traveling east, expose yourself to morning light to adapt to an earlier time zone.The one exception is if you've traveled across more than eight time zones. Your body might mistake early-morning light for evening dusk. It also might mistake evening light for early-morning light.So if you've traveled more than eight time zones to the east, wear sunglasses and avoid bright light in the morning. Then allow as much sunlight as possible in the late afternoon for the first few days in your new location.If you've traveled west by more than eight time zones, avoid sunlight a few hours before dark for the first few days to adjust to the local time.",
                "Stay on your new schedule.Set your watch or phone to the new time before you leave. Once you reach your destination, try not to sleep until the local nighttime, no matter how tired you are. Try to time your meals with local mealtimes too.",
                "Stay hydrated.Drink plenty of water before, during and after your flight to counteract the effects of dry cabin air. Dehydration can make jet lag symptoms worse. Avoid alcohol and caffeine, as these can dehydrate you and affect your sleep.",
                "Try to sleep on the plane if it's nighttime at your destination.Earplugs, headphones and eye masks can help block noise and light. If it's daytime where you're going, resist the urge to sleep."
        ]
}{
        "link": "https://www.mayoclinic.org/diseases-conditions/jock-itch/symptoms-causes/syc-20353807",
        "name": "Jock itch",
        "Symptoms": [
                "A spreading rash that begins in the crease of the groin and moves down the upper thigh and buttocks.",
                "A rash whose center tends to clear as the rash spreads.",
                "A rash that may be full or partially ring shaped.",
                "A rash bordered with small blisters.",
                "Itchiness.",
                "Scaly skin.",
                "A rash that might be red, brown, purple or gray depending on your skin color."
        ],
        "Causes": [
                "Are male.",
                "Are a teen or young adult.",
                "Wear underwear, jeans or other clothing that's tight.",
                "Sweat heavily.",
                "Have a weak immune system.",
                "Have athlete's foot."
        ],
        "Risk Factors": [
                "Are male.",
                "Are a teen or young adult.",
                "Wear underwear, jeans or other clothing that's tight.",
                "Sweat heavily.",
                "Have a weak immune system.",
                "Have athlete's foot."
        ],
        "Complications": [
                "Arrive early.If you have an important meeting or other event that requires you to be in top form, try to arrive a few days early to give your body a chance to adjust.",
                "Get plenty of rest before your trip.Starting out sleep deprived makes jet lag worse.",
                "Gradually adjust your schedule before you leave.If you're traveling east, try going to bed one hour earlier each night for a few days before your trip. If you're flying west, go to bed one hour later for several nights before you fly. If possible, eat meals closer to the time you'll be eating them during your trip.",
                "Properly time bright light exposure.Light exposure is a prime influence on your body's circadian rhythms. After traveling west, expose yourself to light in the evening to help you adjust to a later than usual time zone. After traveling east, expose yourself to morning light to adapt to an earlier time zone.The one exception is if you've traveled across more than eight time zones. Your body might mistake early-morning light for evening dusk. It also might mistake evening light for early-morning light.So if you've traveled more than eight time zones to the east, wear sunglasses and avoid bright light in the morning. Then allow as much sunlight as possible in the late afternoon for the first few days in your new location.If you've traveled west by more than eight time zones, avoid sunlight a few hours before dark for the first few days to adjust to the local time.",
                "Stay on your new schedule.Set your watch or phone to the new time before you leave. Once you reach your destination, try not to sleep until the local nighttime, no matter how tired you are. Try to time your meals with local mealtimes too.",
                "Stay hydrated.Drink plenty of water before, during and after your flight to counteract the effects of dry cabin air. Dehydration can make jet lag symptoms worse. Avoid alcohol and caffeine, as these can dehydrate you and affect your sleep.",
                "Try to sleep on the plane if it's nighttime at your destination.Earplugs, headphones and eye masks can help block noise and light. If it's daytime where you're going, resist the urge to sleep."
        ],
        "Prevention": [
                "Stay dry.Keep the groin area and inner thighs dry by drying with a clean towel after showering or exercising. Dry your feet last to avoid spreading athlete's foot to the groin area.",
                "Wear clean clothes.Change your underwear at least once a day or more often if you sweat a lot. It helps to wear underwear made of cotton or other fabric that breathes and keeps the skin drier. Wash workout clothes after each use.",
                "Find the correct fit.Choose underwear, athletic supporters and sports uniforms that fit well. Tight-fitting clothes can chafe your skin and up the risk of jock itch. Try wearing boxer shorts rather than briefs.",
                "Don't share personal items.Don't let others use your clothing, towels or other personal items. Don't borrow such items from others.",
                "Treat or prevent athlete's foot.Control athlete's foot to prevent its spread to the groin. Prevent athlete's foot by wearing waterproof footwear around public pools and in showers and locker rooms."
        ]
}{
        "link": "https://www.mayoclinic.org/diseases-conditions/juvenile-idiopathic-arthritis/symptoms-causes/syc-20374082",
        "name": "Juvenile idiopathic arthritis",
        "Symptoms": [
                "Pain.While your child might not complain of joint pain, you may notice that he or she limps — especially first thing in the morning or after a nap.",
                "Swelling.Joint swelling is common but is often first noticed in larger joints such as the knee.",
                "Stiffness.You might notice that your child appears clumsier than usual, particularly in the morning or after naps.",
                "Fever, swollen lymph nodes and rash.In some cases, high fever, swollen lymph nodes or a rash on the trunk may occur — which is usually worse in the evenings."
        ],
        "Causes": [
                "Eye problems.Some forms can cause eye inflammation. If this condition is left untreated, it may result in cataracts, glaucoma and even blindness.Eye inflammation frequently occurs without symptoms, so it's important for children with this condition to be examined regularly by an ophthalmologist.",
                "Growth problems.Juvenile idiopathic arthritis can interfere with your child's growth and bone development. Some medications used for treatment, mainly corticosteroids, also can inhibit growth."
        ],
        "Risk Factors": [
                "Eye problems.Some forms can cause eye inflammation. If this condition is left untreated, it may result in cataracts, glaucoma and even blindness.Eye inflammation frequently occurs without symptoms, so it's important for children with this condition to be examined regularly by an ophthalmologist.",
                "Growth problems.Juvenile idiopathic arthritis can interfere with your child's growth and bone development. Some medications used for treatment, mainly corticosteroids, also can inhibit growth."
        ],
        "Complications": [
                "Eye problems.Some forms can cause eye inflammation. If this condition is left untreated, it may result in cataracts, glaucoma and even blindness.Eye inflammation frequently occurs without symptoms, so it's important for children with this condition to be examined regularly by an ophthalmologist.",
                "Growth problems.Juvenile idiopathic arthritis can interfere with your child's growth and bone development. Some medications used for treatment, mainly corticosteroids, also can inhibit growth."
        ],
        "Prevention": [
                "Stay dry.Keep the groin area and inner thighs dry by drying with a clean towel after showering or exercising. Dry your feet last to avoid spreading athlete's foot to the groin area.",
                "Wear clean clothes.Change your underwear at least once a day or more often if you sweat a lot. It helps to wear underwear made of cotton or other fabric that breathes and keeps the skin drier. Wash workout clothes after each use.",
                "Find the correct fit.Choose underwear, athletic supporters and sports uniforms that fit well. Tight-fitting clothes can chafe your skin and up the risk of jock itch. Try wearing boxer shorts rather than briefs.",
                "Don't share personal items.Don't let others use your clothing, towels or other personal items. Don't borrow such items from others.",
                "Treat or prevent athlete's foot.Control athlete's foot to prevent its spread to the groin. Prevent athlete's foot by wearing waterproof footwear around public pools and in showers and locker rooms."
        ]
}