{
        "link": "https://www.mayoclinic.org/diseases-conditions/kaposis-sarcoma/cdc-20387726",
        "name": "Soft tissue sarcoma",
        "Symptoms": "",
        "Causes": "",
        "Risk Factors": "",
        "Complications": "",
        "Prevention": ""
}{
        "link": "https://www.mayoclinic.org/diseases-conditions/kawasaki-disease/symptoms-causes/syc-20354598",
        "name": "Kawasaki disease",
        "Symptoms": [
                "A rash on the main part of the body or in the genital area.",
                "An enlarged lymph node in the neck.",
                "Very red eyes without a thick discharge.",
                "Red, dry, cracked lips and a red, swollen tongue.",
                "Swollen, red skin on the palms of the hands and the soles of the feet. Later the skin on fingers and toes peels."
        ],
        "Causes": [
                "Age.Children under 5 years old are at highest risk of Kawasaki disease.",
                "Sex.Children who are assigned male at birth are slightly more likely to get Kawasaki disease.",
                "Ethnicity.Children of Asian or Pacific Islander descent have higher rates of Kawasaki disease."
        ],
        "Risk Factors": [
                "Age.Children under 5 years old are at highest risk of Kawasaki disease.",
                "Sex.Children who are assigned male at birth are slightly more likely to get Kawasaki disease.",
                "Ethnicity.Children of Asian or Pacific Islander descent have higher rates of Kawasaki disease."
        ],
        "Complications": [
                "Swelling of blood vessels, most often the arteries that send blood to the heart.",
                "Swelling of the heart muscle.",
                "Heart valve problems."
        ],
        "Prevention": ""
}{
        "link": "https://www.mayoclinic.org/diseases-conditions/keloid-scar/symptoms-causes/syc-20520901",
        "name": "Server Error",
        "Symptoms": [
                "A rash on the main part of the body or in the genital area.",
                "An enlarged lymph node in the neck.",
                "Very red eyes without a thick discharge.",
                "Red, dry, cracked lips and a red, swollen tongue.",
                "Swollen, red skin on the palms of the hands and the soles of the feet. Later the skin on fingers and toes peels."
        ],
        "Causes": [
                "Age.Children under 5 years old are at highest risk of Kawasaki disease.",
                "Sex.Children who are assigned male at birth are slightly more likely to get Kawasaki disease.",
                "Ethnicity.Children of Asian or Pacific Islander descent have higher rates of Kawasaki disease."
        ],
        "Risk Factors": [
                "Age.Children under 5 years old are at highest risk of Kawasaki disease.",
                "Sex.Children who are assigned male at birth are slightly more likely to get Kawasaki disease.",
                "Ethnicity.Children of Asian or Pacific Islander descent have higher rates of Kawasaki disease."
        ],
        "Complications": [
                "Swelling of blood vessels, most often the arteries that send blood to the heart.",
                "Swelling of the heart muscle.",
                "Heart valve problems."
        ],
        "Prevention": ""
}{
        "link": "https://www.mayoclinic.org/diseases-conditions/keratitis/symptoms-causes/syc-20374110",
        "name": "Server Error",
        "Symptoms": [
                "A rash on the main part of the body or in the genital area.",
                "An enlarged lymph node in the neck.",
                "Very red eyes without a thick discharge.",
                "Red, dry, cracked lips and a red, swollen tongue.",
                "Swollen, red skin on the palms of the hands and the soles of the feet. Later the skin on fingers and toes peels."
        ],
        "Causes": [
                "Age.Children under 5 years old are at highest risk of Kawasaki disease.",
                "Sex.Children who are assigned male at birth are slightly more likely to get Kawasaki disease.",
                "Ethnicity.Children of Asian or Pacific Islander descent have higher rates of Kawasaki disease."
        ],
        "Risk Factors": [
                "Age.Children under 5 years old are at highest risk of Kawasaki disease.",
                "Sex.Children who are assigned male at birth are slightly more likely to get Kawasaki disease.",
                "Ethnicity.Children of Asian or Pacific Islander descent have higher rates of Kawasaki disease."
        ],
        "Complications": [
                "Swelling of blood vessels, most often the arteries that send blood to the heart.",
                "Swelling of the heart muscle.",
                "Heart valve problems."
        ],
        "Prevention": ""
}{
        "link": "https://www.mayoclinic.org/diseases-conditions/keratoconus/symptoms-causes/syc-20351352",
        "name": "Keratoconus",
        "Symptoms": [
                "Blurred or distorted vision.",
                "Increased sensitivity to bright light and glare, which can cause problems with night driving.",
                "A need for frequent changes in eyeglass prescriptions.",
                "Sudden worsening or clouding of vision."
        ],
        "Causes": [
                "Having a family history of keratoconus.",
                "Rubbing your eyes vigorously.",
                "Having certain conditions, such as retinitis pigmentosa, Down syndrome, Ehlers-Danlos syndrome, Marfan syndrome, hay fever and asthma."
        ],
        "Risk Factors": [
                "Having a family history of keratoconus.",
                "Rubbing your eyes vigorously.",
                "Having certain conditions, such as retinitis pigmentosa, Down syndrome, Ehlers-Danlos syndrome, Marfan syndrome, hay fever and asthma."
        ],
        "Complications": [
                "Keratoconus",
                "Keratoconus"
        ],
        "Prevention": ""
}{
        "link": "https://www.mayoclinic.org/diseases-conditions/keratosis-pilaris/symptoms-causes/syc-20351149",
        "name": "Keratosis pilaris",
        "Symptoms": [
                "Painless tiny bumps on the upper arms, thighs, cheeks or buttocks",
                "Dry, rough skin in the areas with bumps",
                "Worsening when seasonal changes cause low humidity and dry skin",
                "Sandpaper-like bumps resembling goose flesh"
        ],
        "Causes": [
                "Keratin plug",
                "Keratosis pilaris"
        ],
        "Risk Factors": [
                "Keratin plug",
                "Keratosis pilaris"
        ],
        "Complications": [
                "Keratoconus",
                "Keratoconus"
        ],
        "Prevention": ""
}{
        "link": "https://www.mayoclinic.org/diseases-conditions/kidney-cancer/symptoms-causes/syc-20352664",
        "name": "Kidney cancer",
        "Symptoms": [
                "Blood in your urine, which may appear pink, red or cola colored",
                "Pain in your back or side that doesn't go away",
                "Loss of appetite",
                "Unexplained weight loss",
                "Tiredness",
                "Fever"
        ],
        "Causes": [
                "Older age.Your risk of kidney cancer increases as you age.",
                "Smoking.Smokers have a greater risk of kidney cancer than nonsmokers do. The risk decreases after you quit.",
                "Obesity.People who are obese have a higher risk of kidney cancer than people who are considered to have a healthy weight.",
                "High blood pressure (hypertension).High blood pressure increases your risk of kidney cancer.",
                "Treatment for kidney failure.People who receive long-term dialysis to treat chronic kidney failure have a greater risk of developing kidney cancer.",
                "Certain inherited syndromes.People who are born with certain inherited syndromes may have an increased risk of kidney cancer, such as those who have von Hippel-Lindau disease, Birt-Hogg-Dube syndrome, tuberous sclerosis complex, hereditary papillary renal cell carcinoma or familial renal cancer.",
                "Family history of kidney cancer.The risk of kidney cancer is higher if close family members have had the disease."
        ],
        "Risk Factors": [
                "Older age.Your risk of kidney cancer increases as you age.",
                "Smoking.Smokers have a greater risk of kidney cancer than nonsmokers do. The risk decreases after you quit.",
                "Obesity.People who are obese have a higher risk of kidney cancer than people who are considered to have a healthy weight.",
                "High blood pressure (hypertension).High blood pressure increases your risk of kidney cancer.",
                "Treatment for kidney failure.People who receive long-term dialysis to treat chronic kidney failure have a greater risk of developing kidney cancer.",
                "Certain inherited syndromes.People who are born with certain inherited syndromes may have an increased risk of kidney cancer, such as those who have von Hippel-Lindau disease, Birt-Hogg-Dube syndrome, tuberous sclerosis complex, hereditary papillary renal cell carcinoma or familial renal cancer.",
                "Family history of kidney cancer.The risk of kidney cancer is higher if close family members have had the disease."
        ],
        "Complications": [
                "Keratoconus",
                "Keratoconus"
        ],
        "Prevention": [
                "Quit smoking.If you smoke, quit. Many options for quitting exist, including support programs, medications and nicotine replacement products. Tell your doctor you want to quit, and discuss your options together.",
                "Maintain a healthy weight.Work to maintain a healthy weight. If you're overweight or obese, reduce the number of calories you consume each day and try to be physically active most days of the week. Ask your doctor about other healthy strategies to help you lose weight.",
                "Control high blood pressure.Ask your doctor to check your blood pressure at your next appointment. If your blood pressure is high, you can discuss options for lowering your numbers. Lifestyle measures such as exercise, weight loss and diet changes can help. Some people may need to add medications to lower their blood pressure. Discuss your options with your doctor."
        ]
}{
        "link": "https://www.mayoclinic.org/diseases-conditions/kidney-cysts/symptoms-causes/syc-20374134",
        "name": "Kidney cysts",
        "Symptoms": [
                "Dull pain in the back or side",
                "Fever",
                "Upper stomach pain"
        ],
        "Causes": [
                "An infected cyst.A kidney cyst may become infected, causing fever and pain.",
                "A burst cyst.A kidney cyst that bursts causes severe pain in the back or side. Sometimes a burst cyst may cause blood in the urine.",
                "Blocked urine flow.A kidney cyst that blocks the typical flow of urine may lead to kidney swelling."
        ],
        "Risk Factors": [
                "An infected cyst.A kidney cyst may become infected, causing fever and pain.",
                "A burst cyst.A kidney cyst that bursts causes severe pain in the back or side. Sometimes a burst cyst may cause blood in the urine.",
                "Blocked urine flow.A kidney cyst that blocks the typical flow of urine may lead to kidney swelling."
        ],
        "Complications": [
                "An infected cyst.A kidney cyst may become infected, causing fever and pain.",
                "A burst cyst.A kidney cyst that bursts causes severe pain in the back or side. Sometimes a burst cyst may cause blood in the urine.",
                "Blocked urine flow.A kidney cyst that blocks the typical flow of urine may lead to kidney swelling."
        ],
        "Prevention": [
                "Quit smoking.If you smoke, quit. Many options for quitting exist, including support programs, medications and nicotine replacement products. Tell your doctor you want to quit, and discuss your options together.",
                "Maintain a healthy weight.Work to maintain a healthy weight. If you're overweight or obese, reduce the number of calories you consume each day and try to be physically active most days of the week. Ask your doctor about other healthy strategies to help you lose weight.",
                "Control high blood pressure.Ask your doctor to check your blood pressure at your next appointment. If your blood pressure is high, you can discuss options for lowering your numbers. Lifestyle measures such as exercise, weight loss and diet changes can help. Some people may need to add medications to lower their blood pressure. Discuss your options with your doctor."
        ]
}{
        "link": "https://www.mayoclinic.org/diseases-conditions/kidney-infection/symptoms-causes/syc-20353387",
        "name": "Kidney infection",
        "Symptoms": [
                "Fever",
                "Chills",
                "A burning feeling or pain when urinating",
                "Having to urinate often",
                "A strong, lasting urge to urinate",
                "Back, side or groin pain",
                "Nausea and vomiting",
                "Pus or blood in the urine",
                "Urine that smells bad or is cloudy",
                "Belly pain"
        ],
        "Causes": [
                "Being female.The urethra is shorter in women than in men. That makes it easier for bacteria to travel from outside the body to the bladder. The urethra being close to the vagina and anus also makes it easier for bacteria to enter the bladder.Once in the bladder, an infection can spread to the kidneys. Pregnant women are at even higher risk of a kidney infection.",
                "Having a urinary tract blockage.Anything that slows the flow of urine or makes it harder to fully empty the bladder can raise the risk of a kidney infection. This includes a kidney stone, a narrowed urethra or an enlarged prostate gland.",
                "Having a weakened immune system.Medical conditions such as diabetes and HIV can weaken the immune system. Certain medicines also can lower immunity. These include drugs taken after an organ transplant that help prevent rejection.",
                "Having damage to nerves around the bladder.Nerve or spinal cord damage can block the feeling of a bladder infection. That can make it hard to know when an infection travels to a kidney.",
                "Using a urinary catheter.Urinary catheters are tubes used to drain urine from the bladder. Catheters are sometimes used after a surgical procedure or diagnostic test. They're also used in people who are confined to a bed.",
                "Having a condition that causes urine to flow the wrong way.In vesicoureteral reflux, small amounts of urine flow from the bladder back into the tubes that connect the bladder and kidneys. People with this condition are at higher risk of kidney infections when they're kids and when they become adults."
        ],
        "Risk Factors": [
                "Being female.The urethra is shorter in women than in men. That makes it easier for bacteria to travel from outside the body to the bladder. The urethra being close to the vagina and anus also makes it easier for bacteria to enter the bladder.Once in the bladder, an infection can spread to the kidneys. Pregnant women are at even higher risk of a kidney infection.",
                "Having a urinary tract blockage.Anything that slows the flow of urine or makes it harder to fully empty the bladder can raise the risk of a kidney infection. This includes a kidney stone, a narrowed urethra or an enlarged prostate gland.",
                "Having a weakened immune system.Medical conditions such as diabetes and HIV can weaken the immune system. Certain medicines also can lower immunity. These include drugs taken after an organ transplant that help prevent rejection.",
                "Having damage to nerves around the bladder.Nerve or spinal cord damage can block the feeling of a bladder infection. That can make it hard to know when an infection travels to a kidney.",
                "Using a urinary catheter.Urinary catheters are tubes used to drain urine from the bladder. Catheters are sometimes used after a surgical procedure or diagnostic test. They're also used in people who are confined to a bed.",
                "Having a condition that causes urine to flow the wrong way.In vesicoureteral reflux, small amounts of urine flow from the bladder back into the tubes that connect the bladder and kidneys. People with this condition are at higher risk of kidney infections when they're kids and when they become adults."
        ],
        "Complications": [
                "Kidney scarring.This can lead to chronic kidney disease, high blood pressure and kidney failure.",
                "Blood poisoning.The kidneys filter waste from blood and return the filtered blood to the rest of the body. A kidney infection can cause bacteria to spread through the bloodstream.",
                "Pregnancy complications.A kidney infection that occurs during pregnancy can increase the risk of having a baby with a low birth weight."
        ],
        "Prevention": [
                "Drink fluids, especially water.Fluids can help remove bacteria from the body when you urinate.",
                "Urinate as soon as you need to.Don't delay urinating when you feel the urge.",
                "Empty the bladder after sexual intercourse.Urinating as soon as possible after sex helps clear bacteria from the urethra. This lowers the risk of infection.",
                "Wipe carefully.Wipe from front to back after urinating and after a bowel movement. This helps prevent bacteria from spreading to the urethra.",
                "Avoid using products in the genital area.Deodorant sprays in the genital area or douches can be irritating."
        ]
}{
        "link": "https://www.mayoclinic.org/diseases-conditions/kidney-stones/symptoms-causes/syc-20355755",
        "name": "Kidney stones",
        "Symptoms": [
                "Severe, sharp pain in the side and back, below the ribs",
                "Pain that radiates to the lower abdomen and groin",
                "Pain that comes in waves and fluctuates in intensity",
                "Pain or burning sensation while urinating"
        ],
        "Causes": [
                "Calcium stones.Most kidney stones are calcium stones, usually in the form of calcium oxalate. Oxalate is a substance made daily by your liver or absorbed from your diet. Certain fruits and vegetables, as well as nuts and chocolate, have high oxalate content.Dietary factors, high doses of vitamin D, intestinal bypass surgery and several metabolic disorders can increase the concentration of calcium or oxalate in urine.Calcium stones may also occur in the form of calcium phosphate. This type of stone is more common in metabolic conditions, such as renal tubular acidosis. It may also be associated with certain medications used to treat migraines or seizures, such as topiramate (Topamax, Trokendi XR, Qudexy XR).",
                "Struvite stones.Struvite stones form in response to a urinary tract infection. These stones can grow quickly and become quite large, sometimes with few symptoms or little warning.",
                "Uric acid stones.Uric acid stones can form in people who lose too much fluid because of chronic diarrhea or malabsorption, those who eat a high-protein diet, and those with diabetes or metabolic syndrome. Certain genetic factors also may increase your risk of uric acid stones.",
                "Cystine stones.These stones form in people with a hereditary disorder called cystinuria that causes the kidneys to excrete too much of a specific amino acid."
        ],
        "Risk Factors": [
                "Family or personal history.If someone in your family has had kidney stones, you're more likely to develop stones, too. If you've already had one or more kidney stones, you're at increased risk of developing another.",
                "Dehydration.Not drinking enough water each day can increase your risk of kidney stones. People who live in warm, dry climates and those who sweat a lot may be at higher risk than others.",
                "Certain diets.Eating a diet that's high in protein, sodium (salt) and sugar may increase your risk of some types of kidney stones. This is especially true with a high-sodium diet. Too much salt in your diet increases the amount of calcium your kidneys must filter and significantly increases your risk of kidney stones.",
                "Obesity.High body mass index (BMI), large waist size and weight gain have been linked to an increased risk of kidney stones.",
                "Digestive diseases and surgery.Gastric bypass surgery, inflammatory bowel disease or chronic diarrhea can cause changes in the digestive process that affect your absorption of calcium and water, increasing the amounts of stone-forming substances in your urine.",
                "Other medical conditionssuch as renal tubular acidosis, cystinuria, hyperparathyroidism and repeated urinary tract infections also can increase your risk of kidney stones.",
                "Certain supplements and medications,such as vitamin C, dietary supplements, laxatives (when used excessively), calcium-based antacids, and certain medications used to treat migraines or depression, can increase your risk of kidney stones."
        ],
        "Complications": [
                "Kidney scarring.This can lead to chronic kidney disease, high blood pressure and kidney failure.",
                "Blood poisoning.The kidneys filter waste from blood and return the filtered blood to the rest of the body. A kidney infection can cause bacteria to spread through the bloodstream.",
                "Pregnancy complications.A kidney infection that occurs during pregnancy can increase the risk of having a baby with a low birth weight."
        ],
        "Prevention": [
                "Drink fluids, especially water.Fluids can help remove bacteria from the body when you urinate.",
                "Urinate as soon as you need to.Don't delay urinating when you feel the urge.",
                "Empty the bladder after sexual intercourse.Urinating as soon as possible after sex helps clear bacteria from the urethra. This lowers the risk of infection.",
                "Wipe carefully.Wipe from front to back after urinating and after a bowel movement. This helps prevent bacteria from spreading to the urethra.",
                "Avoid using products in the genital area.Deodorant sprays in the genital area or douches can be irritating."
        ]
}{
        "link": "https://www.mayoclinic.org/diseases-conditions/kleptomania/symptoms-causes/syc-20364732",
        "name": "Kleptomania",
        "Symptoms": [
                "Inability to resist powerful urges to steal items that you don't need",
                "Feeling increased tension, anxiety or arousal leading up to the theft",
                "Feeling pleasure, relief or satisfaction while stealing",
                "Feeling terrible guilt, remorse, self-loathing, shame or fear of arrest after the theft",
                "Return of the urges and a repetition of the kleptomania cycle"
        ],
        "Causes": [
                "Problems with a naturally occurring brain chemical called serotonin.Serotonin, a neurotransmitter, helps regulate moods and emotions. Low levels of serotonin are common in people prone to impulsive behaviors.",
                "Addictive disorders.Stealing may cause the release of dopamine — another neurotransmitter. Dopamine causes pleasurable feelings, and some people seek this rewarding feeling again and again.",
                "The brain's opioid system.Urges are regulated by the brain's opioid system. An imbalance in this system could make it harder to resist urges.",
                "Learned habit.Urges are very uncomfortable. Responding to these urges by stealing causes a temporary decrease in distress and relief from these urges. This creates a strong habit that becomes hard to break."
        ],
        "Risk Factors": [
                "Family history.Having a blood relative, such as a parent or sibling, with kleptomania or addictive disorders may increase the risk of kleptomania.",
                "Having another mental illness.People with kleptomania often have another mental health disorder, such as anxiety, depression or a substance use disorder."
        ],
        "Complications": [
                "Other impulse-control disorders, such as compulsive gambling or shopping",
                "Alcohol or other substance misuse",
                "Personality disorders",
                "Eating disorders",
                "Depression",
                "Bipolar disorder",
                "Anxiety disorders",
                "Suicidal thoughts and behaviors"
        ],
        "Prevention": [
                "Psychotherapy"
        ]
}{
        "link": "https://www.mayoclinic.org/diseases-conditions/klinefelter-syndrome/symptoms-causes/syc-20353949",
        "name": "Klinefelter syndrome",
        "Symptoms": [
                "Weak muscles",
                "Slow motor development — taking longer than average to sit up, crawl and walk",
                "Delay in speaking",
                "Problems at birth, such as testicles that haven't descended into the scrotum"
        ],
        "Causes": [
                "One extra copy of the X chromosome in each cell (XXY), the most common cause",
                "An extra X chromosome in some of the cells (mosaic Klinefelter syndrome), with fewer symptoms",
                "More than one extra copy of the X chromosome, which is rare and results in a severe form"
        ],
        "Risk Factors": [
                "Anxiety and depression",
                "Social, emotional and behavioral problems, such as low self-esteem, emotional immaturity and impulsiveness",
                "Infertility and problems with sexual function",
                "Weak bones (osteoporosis)",
                "Heart and blood vessel disease",
                "Breast cancer and certain other cancers",
                "Lung disease",
                "Metabolic syndrome, which includes type 2 diabetes, high blood pressure (hypertension), and high cholesterol and triglycerides (hyperlipidemia)",
                "Autoimmune disorders such as lupus and rheumatoid arthritis",
                "Tooth and oral problems that make dental cavities more likely",
                "Autism spectrum disorder"
        ],
        "Complications": [
                "Anxiety and depression",
                "Social, emotional and behavioral problems, such as low self-esteem, emotional immaturity and impulsiveness",
                "Infertility and problems with sexual function",
                "Weak bones (osteoporosis)",
                "Heart and blood vessel disease",
                "Breast cancer and certain other cancers",
                "Lung disease",
                "Metabolic syndrome, which includes type 2 diabetes, high blood pressure (hypertension), and high cholesterol and triglycerides (hyperlipidemia)",
                "Autoimmune disorders such as lupus and rheumatoid arthritis",
                "Tooth and oral problems that make dental cavities more likely",
                "Autism spectrum disorder"
        ],
        "Prevention": [
                "Psychotherapy"
        ]
}{
        "link": "https://www.mayoclinic.org/diseases-conditions/klippel-trenaunay/symptoms-causes/syc-20374152",
        "name": "Klippel-Trenaunay syndrome",
        "Symptoms": [
                "Port-wine stain.This pink to reddish-purple birthmark is caused by extra tiny blood vessels (capillaries) in the top layer of skin. The birthmark often covers part of one leg but can involve any portion of the skin. It may get darker or lighter with age.",
                "Vein malformations.These include swollen, twisted veins (varicose veins), usually on the surface of the legs. Deeper malformed veins in the arms, legs, abdomen and pelvis also can occur. There may be spongy tissue filled with small veins in or under the skin. Malformed veins may become more prominent with age.",
                "Overgrowth of bones and soft tissue.This begins in infancy and may be limited to one leg, but it can occur in an arm or, rarely, in the trunk or face. This overgrowth of bone and tissue creates a larger and longer extremity. Rarely, there may be fusion of fingers or toes or extra fingers or toes.",
                "Lymphatic system malformations.The lymphatic system — part of the immune system that protects against infection and disease and transports lymphatic fluid — can be malformed. Extra lymphatic vessels can be present that don't work properly and can lead to fluid leakage into the tissues and swelling.",
                "Other conditions.KTScan also include cataracts, glaucoma, hip dislocation at birth, purple-red skin coloring when cold and blood-clotting problems."
        ],
        "Causes": [
                "Port-wine stain complications.Some areas of the port-wine stain may thicken over time and may form blisters (blebs) that are prone to bleeding and infections. Skin ulcers and poor wound healing also may occur.",
                "Vein malformations.Varicose veins can cause pain and skin ulcers due to poor circulation. Deeper malformed veins can increase the risk of blood clots (deep vein thrombosis) and cause a life-threatening condition called pulmonary embolism if the clots dislodge and travel to the lungs. Venous malformations in the pelvis and abdominal organs can cause internal bleeding. Superficial veins can develop less serious but painful clots and inflammation (superficial thrombophlebitis).",
                "Overgrowth of bones and soft tissue.Overgrowth of bone and tissue can cause pain, a feeling of heaviness, limb enlargement and problems with movement. Overgrowth that causes one leg to be longer than the other can result in problems with walking and may lead to hip and back problems.",
                "Lymphatic system malformations.Malformations in the lymphatic system can cause fluid buildup and swelling in the tissues of the arms or legs (lymphedema), skin breakdown and skin ulcers, leakage of lymphatic fluid, or infection of the layer under the skin (cellulitis).",
                "Chronic pain.Pain can be a common problem that results from complications such as infections, swelling, bone involvement or vein problems."
        ],
        "Risk Factors": [
                "Port-wine stain complications.Some areas of the port-wine stain may thicken over time and may form blisters (blebs) that are prone to bleeding and infections. Skin ulcers and poor wound healing also may occur.",
                "Vein malformations.Varicose veins can cause pain and skin ulcers due to poor circulation. Deeper malformed veins can increase the risk of blood clots (deep vein thrombosis) and cause a life-threatening condition called pulmonary embolism if the clots dislodge and travel to the lungs. Venous malformations in the pelvis and abdominal organs can cause internal bleeding. Superficial veins can develop less serious but painful clots and inflammation (superficial thrombophlebitis).",
                "Overgrowth of bones and soft tissue.Overgrowth of bone and tissue can cause pain, a feeling of heaviness, limb enlargement and problems with movement. Overgrowth that causes one leg to be longer than the other can result in problems with walking and may lead to hip and back problems.",
                "Lymphatic system malformations.Malformations in the lymphatic system can cause fluid buildup and swelling in the tissues of the arms or legs (lymphedema), skin breakdown and skin ulcers, leakage of lymphatic fluid, or infection of the layer under the skin (cellulitis).",
                "Chronic pain.Pain can be a common problem that results from complications such as infections, swelling, bone involvement or vein problems."
        ],
        "Complications": [
                "Port-wine stain complications.Some areas of the port-wine stain may thicken over time and may form blisters (blebs) that are prone to bleeding and infections. Skin ulcers and poor wound healing also may occur.",
                "Vein malformations.Varicose veins can cause pain and skin ulcers due to poor circulation. Deeper malformed veins can increase the risk of blood clots (deep vein thrombosis) and cause a life-threatening condition called pulmonary embolism if the clots dislodge and travel to the lungs. Venous malformations in the pelvis and abdominal organs can cause internal bleeding. Superficial veins can develop less serious but painful clots and inflammation (superficial thrombophlebitis).",
                "Overgrowth of bones and soft tissue.Overgrowth of bone and tissue can cause pain, a feeling of heaviness, limb enlargement and problems with movement. Overgrowth that causes one leg to be longer than the other can result in problems with walking and may lead to hip and back problems.",
                "Lymphatic system malformations.Malformations in the lymphatic system can cause fluid buildup and swelling in the tissues of the arms or legs (lymphedema), skin breakdown and skin ulcers, leakage of lymphatic fluid, or infection of the layer under the skin (cellulitis).",
                "Chronic pain.Pain can be a common problem that results from complications such as infections, swelling, bone involvement or vein problems."
        ],
        "Prevention": [
                "Psychotherapy"
        ]
}{
        "link": "https://www.mayoclinic.org/diseases-conditions/knee-bursitis/symptoms-causes/syc-20355501",
        "name": "Knee bursitis",
        "Symptoms": [
                "Frequent and sustained pressure, such as from kneeling, especially on hard surfaces",
                "Overuse or strenuous activity",
                "A direct blow to your knee",
                "Bacterial infection of the bursa",
                "Complications from osteoarthritis, rheumatoid arthritis or gout in your knee"
        ],
        "Causes": [
                "Frequent and sustained pressure, such as from kneeling, especially on hard surfaces",
                "Overuse or strenuous activity",
                "A direct blow to your knee",
                "Bacterial infection of the bursa",
                "Complications from osteoarthritis, rheumatoid arthritis or gout in your knee"
        ],
        "Risk Factors": [
                "Prolonged kneeling.People who work on their knees for long periods — carpet layers, plumbers and gardeners — are at increased risk of knee bursitis.",
                "Participation in certain sports.Sports that result in direct blows or frequent falls on the knee — such as wrestling, football and volleyball — can increase your risk of knee bursitis. Runners can develop pain and inflammation in the pes anserine bursa, situated on the inner side of your knee below the joint.",
                "Obesity and osteoarthritis.Pes anserine bursitis, affecting the inner side of your knee below the joint, often occurs in obese women with osteoarthritis."
        ],
        "Complications": [
                "Port-wine stain complications.Some areas of the port-wine stain may thicken over time and may form blisters (blebs) that are prone to bleeding and infections. Skin ulcers and poor wound healing also may occur.",
                "Vein malformations.Varicose veins can cause pain and skin ulcers due to poor circulation. Deeper malformed veins can increase the risk of blood clots (deep vein thrombosis) and cause a life-threatening condition called pulmonary embolism if the clots dislodge and travel to the lungs. Venous malformations in the pelvis and abdominal organs can cause internal bleeding. Superficial veins can develop less serious but painful clots and inflammation (superficial thrombophlebitis).",
                "Overgrowth of bones and soft tissue.Overgrowth of bone and tissue can cause pain, a feeling of heaviness, limb enlargement and problems with movement. Overgrowth that causes one leg to be longer than the other can result in problems with walking and may lead to hip and back problems.",
                "Lymphatic system malformations.Malformations in the lymphatic system can cause fluid buildup and swelling in the tissues of the arms or legs (lymphedema), skin breakdown and skin ulcers, leakage of lymphatic fluid, or infection of the layer under the skin (cellulitis).",
                "Chronic pain.Pain can be a common problem that results from complications such as infections, swelling, bone involvement or vein problems."
        ],
        "Prevention": [
                "Wear kneepads.If you're working on your knees or participating in sports that put your knees at risk, use padding to cushion and protect your knees.",
                "Take breaks.If you're on your knees for a period of time, take regular breaks to stretch your legs and rest your knees.",
                "Avoid excessive squatting.Excessive or repetitious bending of your knees increases the force on your knee joints.",
                "Achieve and maintain a healthy weight.This can help take pressure off your knee joint."
        ]
}{
        "link": "https://www.mayoclinic.org/diseases-conditions/knee-pain/symptoms-causes/syc-20350849",
        "name": "Knee pain",
        "Symptoms": [
                "Swelling and stiffness",
                "Redness and warmth to the touch",
                "Weakness or instability",
                "Popping or crunching noises",
                "Inability to fully straighten the knee"
        ],
        "Causes": [
                "ACL injury.An ACL injury is a tear of the anterior cruciate ligament (ACL) — one of four ligaments that connect your shinbone to your thighbone. AnACLinjury is particularly common in people who play basketball, soccer or other sports that require sudden changes in direction.",
                "Fractures.The bones of the knee, including the kneecap (patella), can be broken during falls or auto accidents. Also, people whose bones have been weakened by osteoporosis can sometimes sustain a knee fracture simply by stepping wrong.",
                "Torn meniscus.The meniscus is the tough, rubbery cartilage that acts as a shock absorber between your shinbone and thighbone. It can be torn if you suddenly twist your knee while bearing weight on it.",
                "Knee bursitis.Some knee injuries cause inflammation in the bursae, the small sacs of fluid that cushion the outside of your knee joint so that tendons and ligaments glide smoothly over the joint.",
                "Patellar tendinitis.Tendinitis causes irritation and inflammation of one or more tendons — the thick, fibrous tissues that attach muscles to bones. This inflammation can happen when there's an injury to the patellar tendon, which runs from the kneecap (patella) to the shinbone and allows you to kick, run and jump. Runners, skiers, cyclists, and those involved in jumping sports and activities may develop patellar tendinitis."
        ],
        "Risk Factors": [
                "Excess weight.Being overweight or obese increases stress on your knee joints, even during ordinary activities such as walking or going up and down stairs. It also puts you at increased risk of osteoarthritis by accelerating the breakdown of joint cartilage.",
                "Lack of muscle flexibility or strength.A lack of strength and flexibility can increase the risk of knee injuries. Strong muscles help stabilize and protect your joints, and muscle flexibility can help you achieve full range of motion.",
                "Certain sports or occupations.Some sports put greater stress on your knees than do others. Alpine skiing with its rigid ski boots and potential for falls, basketball's jumps and pivots, and the repeated pounding your knees take when you run or jog all increase your risk of knee injury. Jobs that require repetitive stress on the knees such as construction or farming also can increase your risk.",
                "Previous injury.Having a previous knee injury makes it more likely that you'll injure your knee again."
        ],
        "Complications": [
                "Keep extra pounds off.Maintain a healthy weight; it's one of the best things you can do for your knees. Every extra pound puts additional strain on your joints, increasing the risk of injuries and osteoarthritis.",
                "Be in shape to play your sport.To prepare your muscles for the demands of sports participation, take time for conditioning.",
                "Practice perfectly.Make sure the technique and movement patterns you use in your sports or activity are the best they can be. Lessons from a professional can be very helpful.",
                "Get strong, stay flexible.Weak muscles are a leading cause of knee injuries. You'll benefit from building up your quadriceps and hamstrings, the muscles on the front and back of your thighs that help support your knees. Balance and stability training helps the muscles around your knees work together more effectively.And because tight muscles also can contribute to injury, stretching is important. Try to include flexibility exercises in your workouts.",
                "Be smart about exercise.If you have osteoarthritis, chronic knee pain or recurring injuries, you may need to change the way you exercise. Consider switching to swimming, water aerobics or other low-impact activities — at least for a few days a week. Sometimes simply limiting high-impact activities will provide relief."
        ],
        "Prevention": [
                "Keep extra pounds off.Maintain a healthy weight; it's one of the best things you can do for your knees. Every extra pound puts additional strain on your joints, increasing the risk of injuries and osteoarthritis.",
                "Be in shape to play your sport.To prepare your muscles for the demands of sports participation, take time for conditioning.",
                "Practice perfectly.Make sure the technique and movement patterns you use in your sports or activity are the best they can be. Lessons from a professional can be very helpful.",
                "Get strong, stay flexible.Weak muscles are a leading cause of knee injuries. You'll benefit from building up your quadriceps and hamstrings, the muscles on the front and back of your thighs that help support your knees. Balance and stability training helps the muscles around your knees work together more effectively.And because tight muscles also can contribute to injury, stretching is important. Try to include flexibility exercises in your workouts.",
                "Be smart about exercise.If you have osteoarthritis, chronic knee pain or recurring injuries, you may need to change the way you exercise. Consider switching to swimming, water aerobics or other low-impact activities — at least for a few days a week. Sometimes simply limiting high-impact activities will provide relief."
        ]
}{
        "link": "https://www.mayoclinic.org/diseases-conditions/kyphosis/symptoms-causes/syc-20374205",
        "name": "Kyphosis",
        "Symptoms": [
                "Fractures.Broken vertebrae can result in curvature of the spine. Compression fractures, which can occur in weakened bone, are the most common. Mild compression fractures often don't produce noticeable signs or symptoms.",
                "Osteoporosis.Weak bones can cause spinal curvature, especially if weakened vertebrae develop compression fractures. Osteoporosis is most common in older women and people who have taken corticosteroids for long periods of time.",
                "Disk degeneration.Soft, circular disks act as cushions between spinal vertebrae. With age, these disks flatten and shrink, which often worsens kyphosis.",
                "Scheuermann's disease.Also called Scheuermann's kyphosis, this disease typically begins during the growth spurt that occurs before puberty.",
                "Other problems.Spinal bones that don't develop properly before birth can cause kyphosis. Kyphosis in children can also be associated with certain medical conditions, such as Ehlers-Danlos syndrome."
        ],
        "Causes": [
                "Fractures.Broken vertebrae can result in curvature of the spine. Compression fractures, which can occur in weakened bone, are the most common. Mild compression fractures often don't produce noticeable signs or symptoms.",
                "Osteoporosis.Weak bones can cause spinal curvature, especially if weakened vertebrae develop compression fractures. Osteoporosis is most common in older women and people who have taken corticosteroids for long periods of time.",
                "Disk degeneration.Soft, circular disks act as cushions between spinal vertebrae. With age, these disks flatten and shrink, which often worsens kyphosis.",
                "Scheuermann's disease.Also called Scheuermann's kyphosis, this disease typically begins during the growth spurt that occurs before puberty.",
                "Other problems.Spinal bones that don't develop properly before birth can cause kyphosis. Kyphosis in children can also be associated with certain medical conditions, such as Ehlers-Danlos syndrome."
        ],
        "Risk Factors": [
                "Excess weight.Being overweight or obese increases stress on your knee joints, even during ordinary activities such as walking or going up and down stairs. It also puts you at increased risk of osteoarthritis by accelerating the breakdown of joint cartilage.",
                "Lack of muscle flexibility or strength.A lack of strength and flexibility can increase the risk of knee injuries. Strong muscles help stabilize and protect your joints, and muscle flexibility can help you achieve full range of motion.",
                "Certain sports or occupations.Some sports put greater stress on your knees than do others. Alpine skiing with its rigid ski boots and potential for falls, basketball's jumps and pivots, and the repeated pounding your knees take when you run or jog all increase your risk of knee injury. Jobs that require repetitive stress on the knees such as construction or farming also can increase your risk.",
                "Previous injury.Having a previous knee injury makes it more likely that you'll injure your knee again."
        ],
        "Complications": [
                "Limited physical functions.Kyphosis is associated with weakened back muscles and difficulty doing tasks such as walking and getting out of chairs. The spinal curvature can also make it difficult to gaze upward or drive and can cause pain when you lie down.",
                "Digestive problems.Severe kyphosis can compress the digestive tract, causing problems such as acid reflux and difficulty with swallowing.",
                "Body image problems.People with kyphosis, especially adolescents, may have poor body image from having a rounded back."
        ],
        "Prevention": [
                "Keep extra pounds off.Maintain a healthy weight; it's one of the best things you can do for your knees. Every extra pound puts additional strain on your joints, increasing the risk of injuries and osteoarthritis.",
                "Be in shape to play your sport.To prepare your muscles for the demands of sports participation, take time for conditioning.",
                "Practice perfectly.Make sure the technique and movement patterns you use in your sports or activity are the best they can be. Lessons from a professional can be very helpful.",
                "Get strong, stay flexible.Weak muscles are a leading cause of knee injuries. You'll benefit from building up your quadriceps and hamstrings, the muscles on the front and back of your thighs that help support your knees. Balance and stability training helps the muscles around your knees work together more effectively.And because tight muscles also can contribute to injury, stretching is important. Try to include flexibility exercises in your workouts.",
                "Be smart about exercise.If you have osteoarthritis, chronic knee pain or recurring injuries, you may need to change the way you exercise. Consider switching to swimming, water aerobics or other low-impact activities — at least for a few days a week. Sometimes simply limiting high-impact activities will provide relief."
        ]
}