{
        "link": "https://www.mayoclinic.org/diseases-conditions/ulcerative-colitis/symptoms-causes/syc-20353326",
        "name": "Ulcerative colitis",
        "Symptoms": [
                "Diarrhea, often with blood or pus",
                "Rectal bleeding — passing small amount of blood with stool",
                "Abdominal pain and cramping",
                "Rectal pain",
                "Urgency to defecate",
                "Inability to defecate despite urgency",
                "Weight loss",
                "Fatigue",
                "Fever",
                "In children, failure to grow"
        ],
        "Causes": [
                "Age.Ulcerative colitis usually begins before the age of 30, but it can occur at any age. Some people may not develop the disease until after age 60.",
                "Race or ethnicity.Although white people have the highest risk of the disease, it can occur in any race. If you're of Ashkenazi Jewish descent, your risk is even higher.",
                "Family history.You're at higher risk if you have a close relative, such as a parent, sibling or child, with the disease."
        ],
        "Risk Factors": [
                "Age.Ulcerative colitis usually begins before the age of 30, but it can occur at any age. Some people may not develop the disease until after age 60.",
                "Race or ethnicity.Although white people have the highest risk of the disease, it can occur in any race. If you're of Ashkenazi Jewish descent, your risk is even higher.",
                "Family history.You're at higher risk if you have a close relative, such as a parent, sibling or child, with the disease."
        ],
        "Complications": [
                "Severe bleeding",
                "Severe dehydration",
                "A rapidly swelling colon, also called a toxic megacolon",
                "A hole in the colon, also called a perforated colon",
                "Increased risk of blood clots in veins and arteries",
                "Inflammation of the skin, joints and eyes",
                "An increased risk of colon cancer",
                "Bone loss, also called osteoporosis"
        ],
        "Prevention": ""
}{
        "link": "https://www.mayoclinic.org/diseases-conditions/ulnar-wrist-pain/symptoms-causes/syc-20355510",
        "name": "Ulnar wrist pain",
        "Symptoms": [
                "Diarrhea, often with blood or pus",
                "Rectal bleeding — passing small amount of blood with stool",
                "Abdominal pain and cramping",
                "Rectal pain",
                "Urgency to defecate",
                "Inability to defecate despite urgency",
                "Weight loss",
                "Fatigue",
                "Fever",
                "In children, failure to grow"
        ],
        "Causes": [
                "Ulnar wrist pain"
        ],
        "Risk Factors": [
                "Age.Ulcerative colitis usually begins before the age of 30, but it can occur at any age. Some people may not develop the disease until after age 60.",
                "Race or ethnicity.Although white people have the highest risk of the disease, it can occur in any race. If you're of Ashkenazi Jewish descent, your risk is even higher.",
                "Family history.You're at higher risk if you have a close relative, such as a parent, sibling or child, with the disease."
        ],
        "Complications": [
                "Severe bleeding",
                "Severe dehydration",
                "A rapidly swelling colon, also called a toxic megacolon",
                "A hole in the colon, also called a perforated colon",
                "Increased risk of blood clots in veins and arteries",
                "Inflammation of the skin, joints and eyes",
                "An increased risk of colon cancer",
                "Bone loss, also called osteoporosis"
        ],
        "Prevention": ""
}{
        "link": "https://www.mayoclinic.org/diseases-conditions/umbilical-hernia/symptoms-causes/syc-20378685",
        "name": "Umbilical hernia",
        "Symptoms": [
                "Appears to be in pain",
                "Begins to vomit",
                "Has tenderness, swelling or discoloration at the site of the hernia"
        ],
        "Causes": [
                "Obesity",
                "Multiple pregnancies",
                "Fluid in the abdominal cavity",
                "Previous abdominal surgery",
                "Long-term peritoneal dialysis to treat kidney failure"
        ],
        "Risk Factors": [
                "Policy",
                "Opportunities",
                "Ad Choices"
        ],
        "Complications": [
                "Policy",
                "Opportunities",
                "Ad Choices"
        ],
        "Prevention": ""
}{
        "link": "https://www.mayoclinic.org/diseases-conditions/undescended-testicle/symptoms-causes/syc-20351995",
        "name": "Undescended testicle",
        "Symptoms": [
                "A retractile testicle,which moves back and forth between the scrotum and the groin. The testicle might be easily guided by hand into the scrotum during a physical exam. A retractile testicle is due to a muscle reflex in the scrotum.",
                "An ascending testicle,which has returned to the groin. The testicle can't be easily guided by hand into the scrotum. Another name for this is an acquired undescended testicle."
        ],
        "Causes": [
                "Premature birth or low birth weight.",
                "Family history of undescended testicles.",
                "Health conditions in the baby, such as cerebral palsy or a problem with the wall of the abdomen.",
                "The mother having diabetes before or during pregnancy.",
                "Alcohol use during pregnancy.",
                "Smoking cigarettes or exposure to secondhand smoke during pregnancy.",
                "Exposure to some pesticides during pregnancy."
        ],
        "Risk Factors": [
                "Premature birth or low birth weight.",
                "Family history of undescended testicles.",
                "Health conditions in the baby, such as cerebral palsy or a problem with the wall of the abdomen.",
                "The mother having diabetes before or during pregnancy.",
                "Alcohol use during pregnancy.",
                "Smoking cigarettes or exposure to secondhand smoke during pregnancy.",
                "Exposure to some pesticides during pregnancy."
        ],
        "Complications": [
                "Testicular cancer.Men who've had an undescended testicle have a higher risk of testicular cancer. This disease often begins in testicle cells that make immature sperm. It's not clear why these cells turn into cancer.The risk is greater in men who've had undescended testicles located in the stomach area than in men who've had undescended testicles in the groin. The risk also is higher when both testicles are affected. Surgery to correct an undescended testicle might lower the risk of testicular cancer. But the cancer risk doesn't go away completely.",
                "Fertility problems.These problems make it harder to get a partner pregnant. They're more likely to happen in men who've had an undescended testicle. Fertility problems might be worse if an undescended testicle goes without treatment for a long time."
        ],
        "Prevention": ""
}{
        "link": "https://www.mayoclinic.org/diseases-conditions/undifferentiated-pleomorphic-sarcoma/symptoms-causes/syc-20389554",
        "name": "Undifferentiated pleomorphic sarcoma",
        "Symptoms": [
                "Growing lump or area of swelling.",
                "If it grows very large, there may be pain, tingling and numbness.",
                "If it occurs in an arm or leg, there may be swelling in the hand or foot of an affected limb.",
                "If it occurs in the abdomen, there may be pain, loss of appetite and constipation.",
                "Fever.",
                "Weight loss."
        ],
        "Causes": [
                "Older age.This cancer tends to occur in adults older than 50, though it can occur at any age.",
                "Previous radiation therapy.Rarely, this cancer can develop in an area of the body that was previously treated with radiation therapy."
        ],
        "Risk Factors": [
                "Older age.This cancer tends to occur in adults older than 50, though it can occur at any age.",
                "Previous radiation therapy.Rarely, this cancer can develop in an area of the body that was previously treated with radiation therapy."
        ],
        "Complications": [
                "Testicular cancer.Men who've had an undescended testicle have a higher risk of testicular cancer. This disease often begins in testicle cells that make immature sperm. It's not clear why these cells turn into cancer.The risk is greater in men who've had undescended testicles located in the stomach area than in men who've had undescended testicles in the groin. The risk also is higher when both testicles are affected. Surgery to correct an undescended testicle might lower the risk of testicular cancer. But the cancer risk doesn't go away completely.",
                "Fertility problems.These problems make it harder to get a partner pregnant. They're more likely to happen in men who've had an undescended testicle. Fertility problems might be worse if an undescended testicle goes without treatment for a long time."
        ],
        "Prevention": ""
}{
        "link": "https://www.mayoclinic.org/diseases-conditions/ureteral-cancer/symptoms-causes/syc-20360721",
        "name": "Ureteral cancer",
        "Symptoms": [
                "Blood in urine",
                "Back pain",
                "Pain when urinating",
                "Losing weight without trying",
                "Fatigue"
        ],
        "Causes": [
                "Increasing age.The risk of ureteral cancer increases with age. Most people diagnosed with this cancer are in their 70s and 80s.",
                "Previous bladder or kidney cancer.People who have been diagnosed with bladder cancer or kidney cancer have an increased risk of ureteral cancer.",
                "Smoking.Smoking tobacco increases the risk of ureteral cancer, as well as other urinary tract cancers, including kidney cancer and bladder cancer.",
                "Family history of cancer.Lynch syndrome, also called hereditary nonpolyposis colorectal cancer (HNPCC), increases the risk of colon cancer and other cancers, including ureteral cancer. If you have a strong family history of cancer, discuss it with your doctor. Together you may decide whether to consider genetic testing for Lynch syndrome and other inherited cancer syndromes."
        ],
        "Risk Factors": [
                "Increasing age.The risk of ureteral cancer increases with age. Most people diagnosed with this cancer are in their 70s and 80s.",
                "Previous bladder or kidney cancer.People who have been diagnosed with bladder cancer or kidney cancer have an increased risk of ureteral cancer.",
                "Smoking.Smoking tobacco increases the risk of ureteral cancer, as well as other urinary tract cancers, including kidney cancer and bladder cancer.",
                "Family history of cancer.Lynch syndrome, also called hereditary nonpolyposis colorectal cancer (HNPCC), increases the risk of colon cancer and other cancers, including ureteral cancer. If you have a strong family history of cancer, discuss it with your doctor. Together you may decide whether to consider genetic testing for Lynch syndrome and other inherited cancer syndromes."
        ],
        "Complications": [
                "Testicular cancer.Men who've had an undescended testicle have a higher risk of testicular cancer. This disease often begins in testicle cells that make immature sperm. It's not clear why these cells turn into cancer.The risk is greater in men who've had undescended testicles located in the stomach area than in men who've had undescended testicles in the groin. The risk also is higher when both testicles are affected. Surgery to correct an undescended testicle might lower the risk of testicular cancer. But the cancer risk doesn't go away completely.",
                "Fertility problems.These problems make it harder to get a partner pregnant. They're more likely to happen in men who've had an undescended testicle. Fertility problems might be worse if an undescended testicle goes without treatment for a long time."
        ],
        "Prevention": ""
}{
        "link": "https://www.mayoclinic.org/diseases-conditions/ureteral-obstruction/symptoms-causes/syc-20354676",
        "name": "Ureteral obstruction",
        "Symptoms": [
                "Pain.",
                "Changes in how much urine you produce (urine output).",
                "Difficulty urinating.",
                "Blood in the urine.",
                "Urinary tract infections.",
                "High blood pressure (hypertension)."
        ],
        "Causes": [
                "A second (duplicated) ureter.This common condition, which is congenital, causes two ureters to form on the same kidney. The second ureter can be fully or only partially developed. If either ureter doesn't work properly, urine can back up into the kidney and cause damage.",
                "A blockage (obstruction) where the ureter connects to the kidney or bladder.This prevents urine flow. A blockage where the ureter and kidney meet (ureteropelvic junction) may cause the kidney to swell and eventually stop working. This condition can be congenital or can develop with typical childhood growth, result from an injury or scarring, or in rare cases, develop from a tumor. A blockage where the ureter and bladder meet (ureterovesical junction) may cause urine to back up into the kidneys.",
                "Ureterocele.If a ureter is too narrow and doesn't allow urine to flow completely, a tiny bulge in the ureter (ureterocele) may develop. When a ureterocele develops, it's usually in the section of the ureter closest to the bladder. This can block urine flow and cause urine to back up into the kidney, possibly leading to kidney damage.",
                "Retroperitoneal fibrosis.This rare disorder occurs when fibrous tissue grows in the area behind the abdomen. The fibers may grow as the result of cancer tumors or from taking certain medicines used to treat migraines. The fibers encircle and block the ureters, causing urine to back up into the kidneys."
        ],
        "Risk Factors": [
                "Duplicated ureter and ureterocele"
        ],
        "Complications": [
                "Duplicated ureter and ureterocele"
        ],
        "Prevention": ""
}{
        "link": "https://www.mayoclinic.org/diseases-conditions/urethral-stricture/symptoms-causes/syc-20362330",
        "name": "Urethral stricture",
        "Symptoms": [
                "Weak urine stream.",
                "Bladder not emptying all the way.",
                "Spraying urine.",
                "Finding it hard or painful to pass urine.",
                "Passing urine more often or feeling the need to pass urine more often.",
                "Urinary tract infection."
        ],
        "Causes": [
                "A medical procedure that involves putting a tool, such as an endoscope, into the urethra.",
                "A tube that's put into the urethra to drain the bladder, called a catheter.",
                "Trauma or injury to the urethra or pelvis.",
                "An enlarged prostate or having had surgery to remove or reduce an enlarged prostate gland.",
                "Cancer of the urethra or prostate.",
                "Sexually transmitted infections.",
                "Radiation therapy.",
                "A skin condition that causes patchy, discolored, thin skin that often affects the genital area, called lichen sclerosus."
        ],
        "Risk Factors": [
                "Duplicated ureter and ureterocele"
        ],
        "Complications": [
                "Duplicated ureter and ureterocele"
        ],
        "Prevention": ""
}{
        "link": "https://www.mayoclinic.org/diseases-conditions/urinary-incontinence/symptoms-causes/syc-20352808",
        "name": "Urinary incontinence",
        "Symptoms": [
                "Stress incontinence.Urine leaks when you exert pressure on your bladder by coughing, sneezing, laughing, exercising or lifting something heavy.",
                "Urge incontinence.You have a sudden, intense urge to urinate followed by an involuntary loss of urine. You may need to urinate often, including throughout the night. Urge incontinence may be caused by a minor condition, such as infection, or a more severe condition such as a neurological disorder or diabetes.",
                "Overflow incontinence.You experience frequent or constant dribbling of urine due to a bladder that doesn't empty completely.",
                "Functional incontinence.A physical or mental impairment keeps you from making it to the toilet in time. For example, if you have severe arthritis, you may not be able to unbutton your pants quickly enough.",
                "Mixed incontinence.You experience more than one type of urinary incontinence — most often this refers to a combination of stress incontinence and urge incontinence."
        ],
        "Causes": [
                "Alcohol",
                "Caffeine",
                "Carbonated drinks and sparkling water",
                "Artificial sweeteners",
                "Chocolate",
                "Chili peppers",
                "Foods that are high in spice, sugar or acid, especially citrus fruits",
                "Heart and blood pressure medications, sedatives, and muscle relaxants",
                "Large doses of vitamin C"
        ],
        "Risk Factors": [
                "Gender.Women are more likely to have stress incontinence. Pregnancy, childbirth, menopause and normal female anatomy account for this difference. However, men who have prostate gland problems are at increased risk of urge and overflow incontinence.",
                "Age.As you get older, the muscles in your bladder and urethra lose some of their strength. Changes with age reduce how much your bladder can hold and increase the chances of involuntary urine release.",
                "Being overweight.Extra weight increases pressure on your bladder and surrounding muscles, which weakens them and allows urine to leak out when you cough or sneeze.",
                "Smoking.Tobacco use may increase your risk of urinary incontinence.",
                "Family history.If a close family member has urinary incontinence, especially urge incontinence, your risk of developing the condition is higher.",
                "Some diseases.Neurological disease or diabetes may increase your risk of incontinence."
        ],
        "Complications": [
                "Skin problems.Rashes, skin infections and sores can develop from constantly wet skin.",
                "Urinary tract infections.Incontinence increases your risk of repeated urinary tract infections.",
                "Impacts on your personal life.Urinary incontinence can affect your social, work and personal relationships."
        ],
        "Prevention": [
                "Maintain a healthy weight",
                "Practice pelvic floor exercises",
                "Avoid bladder irritants, such as caffeine, alcohol and acidic foods",
                "Eat more fiber, which can prevent constipation, a cause of urinary incontinence",
                "Don't smoke, or seek help to quit if you're a smoker"
        ]
}{
        "link": "https://www.mayoclinic.org/diseases-conditions/urinary-tract-infection/symptoms-causes/syc-20353447",
        "name": "Urinary tract infection (UTI)",
        "Symptoms": [
                "A strong urge to urinate that doesn't go away",
                "A burning feeling when urinating",
                "Urinating often, and passing small amounts of urine",
                "Urine that looks cloudy",
                "Urine that appears red, bright pink or cola-colored — signs of blood in the urine",
                "Strong-smelling urine",
                "Pelvic pain, in women — especially in the center of the pelvis and around the area of the pubic bone"
        ],
        "Causes": [
                "Infection of the bladder.This type ofUTIis usually caused by Escherichia coli (E. coli).E. coliis a type of bacteria commonly found in the gastrointestinal (GI) tract. But sometimes other bacteria are the cause.Having sex also may lead to a bladder infection, but you don't have to be sexually active to develop one. All women are at risk of bladder infections because of their anatomy. In women, the urethra is close to the anus. And the urethral opening is close to the bladder. This makes it easier for bacteria around the anus to enter the urethra and to travel to the bladder.",
                "Infection of the urethra.This type ofUTIcan happen whenGIbacteria spread from the anus to the urethra. An infection of the urethra can also be caused by sexually transmitted infections. They include herpes, gonorrhea, chlamydia and mycoplasma. This can happen because women's urethras are close to the vagina."
        ],
        "Risk Factors": [
                "Female anatomy.Women have a shorter urethra than men do. As a result, there's less distance for bacteria to travel to reach the bladder.",
                "Sexual activity.Being sexually active tends to lead to moreUTIs. Having a new sexual partner also increases risk.",
                "Certain types of birth control.Using diaphragms for birth control may increase the risk ofUTIs. Using spermicidal agents also can increase risk.",
                "Menopause.After menopause, a decline in circulating estrogen causes changes in the urinary tract. The changes can increase the risk ofUTIs."
        ],
        "Complications": [
                "Repeated infections, which means you have two or moreUTIs within six months or three or more within a year. Women are especially prone to having repeated infections.",
                "Permanent kidney damage from a kidney infection due to an untreatedUTI.",
                "Delivering a low birth weight or premature infant when aUTIoccurs during pregnancy.",
                "A narrowed urethra in men from having repeated infections of the urethra.",
                "Sepsis, a potentially life-threatening complication of an infection. This is a risk especially if the infection travels up the urinary tract to the kidneys."
        ],
        "Prevention": [
                "Drink plenty of liquids, especially water.Drinking water helps dilute the urine. That leads to urinating more often — allowing bacteria to be flushed from the urinary tract before an infection can begin.",
                "Try cranberry juice.Studies that look into whether cranberry juice preventsUTIs aren't final. However, drinking cranberry juice is likely not harmful.",
                "Wipe from front to back.Do this after urinating and after a bowel movement. It helps prevent the spread of bacteria from the anus to the vagina and urethra.",
                "Empty your bladder soon after having sex.Also drink a full glass of water to help flush bacteria.",
                "Avoid potentially irritating feminine products.Using them in the genital area can irritate the urethra. These products include deodorant sprays, douches and powders.",
                "Change your birth control method.Diaphragms, unlubricated condoms or condoms treated with spermicide can contribute to bacterial growth."
        ]
}{
        "link": "https://www.mayoclinic.org/diseases-conditions/urine-color/symptoms-causes/syc-20367333",
        "name": "Urine color",
        "Symptoms": [
                "Red.",
                "Blue.",
                "Green.",
                "Orange.",
                "Dark brown.",
                "Cloudy white."
        ],
        "Causes": [
                "Blood.Health problems that can cause blood in the urine include an enlarged prostate, tumors that aren't cancer, and kidney stones and cysts. Some cancers can cause blood in urine too. Hard exercise, such as long-distance running, also can cause this bleeding.",
                "Foods.Beets, blackberries and rhubarb can turn urine red or pink.",
                "Medicines.A tuberculosis medicine called rifampin (Rifadin, Rimactane) can turn urine reddish-orange. So can a medicine for urinary tract pain called phenazopyridine (Pyridium). Constipation drugs that contain the medicine senna also can bring on this color change."
        ],
        "Risk Factors": [
                "Age.Tumors of the bladder and kidney, which can cause blood in the urine, are more common in older people. Men older than 50 sometimes have blood in the urine due to an enlarged prostate gland.",
                "Family history.If any of your blood relatives, such as a parent, sibling or grandparent, have kidney disease or kidney stones, you're more likely to get them too. Both kidney disease and kidney stones can cause blood in the urine.",
                "Hard exercise.Distance runners are most at risk. But anyone who exercises hard can have blood in the urine."
        ],
        "Complications": [
                "Repeated infections, which means you have two or moreUTIs within six months or three or more within a year. Women are especially prone to having repeated infections.",
                "Permanent kidney damage from a kidney infection due to an untreatedUTI.",
                "Delivering a low birth weight or premature infant when aUTIoccurs during pregnancy.",
                "A narrowed urethra in men from having repeated infections of the urethra.",
                "Sepsis, a potentially life-threatening complication of an infection. This is a risk especially if the infection travels up the urinary tract to the kidneys."
        ],
        "Prevention": [
                "Drink plenty of liquids, especially water.Drinking water helps dilute the urine. That leads to urinating more often — allowing bacteria to be flushed from the urinary tract before an infection can begin.",
                "Try cranberry juice.Studies that look into whether cranberry juice preventsUTIs aren't final. However, drinking cranberry juice is likely not harmful.",
                "Wipe from front to back.Do this after urinating and after a bowel movement. It helps prevent the spread of bacteria from the anus to the vagina and urethra.",
                "Empty your bladder soon after having sex.Also drink a full glass of water to help flush bacteria.",
                "Avoid potentially irritating feminine products.Using them in the genital area can irritate the urethra. These products include deodorant sprays, douches and powders.",
                "Change your birth control method.Diaphragms, unlubricated condoms or condoms treated with spermicide can contribute to bacterial growth."
        ]
}{
        "link": "https://www.mayoclinic.org/diseases-conditions/uterine-fibroids/symptoms-causes/syc-20354288",
        "name": "Uterine fibroids",
        "Symptoms": [
                "Heavy menstrual bleeding or painful periods.",
                "Longer or more frequent periods.",
                "Pelvic pressure or pain.",
                "Frequent urination or trouble urinating.",
                "Growing stomach area.",
                "Constipation.",
                "Pain in the stomach area or lower back, or pain during sex."
        ],
        "Causes": [
                "Gene changes.Many fibroids contain changes in genes that differ from those in typical uterine muscle cells.",
                "Hormones.Two hormones called estrogen and progesterone cause the tissue the lines the inside of the uterus to thicken during each menstrual cycle to prepare for pregnancy. These hormones also seem to help fibroids grow.Fibroids contain more cells that estrogen and progesterone bind to than do typical uterine muscle cells. Fibroids tend to shrink after menopause due to a drop in hormone levels.",
                "Other growth factors.Substances that help the body maintain tissues, such as insulin-like growth factor, may affect fibroid growth.",
                "Extracellular matrix (ECM).This material makes cells stick together, like mortar between bricks.ECMis increased in fibroids and makes them fibrous.ECMalso stores growth factors and causes biologic changes in the cells themselves."
        ],
        "Risk Factors": [
                "Race.All people of reproductive age who were born female could develop fibroids. But Black people are more likely to have fibroids than are people of other racial groups. Black people have fibroids at younger ages than do white people. They're also likely to have more or larger fibroids, along with worse symptoms, than do white people.",
                "Family history.If your mother or sister had fibroids, you're at higher risk of getting them.",
                "Other factors.Starting your period before the age of 10; obesity; being low on vitamin D; having a diet higher in red meat and lower in green vegetables, fruit and dairy; and drinking alcohol, including beer, seem to raise your risk of getting fibroids."
        ],
        "Complications": [
                "Placental abruption, when the organ that brings oxygen and nutrients to the baby, called the placenta, separates from the inner wall of the uterus.",
                "Fetal growth restriction, when an unborn baby doesn't grow as well as expected.",
                "Preterm delivery, when a baby is born too early, before the 37th week of pregnancy."
        ],
        "Prevention": [
                "Fibroid locations",
                "Focused ultrasound surgery",
                "Hysterosalpingography",
                "Hysteroscopy",
                "Hysterosonography",
                "Laparoscopic radiofrequency ablation",
                "Uterine fibriods FAQs",
                "What are uterine fibroids? A Mayo Clinic expert explains"
        ]
}{
        "link": "https://www.mayoclinic.org/diseases-conditions/uterine-polyps/symptoms-causes/syc-20378709",
        "name": "Uterine polyps",
        "Symptoms": [
                "Vaginal bleeding after menopause.",
                "Bleeding between periods.",
                "Frequent, unpredictable periods whose lengths and heaviness vary.",
                "Very heavy periods.",
                "Infertility."
        ],
        "Causes": [
                "Being perimenopausal or postmenopausal.",
                "Being obese.",
                "Taking tamoxifen, a drug therapy for breast cancer.",
                "Taking hormone therapy for menopause symptoms."
        ],
        "Risk Factors": [
                "Being perimenopausal or postmenopausal.",
                "Being obese.",
                "Taking tamoxifen, a drug therapy for breast cancer.",
                "Taking hormone therapy for menopause symptoms."
        ],
        "Complications": [
                "Uterine polyps"
        ],
        "Prevention": [
                "Fibroid locations",
                "Focused ultrasound surgery",
                "Hysterosalpingography",
                "Hysteroscopy",
                "Hysterosonography",
                "Laparoscopic radiofrequency ablation",
                "Uterine fibriods FAQs",
                "What are uterine fibroids? A Mayo Clinic expert explains"
        ]
}{
        "link": "https://www.mayoclinic.org/diseases-conditions/uterine-prolapse/symptoms-causes/syc-20353458",
        "name": "Uterine prolapse",
        "Symptoms": [
                "Seeing or feeling tissue bulge out of the vagina",
                "Feeling heaviness or pulling in the pelvis",
                "Feeling like the bladder doesn't empty all the way when you use the bathroom",
                "Problems with leaking urine, also called incontinence",
                "Trouble having a bowel movement and needing to press the vagina with your fingers to help have a bowel movement",
                "Feeling as if you're sitting on a small ball",
                "Feeling as if you have vaginal tissue rubbing on clothing",
                "Pressure or discomfort in the pelvis or low back",
                "Sexual concerns, such as feeling as though the vaginal tissue is loose"
        ],
        "Causes": [
                "Vaginal delivery",
                "Age at first delivery (older women are at higher risk of pelvic floor injuries compared with younger women)",
                "Difficult labor and delivery or trauma during childbirth",
                "Delivery of a large baby",
                "Being overweight",
                "Lower estrogen level after menopause",
                "Chronic constipation or straining with bowel movements",
                "Chronic cough or bronchitis",
                "Repeated heavy lifting"
        ],
        "Risk Factors": [
                "Having one or more vaginal births",
                "Being older when you have your first baby",
                "Giving birth to a large baby",
                "Aging",
                "Obesity",
                "Prior pelvic surgery",
                "Chronic constipation or often straining during bowel movements",
                "Family history of weak connective tissue",
                "Being Hispanic or white",
                "Chronic coughing, such as from smoking"
        ],
        "Complications": [
                "Anterior prolapse.Anterior prolapse results from weak connective tissue between the bladder and roof of the vagina. It can cause the bladder to bulge into the vagina. This is called a cystocele or prolapsed bladder.",
                "Posterior vaginal prolapse.Weak connective tissue between the rectum and the floor of the vagina can cause the rectum to bulge into the vagina. This might cause difficulty with bowel movements. Posterior vaginal prolapse is also called a rectocele."
        ],
        "Prevention": [
                "Prevent constipation.Drink plenty of fluids and eat high-fiber foods, such as fruits, vegetables, beans and whole-grains.",
                "Avoid heavy lifting.If you have to lift something heavy, do it correctly. Correct lifting uses the legs instead of the waist or back.",
                "Control coughing.Get treatment for a chronic cough or bronchitis. Don't smoke.",
                "Avoid weight gain.Talk with your doctor about your ideal weight and get advice on how to lose weight, if you need to."
        ]
}{
        "link": "https://www.mayoclinic.org/diseases-conditions/uveitis/symptoms-causes/syc-20378734",
        "name": "Uveitis",
        "Symptoms": [
                "Eye redness.",
                "Eye pain.",
                "Light sensitivity.",
                "Blurred vision.",
                "Dark, floating spots in your field of vision (floaters).",
                "Decreased vision."
        ],
        "Causes": [
                "An autoimmune or inflammatory disorder that affects other parts of the body, such as sarcoidosis, systemic lupus erythematosus or Crohn's disease.",
                "Ankylosing spondylitis, a type of inflammatory disease that can cause some of the bones in the spine to fuse, leading to back pain. Uveitis is one of the most common complications of ankylosing spondylitis.",
                "An infection, such as cat-scratch disease, herpes zoster, syphilis, toxoplasmosis or tuberculosis.",
                "Medication side effect.",
                "Eye injury or surgery.",
                "Very rarely, a cancer that affects the eye, such as lymphoma."
        ],
        "Risk Factors": [
                "Retinal swelling (macular edema).",
                "Retinal scarring.",
                "Glaucoma.",
                "Cataracts.",
                "Optic nerve damage.",
                "Retinal detachment.",
                "Permanent vision loss."
        ],
        "Complications": [
                "Retinal swelling (macular edema).",
                "Retinal scarring.",
                "Glaucoma.",
                "Cataracts.",
                "Optic nerve damage.",
                "Retinal detachment.",
                "Permanent vision loss."
        ],
        "Prevention": [
                "Prevent constipation.Drink plenty of fluids and eat high-fiber foods, such as fruits, vegetables, beans and whole-grains.",
                "Avoid heavy lifting.If you have to lift something heavy, do it correctly. Correct lifting uses the legs instead of the waist or back.",
                "Control coughing.Get treatment for a chronic cough or bronchitis. Don't smoke.",
                "Avoid weight gain.Talk with your doctor about your ideal weight and get advice on how to lose weight, if you need to."
        ]
}