{
        {
        "link": "https://www.mayoclinic.org/diseases-conditions/waldenstrom-macroglobulinemia/symptoms-causes/syc-20359967",
        "name": "Waldenstrom macroglobulinemia",
        "Symptoms": [
                "Fatigue.",
                "Fever.",
                "Weight loss.",
                "Night sweats.",
                "Numbness in the hands or feet.",
                "Swollen lymph nodes.",
                "A feeling of pain or fullness under the ribs on your left side, which may be caused by an enlarged spleen.",
                "Easy bruising.",
                "Bleeding nose or gums.",
                "Headache.",
                "Shortness of breath.",
                "Changes in vision.",
                "Confusion."
        ],
        "Causes": [
                "Being older.Waldenstrom macroglobulinemia can occur at any age, but it's most often found in adults 70 and older.",
                "Being male.Males are more likely to have Waldenstrom macroglobulinemia.",
                "Being white.White people are more likely to develop the disease, compared with people of other races.",
                "Having a family history of lymphoma.Having a relative who has Waldenstrom macroglobulinemia or another type of B-cell lymphoma might increase your risk."
        ],
        "Risk Factors": [
                "Being older.Waldenstrom macroglobulinemia can occur at any age, but it's most often found in adults 70 and older.",
                "Being male.Males are more likely to have Waldenstrom macroglobulinemia.",
                "Being white.White people are more likely to develop the disease, compared with people of other races.",
                "Having a family history of lymphoma.Having a relative who has Waldenstrom macroglobulinemia or another type of B-cell lymphoma might increase your risk."
        ],
        "Complications": "",
        "Prevention": ""
},{
        "link": "https://www.mayoclinic.org/diseases-conditions/wet-macular-degeneration/symptoms-causes/syc-20351107",
        "name": "Wet macular degeneration",
        "Symptoms": [
                "Visual distortions, such as straight lines seeming bent.",
                "Reduced central vision in one or both eyes.",
                "The need for brighter light when reading or doing close-up work.",
                "Difficulty adjusting to low light levels, such as when entering a dimly lit restaurant or theater.",
                "Increased blurriness of printed words.",
                "Difficulty recognizing faces.",
                "A well-defined blurry spot or blind spot in the field of vision."
        ],
        "Causes": [
                "Vision loss caused by irregular blood vessel growth.Sometimes irregular new blood vessels grow from the choroid under and into the macula. This is known as choroidal neovascularization. The choroid is the layer of blood vessels between the retina and the outer, firm coat of the eye, called the sclera. These blood vessels may leak fluid or blood, affecting the retina's function.",
                "Vision loss caused by fluid buildup in the back of the eye.When fluid leaks from the choroid, it can collect between the thin cell layer called the retinal pigment epithelium and the retina or within the layers of the retina. This may cause irregularities in the macula layers, resulting in vision loss or distortion."
        ],
        "Risk Factors": [
                "Age.This disease is most common in people over 55.",
                "Family history and genetics.This disease has a genetic component. Researchers have identified several genes linked to the condition.",
                "Race.Macular degeneration is more common in white people.",
                "Smoking.Smoking cigarettes or being regularly exposed to tobacco smoke greatly increases your risk of macular degeneration.",
                "Obesity.Research indicates that being obese increases the chance that early or intermediate macular degeneration will progress to a more severe form of the disease.",
                "Cardiovascular disease.If you have diseases that affect your heart and blood vessels, you may be at higher risk of macular degeneration."
        ],
        "Complications": [
                "Manage all other medical conditions.For example, if you have cardiovascular disease or high blood pressure, take your medicine and follow your health care provider's instructions for controlling the condition.",
                "Don't smoke.Smokers are more likely to develop macular degeneration than nonsmokers. Ask your provider for help stopping smoking.",
                "Maintain a healthy weight and exercise regularly.If you need to lose weight, reduce the number of calories you eat and increase the amount of exercise you get each day.",
                "Choose a diet rich in fruits and vegetables.These foods contain antioxidant vitamins that reduce your risk of developing macular degeneration.",
                "Include fish in your diet.Omega-3 fatty acids, which are found in fish, may reduce the risk of macular degeneration. Nuts such as walnuts also contain omega-3 fatty acids."
        ],
        "Prevention": [
                "Manage all other medical conditions.For example, if you have cardiovascular disease or high blood pressure, take your medicine and follow your health care provider's instructions for controlling the condition.",
                "Don't smoke.Smokers are more likely to develop macular degeneration than nonsmokers. Ask your provider for help stopping smoking.",
                "Maintain a healthy weight and exercise regularly.If you need to lose weight, reduce the number of calories you eat and increase the amount of exercise you get each day.",
                "Choose a diet rich in fruits and vegetables.These foods contain antioxidant vitamins that reduce your risk of developing macular degeneration.",
                "Include fish in your diet.Omega-3 fatty acids, which are found in fish, may reduce the risk of macular degeneration. Nuts such as walnuts also contain omega-3 fatty acids."
        ]
},{
        "link": "https://www.mayoclinic.org/diseases-conditions/wheat-allergy/symptoms-causes/syc-20378897",
        "name": "Wheat allergy",
        "Symptoms": [
                "Swelling, itching or irritation of the mouth or throat",
                "Hives, itchy rash or swelling of the skin",
                "Nasal congestion",
                "Headache",
                "Difficulty breathing",
                "Cramps, nausea or vomiting",
                "Diarrhea",
                "Anaphylaxis"
        ],
        "Causes": [
                "Breads and bread crumbs",
                "Cakes, muffins and cookies",
                "Breakfast cereals",
                "Pasta",
                "Couscous",
                "Farina",
                "Semolina",
                "Spelt",
                "Crackers",
                "Hydrolyzed vegetable protein",
                "Soy sauce",
                "Meat products, such as hot dogs",
                "Dairy products, such as ice cream",
                "Natural flavorings",
                "Gelatinized starch",
                "Modified food starch",
                "Vegetable gum"
        ],
        "Risk Factors": [
                "Family history.You're at increased risk of allergy to wheat or other foods if your parents have food allergies or other allergies, such as asthma.",
                "Age.Wheat allergy is most common in babies and toddlers, who have immature immune and digestive systems. Most children outgrow wheat allergy by 16, but adults can develop it, often as a cross-sensitivity to grass pollen."
        ],
        "Complications": [
                "Manage all other medical conditions.For example, if you have cardiovascular disease or high blood pressure, take your medicine and follow your health care provider's instructions for controlling the condition.",
                "Don't smoke.Smokers are more likely to develop macular degeneration than nonsmokers. Ask your provider for help stopping smoking.",
                "Maintain a healthy weight and exercise regularly.If you need to lose weight, reduce the number of calories you eat and increase the amount of exercise you get each day.",
                "Choose a diet rich in fruits and vegetables.These foods contain antioxidant vitamins that reduce your risk of developing macular degeneration.",
                "Include fish in your diet.Omega-3 fatty acids, which are found in fish, may reduce the risk of macular degeneration. Nuts such as walnuts also contain omega-3 fatty acids."
        ],
        "Prevention": [
                "Manage all other medical conditions.For example, if you have cardiovascular disease or high blood pressure, take your medicine and follow your health care provider's instructions for controlling the condition.",
                "Don't smoke.Smokers are more likely to develop macular degeneration than nonsmokers. Ask your provider for help stopping smoking.",
                "Maintain a healthy weight and exercise regularly.If you need to lose weight, reduce the number of calories you eat and increase the amount of exercise you get each day.",
                "Choose a diet rich in fruits and vegetables.These foods contain antioxidant vitamins that reduce your risk of developing macular degeneration.",
                "Include fish in your diet.Omega-3 fatty acids, which are found in fish, may reduce the risk of macular degeneration. Nuts such as walnuts also contain omega-3 fatty acids."
        ]
},{
        "link": "https://www.mayoclinic.org/diseases-conditions/whiplash/symptoms-causes/syc-20378921",
        "name": "Whiplash",
        "Symptoms": [
                "Neck pain and stiffness.",
                "Pain that gets worse with neck movement.",
                "Loss of range of motion in the neck.",
                "Headaches, most often starting at the base of the skull.",
                "Tenderness or pain in the shoulder, upper back or arms.",
                "Tingling or numbness in the arms.",
                "Tiredness.",
                "Dizziness."
        ],
        "Causes": [
                "Rear-end car crash.This is the most common risk factor for getting whiplash.",
                "Physical abuse or assault.Whiplash can occur if you are punched or shaken. It's one of the injuries seen in shaken baby syndrome.",
                "Contact sports.Football tackles and other sports-related contact hits sometimes can cause whiplash."
        ],
        "Risk Factors": [
                "Rear-end car crash.This is the most common risk factor for getting whiplash.",
                "Physical abuse or assault.Whiplash can occur if you are punched or shaken. It's one of the injuries seen in shaken baby syndrome.",
                "Contact sports.Football tackles and other sports-related contact hits sometimes can cause whiplash."
        ],
        "Complications": [
                "Severe neck pain.",
                "More-limited range of motion.",
                "Pain that spread to the arms."
        ],
        "Prevention": [
                "Manage all other medical conditions.For example, if you have cardiovascular disease or high blood pressure, take your medicine and follow your health care provider's instructions for controlling the condition.",
                "Don't smoke.Smokers are more likely to develop macular degeneration than nonsmokers. Ask your provider for help stopping smoking.",
                "Maintain a healthy weight and exercise regularly.If you need to lose weight, reduce the number of calories you eat and increase the amount of exercise you get each day.",
                "Choose a diet rich in fruits and vegetables.These foods contain antioxidant vitamins that reduce your risk of developing macular degeneration.",
                "Include fish in your diet.Omega-3 fatty acids, which are found in fish, may reduce the risk of macular degeneration. Nuts such as walnuts also contain omega-3 fatty acids."
        ]
},{
        "link": "https://www.mayoclinic.org/diseases-conditions/whipples-disease/symptoms-causes/syc-20378946",
        "name": "Whipple's disease",
        "Symptoms": [
                "Diarrhea",
                "Stomach cramping and pain, which may worsen after meals",
                "Weight loss, associated with the malabsorption of nutrients"
        ],
        "Causes": [
                "Men ages 40 to 60",
                "White people in North America and Europe",
                "Farmers and other people who work outdoors and have frequent contact with sewage and wastewater"
        ],
        "Risk Factors": [
                "Men ages 40 to 60",
                "White people in North America and Europe",
                "Farmers and other people who work outdoors and have frequent contact with sewage and wastewater"
        ],
        "Complications": [
                "A Book: Mayo Clinic Family Health Book, 5th Edition",
                "Newsletter: Mayo Clinic Health Letter — Digital Edition"
        ],
        "Prevention": [
                "Manage all other medical conditions.For example, if you have cardiovascular disease or high blood pressure, take your medicine and follow your health care provider's instructions for controlling the condition.",
                "Don't smoke.Smokers are more likely to develop macular degeneration than nonsmokers. Ask your provider for help stopping smoking.",
                "Maintain a healthy weight and exercise regularly.If you need to lose weight, reduce the number of calories you eat and increase the amount of exercise you get each day.",
                "Choose a diet rich in fruits and vegetables.These foods contain antioxidant vitamins that reduce your risk of developing macular degeneration.",
                "Include fish in your diet.Omega-3 fatty acids, which are found in fish, may reduce the risk of macular degeneration. Nuts such as walnuts also contain omega-3 fatty acids."
        ]
},{
        "link": "https://www.mayoclinic.org/diseases-conditions/whooping-cough/symptoms-causes/syc-20378973",
        "name": "Whooping cough",
        "Symptoms": [
                "Runny nose",
                "Nasal congestion",
                "Red, watery eyes",
                "Fever",
                "Cough"
        ],
        "Causes": [
                "Bruised or cracked ribs",
                "Abdominal hernias",
                "Broken blood vessels in the skin or the whites of your eyes"
        ],
        "Risk Factors": [
                "Bruised or cracked ribs",
                "Abdominal hernias",
                "Broken blood vessels in the skin or the whites of your eyes"
        ],
        "Complications": [
                "Bruised or cracked ribs",
                "Abdominal hernias",
                "Broken blood vessels in the skin or the whites of your eyes"
        ],
        "Prevention": [
                "2 months",
                "4 months",
                "6 months",
                "15 to 18 months",
                "4 to 6 years"
        ]
},{
        "link": "https://www.mayoclinic.org/diseases-conditions/wilms-tumor/symptoms-causes/syc-20352655",
        "name": "Wilms tumor",
        "Symptoms": [
                "A mass in the stomach area that can be felt.",
                "Swelling in the stomach area.",
                "Pain in the stomach area."
        ],
        "Causes": [
                "Being Black.In North America and Europe, Black children have a slightly higher risk of getting Wilms tumor than do children of other races. Asian-American children appear to have a lower risk than children of other races.",
                "Having a family history of Wilms tumor.Having someone in the family who's had Wilms tumor increases the risk of getting the disease."
        ],
        "Risk Factors": [
                "Being Black.In North America and Europe, Black children have a slightly higher risk of getting Wilms tumor than do children of other races. Asian-American children appear to have a lower risk than children of other races.",
                "Having a family history of Wilms tumor.Having someone in the family who's had Wilms tumor increases the risk of getting the disease."
        ],
        "Complications": [
                "Bruised or cracked ribs",
                "Abdominal hernias",
                "Broken blood vessels in the skin or the whites of your eyes"
        ],
        "Prevention": [
                "Wilms tumor"
        ]
},{
        "link": "https://www.mayoclinic.org/diseases-conditions/wilsons-disease/symptoms-causes/syc-20353251",
        "name": "Wilson's disease",
        "Symptoms": [
                "Tiredness and loss of appetite.",
                "A yellowing of the skin and the whites of the eye, known as jaundice.",
                "Golden-brown or copper-colored rings around the irises of the eyes, known as Kayser-Fleischer rings.",
                "Fluid buildup in the legs or stomach area.",
                "Problems with speech, swallowing or physical coordination.",
                "Depression, mood changes and personality changes.",
                "Having a hard time falling asleep and staying asleep.",
                "Uncontrolled movements or muscle stiffness."
        ],
        "Causes": [
                "Scarring of the liver, also known as cirrhosis.As liver cells try to repair damage due to high copper levels, scar tissue forms in the liver. This makes it harder for the liver to work.",
                "Liver failure.This can occur suddenly — what's known as acute liver failure or decompensated Wilson's disease. It also can come about slowly over years. A liver transplant might be a treatment option.",
                "Lasting nervous system issues.Tremors, involuntary muscle movements, clumsy walking and having a hard time speaking usually improve with treatment for Wilson's disease. But some people have lasting nervous system problems, even with treatment.",
                "Kidney problems.Wilson's disease can damage the kidneys, leading to issues such as kidney stones and an unusual number of amino acids removed in the urine.",
                "Mental health issues.These might include personality changes, depression, irritability, bipolar disorder or psychosis.",
                "Blood problems.These might include the destruction of red blood cells — what's known as hemolysis. This leads to anemia and jaundice."
        ],
        "Risk Factors": [
                "Scarring of the liver, also known as cirrhosis.As liver cells try to repair damage due to high copper levels, scar tissue forms in the liver. This makes it harder for the liver to work.",
                "Liver failure.This can occur suddenly — what's known as acute liver failure or decompensated Wilson's disease. It also can come about slowly over years. A liver transplant might be a treatment option.",
                "Lasting nervous system issues.Tremors, involuntary muscle movements, clumsy walking and having a hard time speaking usually improve with treatment for Wilson's disease. But some people have lasting nervous system problems, even with treatment.",
                "Kidney problems.Wilson's disease can damage the kidneys, leading to issues such as kidney stones and an unusual number of amino acids removed in the urine.",
                "Mental health issues.These might include personality changes, depression, irritability, bipolar disorder or psychosis.",
                "Blood problems.These might include the destruction of red blood cells — what's known as hemolysis. This leads to anemia and jaundice."
        ],
        "Complications": [
                "Scarring of the liver, also known as cirrhosis.As liver cells try to repair damage due to high copper levels, scar tissue forms in the liver. This makes it harder for the liver to work.",
                "Liver failure.This can occur suddenly — what's known as acute liver failure or decompensated Wilson's disease. It also can come about slowly over years. A liver transplant might be a treatment option.",
                "Lasting nervous system issues.Tremors, involuntary muscle movements, clumsy walking and having a hard time speaking usually improve with treatment for Wilson's disease. But some people have lasting nervous system problems, even with treatment.",
                "Kidney problems.Wilson's disease can damage the kidneys, leading to issues such as kidney stones and an unusual number of amino acids removed in the urine.",
                "Mental health issues.These might include personality changes, depression, irritability, bipolar disorder or psychosis.",
                "Blood problems.These might include the destruction of red blood cells — what's known as hemolysis. This leads to anemia and jaundice."
        ],
        "Prevention": [
                "Wilms tumor"
        ]
},{
        "link": "https://www.mayoclinic.org/diseases-conditions/wolff-parkinson-white-syndrome/symptoms-causes/syc-20354626",
        "name": "Wolff-Parkinson-White (WPW) syndrome",
        "Symptoms": [
                "Rapid, fluttering or pounding heartbeats.",
                "Chest pain.",
                "Difficulty breathing.",
                "Dizziness or lightheadedness.",
                "Fainting.",
                "Fatigue.",
                "Shortness of breath.",
                "Anxiety."
        ],
        "Causes": [
                "The two upper chambers are called the atria.",
                "The two lower chambers are called the ventricles."
        ],
        "Risk Factors": [
                "Scarring of the liver, also known as cirrhosis.As liver cells try to repair damage due to high copper levels, scar tissue forms in the liver. This makes it harder for the liver to work.",
                "Liver failure.This can occur suddenly — what's known as acute liver failure or decompensated Wilson's disease. It also can come about slowly over years. A liver transplant might be a treatment option.",
                "Lasting nervous system issues.Tremors, involuntary muscle movements, clumsy walking and having a hard time speaking usually improve with treatment for Wilson's disease. But some people have lasting nervous system problems, even with treatment.",
                "Kidney problems.Wilson's disease can damage the kidneys, leading to issues such as kidney stones and an unusual number of amino acids removed in the urine.",
                "Mental health issues.These might include personality changes, depression, irritability, bipolar disorder or psychosis.",
                "Blood problems.These might include the destruction of red blood cells — what's known as hemolysis. This leads to anemia and jaundice."
        ],
        "Complications": [
                "Wolff-Parkinson-White syndrome"
        ],
        "Prevention": [
                "Wilms tumor"
        ]
},{
        "link": "https://www.mayoclinic.org/diseases-conditions/wrinkles/symptoms-causes/syc-20354927",
        "name": "Wrinkles",
        "Symptoms": [
                "Age.With aging, the skin naturally becomes less elastic and drier, with less fat and collagen in the deeper layers. This process results in the lines and creases typical of wrinkling. It also causes loose, saggy skin.",
                "Ultraviolet (UV) radiation.Ultraviolet radiation from sunlight and other sources speeds the skin's aging process, especially in people who tend to sunburn easily. It breaks down the elastin fibers and collagen in skin. Without these supportive connective tissues, the skin loses strength and flexibility.",
                "Smoking and pollution.Smoking and air pollutants speed the aging process.",
                "Repeated facial expressions.Facial movements and expressions lead to fine lines and wrinkles. For example, every time you squint, smile and frown, tiny grooves form beneath the surface of the skin. As skin ages, it loses its flexibility and can no longer spring back. These grooves then become features of the face.",
                "Family history.The genes you inherit play a big part in the look and feel of your skin."
        ],
        "Causes": [
                "Age.With aging, the skin naturally becomes less elastic and drier, with less fat and collagen in the deeper layers. This process results in the lines and creases typical of wrinkling. It also causes loose, saggy skin.",
                "Ultraviolet (UV) radiation.Ultraviolet radiation from sunlight and other sources speeds the skin's aging process, especially in people who tend to sunburn easily. It breaks down the elastin fibers and collagen in skin. Without these supportive connective tissues, the skin loses strength and flexibility.",
                "Smoking and pollution.Smoking and air pollutants speed the aging process.",
                "Repeated facial expressions.Facial movements and expressions lead to fine lines and wrinkles. For example, every time you squint, smile and frown, tiny grooves form beneath the surface of the skin. As skin ages, it loses its flexibility and can no longer spring back. These grooves then become features of the face.",
                "Family history.The genes you inherit play a big part in the look and feel of your skin."
        ],
        "Risk Factors": [
                "Scarring of the liver, also known as cirrhosis.As liver cells try to repair damage due to high copper levels, scar tissue forms in the liver. This makes it harder for the liver to work.",
                "Liver failure.This can occur suddenly — what's known as acute liver failure or decompensated Wilson's disease. It also can come about slowly over years. A liver transplant might be a treatment option.",
                "Lasting nervous system issues.Tremors, involuntary muscle movements, clumsy walking and having a hard time speaking usually improve with treatment for Wilson's disease. But some people have lasting nervous system problems, even with treatment.",
                "Kidney problems.Wilson's disease can damage the kidneys, leading to issues such as kidney stones and an unusual number of amino acids removed in the urine.",
                "Mental health issues.These might include personality changes, depression, irritability, bipolar disorder or psychosis.",
                "Blood problems.These might include the destruction of red blood cells — what's known as hemolysis. This leads to anemia and jaundice."
        ],
        "Complications": [
                "Wolff-Parkinson-White syndrome"
        ],
        "Prevention": [
                "Protect your skin fromUVradiation.Avoid indoor tanning and limit the time you spend in the sun, especially midday. When you're in the sun, wear sun-protective clothing, such as wide-brimmed hats, long-sleeved shirts and sunglasses. Also, use sunscreen every day year-round. Choose a broad-spectrum sunscreen with anSPFof at least 30, even on cloudy days. Apply sunscreen generously. Reapply every two hours, or more often if you're swimming or sweating.",
                "Wash your face and moisturize.Dry skin shrivels plump skin cells, which can lead to fine lines and wrinkles. Make it a habit to gently wash your face and moisturize it every day. Moisturizing traps water in the skin.Moisturizers often have active ingredients that are intended to reduce fine lines and wrinkles. Look for ingredients such as retinol, niacinamide and vitamin C. Many such products also come with a broad-spectrum sunscreen in them. Read the product labels for when and how to apply. Products with retinol or retinoids are not for use when pregnant.Another option you can buy without a prescription is adapalene (Differin). This is a vitamin A-derived product that can help prevent fine lines and wrinkles.It may take a few weeks or even months of regular use of the product before you notice any improvement in your skin. Or you may see no change at all. Moisturizers and wrinkle creams that you can buy without a prescription aren't classified as medicine, so they aren't required to undergo scientific research to prove they work. If you're not happy with the results, talk with your healthcare team about moisturizers with prescription-strength anti-wrinkle ingredients, such as retinoids.",
                "Don't smoke.Even if you've smoked for years or smoke heavily, you can still improve your skin and prevent wrinkles by quitting smoking.",
                "Eat a healthy diet.There is some evidence that certain vitamins in your diet help protect the skin. More study is needed on the role of nutrition in preventing wrinkles, but it's good to eat plenty of fruits and vegetables."
        ]
},{
        "link": "https://www.mayoclinic.org/diseases-conditions/wrist-pain/symptoms-causes/syc-20366213",
        "name": "Wrist pain",
        "Symptoms": [
                "Sudden impacts.Wrist injuries often occur when you fall forward onto your outstretched hand. This can cause sprains, strains and even fractures. A scaphoid fracture involves a bone on the thumb side of the wrist. This type of fracture may not show up on X-rays immediately after the injury.",
                "Repetitive stress.Any activity that involves wrist motion that you do again and again can inflame the tissues around joints or cause stress fractures. Some examples include hitting a tennis ball, bowing a cello or driving cross-country. The risk of injury is increased when you perform the movement for hours on end without a break. De Quervain tenosynovitis is a repetitive stress injury that causes pain at the base of the thumb."
        ],
        "Causes": [
                "Sudden impacts.Wrist injuries often occur when you fall forward onto your outstretched hand. This can cause sprains, strains and even fractures. A scaphoid fracture involves a bone on the thumb side of the wrist. This type of fracture may not show up on X-rays immediately after the injury.",
                "Repetitive stress.Any activity that involves wrist motion that you do again and again can inflame the tissues around joints or cause stress fractures. Some examples include hitting a tennis ball, bowing a cello or driving cross-country. The risk of injury is increased when you perform the movement for hours on end without a break. De Quervain tenosynovitis is a repetitive stress injury that causes pain at the base of the thumb."
        ],
        "Risk Factors": [
                "Sports participation.Wrist injuries are common in many sports, both those that involve impact and those that involve repetitive stress on the wrist. These can include football, bowling, golf, gymnastics, snowboarding and tennis.",
                "Repetitive work.Almost any activity that involves your hands and wrists, even knitting and cutting hair, if performed forcefully enough and often enough can lead to disabling wrist pain.",
                "Certain diseases or conditions.Pregnancy, diabetes, obesity, rheumatoid arthritis and gout may increase the risk of developing carpal tunnel syndrome."
        ],
        "Complications": [
                "Wolff-Parkinson-White syndrome"
        ],
        "Prevention": [
                "Build bone strength.Getting adequate amounts of calcium can help prevent fractures. For most adults, that means 1,000 to 1,200 milligrams a day.",
                "Prevent falls.Falling forward onto an outstretched hand is the main cause of most wrist injuries. To help prevent falls, wear sensible shoes. Remove home hazards. Light up your living space. And install grab bars in your bathroom and handrails on your stairways, if necessary.",
                "Use protective gear for athletic activities.Wear wrist guards for high-risk activities, such as football, snowboarding and rollerblading.",
                "Pay attention to ergonomics.If you spend long periods at a keyboard, take regular breaks. When you type, keep your wrists in a relaxed, neutral position. An ergonomic keyboard and a foam or gel wrist support may help."
        ]
}
}