[
    {
        "name": "Abercrombie Syndrome",
        "link": "https://www.webmd.com/migraines-headaches/headaches-migraines-and-nausea",
        "symptoms": [
            "Changes in skin color",
            " Severe fatigue",
            "Feeling of fullness",
            " Joint pain ",
            "Low red blood cell count (anemia)",
            "Shortness of breath",
            "Swelling of the tongue ",
            "Tingling and numbness in legs and feet",
            "Weak hand grip",
            "Severe weakness ",
            "Sudden weight loss "
        ],
        "prevention": [
            "High-dose chemotherapy with stem cell transplant can help remove the substance that leads to amyloid formation in some people with primary AL amyloidosis. Chemotherapy medicines alone may be used to treat other patients with primary AL amyloidosis.",
            "Secondary (AA) amyloidosis is treated by controlling the underlying disorder and with powerful anti-inflammatory medicines called steroids, which fight inflammation.",
            "A liver transplant may treat the disease if you have certain types of hereditary amyloidosis.",
            "New therapies can slow the production of the abnormal protein TTR.",
            "Your doctor might also recommend a kidney transplant."
        ],
        "causes": [
            "Changes in skin color",
            " Severe fatigue",
            "Feeling of fullness",
            " Joint pain ",
            "Low red blood cell count (anemia)",
            "Shortness of breath",
            "Swelling of the tongue ",
            "Tingling and numbness in legs and feet",
            "Weak hand grip",
            "Severe weakness ",
            "Sudden weight loss "
        ]
    },
    {
        "name": "Abruptio Placenta",
        "link": "https://www.webmd.com/women/abortion-procedures",
        "symptoms": [
            "Pain in your belly or back",
            "Tenderness or quick, repeated contractions in your uterus",
            "Problems with the baby’s heart rate"
        ],
        "prevention": [
            "If you’re less than 34 weeks pregnant: You might have be admitted into the hospital for monitoring -- as long as your baby’s heart rate is normal and the placental abruption doesn’t seem to be severe. If your baby appears to be doing fine and you stop bleeding, you eventually might be able to go home. You might also be given steroids to help your baby’s lungs develop faster in case you do go into labor early.",
            "If you’re more than 34 weeks pregnant: You might still be able to have a vaginal delivery if the abruption doesn’t seem severe. If it is, and it’s putting your health or your baby’s health at risk, you’ll need a C-section right away. You might also need a blood transfusion."
        ],
        "causes": [
            "Placental abruptions in previous pregnancies. If you’ve had it before, you’ve got about a 10% chance of it happening again.",
            "Smoking. One study showed that women who smoked before getting pregnant raised their chances of placental abruption by 40% for each year they smoked.",
            "Cocaine or other drug use. Abruption occurs in up to 10% of women who use cocaine in the last trimester of pregnancy.",
            "High blood pressure. Whether your blood pressure was high before or after you got pregnant, work with your doctor to manage it.",
            "Problems with your amniotic sac. This sac cushions your baby inside your uterus. It’s filled with fluid. If something breaks it or makes it leak before you’re ready to give birth, the possibility of placental abruption increases.",
            "Getting pregnant later in life. Your chances of having a placental abruption are higher if you’re 35 or older. In most cases, the mother is over 40.",
            "Carrying more than one baby. Sometimes, delivering the first baby can make the placenta separate before the next baby is ready to be born.",
            "Abdominal trauma. This could happen if you fall and hit your belly. It could also happen in a traffic accident if your abdomen is injured, so always remember to buckle up."
        ]
    },
    {
        "name": "Abruption, Placental",
        "link": "https://www.webmd.com/baby/what-is-placental-abruption",
        "symptoms": [
            "Pain in your belly or back",
            "Tenderness or quick, repeated contractions in your uterus",
            "Problems with the baby’s heart rate"
        ],
        "prevention": [
            "If you’re less than 34 weeks pregnant: You might have be admitted into the hospital for monitoring -- as long as your baby’s heart rate is normal and the placental abruption doesn’t seem to be severe. If your baby appears to be doing fine and you stop bleeding, you eventually might be able to go home. You might also be given steroids to help your baby’s lungs develop faster in case you do go into labor early.",
            "If you’re more than 34 weeks pregnant: You might still be able to have a vaginal delivery if the abruption doesn’t seem severe. If it is, and it’s putting your health or your baby’s health at risk, you’ll need a C-section right away. You might also need a blood transfusion."
        ],
        "causes": [
            "Placental abruptions in previous pregnancies. If you’ve had it before, you’ve got about a 10% chance of it happening again.",
            "Smoking. One study showed that women who smoked before getting pregnant raised their chances of placental abruption by 40% for each year they smoked.",
            "Cocaine or other drug use. Abruption occurs in up to 10% of women who use cocaine in the last trimester of pregnancy.",
            "High blood pressure. Whether your blood pressure was high before or after you got pregnant, work with your doctor to manage it.",
            "Problems with your amniotic sac. This sac cushions your baby inside your uterus. It’s filled with fluid. If something breaks it or makes it leak before you’re ready to give birth, the possibility of placental abruption increases.",
            "Getting pregnant later in life. Your chances of having a placental abruption are higher if you’re 35 or older. In most cases, the mother is over 40.",
            "Carrying more than one baby. Sometimes, delivering the first baby can make the placenta separate before the next baby is ready to be born.",
            "Abdominal trauma. This could happen if you fall and hit your belly. It could also happen in a traffic accident if your abdomen is injured, so always remember to buckle up."
        ]
    },
    {
        "name": "Abscessed Tooth",
        "link": "https://www.webmd.com/baby/what-is-placental-abruption",
        "symptoms": [
            "Swelling",
            "Gum redness",
            "Bad taste",
            "Swollen lymph nodes",
            "Sensitivity to hot or cold temperatures",
            "Puffy gums",
            "A bad odor when you chew with that tooth",
            "A rush of fluid in your mouth that's salty, bad-tasting, or foul-smelling, followed by an easing of your pain. That means your abscess has ruptured.",
            "The tooth feels loose"
        ],
        "prevention": [
            "Get regular dental checkups and teeth cleanings.",
            "Brush your teeth twice daily for 2 minutes with a fluoride toothpaste.",
            "Floss daily to clean hard-to-reach spots between your teeth and gums.",
            "Make a dentist appointment as soon as possible if you have a loose or cracked tooth.",
            "Limit sugary foods and drinks. Sweets and sodas lead to cavities, which can cause an abscess.",
            "Cut down on snacks between meals."
        ],
        "causes": [
            "A deep cavity or tooth decay",
            "Gum disease, also known as periodontal disease",
            "A cracked tooth"
        ]
    },
    {
        "name": "ACH",
        "link": "https://www.webmd.com/skin-problems-and-treatments/hair-loss/congenital-hypotrichosis",
        "symptoms": [
            "Adults typically are about 4 feet tall",
            "Average-size torso and very short limbs, especially in the upper halves of arms and legs",
            "Short fingers",
            "Wide spaces between the middle and ring fingers",
            "Limited elbow mobility",
            "Disproportionately large head",
            "Prominent forehead",
            "Flattened bridge of the nose",
            "Bowing of legs that progressively worsens over time",
            "Swaying of the back that progressively worsens over time"
        ],
        "prevention": [
            "Insertion of a shunt to drain excess fluid and relieve pressure on the brain",
            "A tracheotomy to improve breathing through small airways",
            "Corrective surgeries for deformities such as cleft palate, club foot, or bowed legs",
            "Surgery to remove tonsils or adenoids to improve breathing problems related to large tonsils, small facial structures, and/or a small chest",
            "Surgery to widen the spinal canal (the opening through which the spinal cord passes) to relieve spinal cord compression",
            "Extended limb lengthening, a controversial surgery, due in part to its risks, involves several procedures. It is only done on adults."
        ],
        "causes": [
            "A large head with a prominent forehead",
            "A flattened bridge of the nose",
            "Protruding jaw",
            "Crowded and misaligned teeth",
            "Forward curvature of the lower spine",
            "Bowed legs",
            "Flat, short, broad feet",
            "\"Double-jointedness\""
        ]
    },
    {
        "name": "Achilles Tendon Problems",
        "link": "https://www.webmd.com/digestive-disorders/achalasia-what-to-know",
        "symptoms": [
            "Tight Achilles tendon in the morning",
            "Stiffness or pain along your Achilles tendon",
            "Pain that gets worse with activity",
            "Heel pain when you wear shoes",
            "Severe pain the day after physical activity",
            "Thickening",
            "Bone spurs (bony growths)",
            "Swelling that doesn't go away, or gets better then returns"
        ],
        "prevention": [
            "Stretch and strengthen your calves.",
            "Take time to warm up and cool down after a workout.",
            "Avoid running or doing other types of exercise on uneven surfaces.",
            "Increase the length or intensity of your workouts little by little.",
            "Wear shoes with good support that fit well.",
            "Stop exercising if you feel pain or tightness in the back of your calf or heel."
        ],
        "causes": [
            "Running",
            "Gymnastics",
            "Dance",
            "Football",
            "Soccer",
            "Baseball",
            "Softball",
            "Basketball",
            "Tennis",
            "Volleyball"
        ]
    },
    {
        "name": "Achondroplasia",
        "link": "https://www.webmd.com/fitness-exercise/achilles-tendon-injury",
        "symptoms": [
            "Adults typically are about 4 feet tall",
            "Average-size torso and very short limbs, especially in the upper halves of arms and legs",
            "Short fingers",
            "Wide spaces between the middle and ring fingers",
            "Limited elbow mobility",
            "Disproportionately large head",
            "Prominent forehead",
            "Flattened bridge of the nose",
            "Bowing of legs that progressively worsens over time",
            "Swaying of the back that progressively worsens over time"
        ],
        "prevention": [
            "Insertion of a shunt to drain excess fluid and relieve pressure on the brain",
            "A tracheotomy to improve breathing through small airways",
            "Corrective surgeries for deformities such as cleft palate, club foot, or bowed legs",
            "Surgery to remove tonsils or adenoids to improve breathing problems related to large tonsils, small facial structures, and/or a small chest",
            "Surgery to widen the spinal canal (the opening through which the spinal cord passes) to relieve spinal cord compression",
            "Extended limb lengthening, a controversial surgery, due in part to its risks, involves several procedures. It is only done on adults."
        ],
        "causes": [
            "A large head with a prominent forehead",
            "A flattened bridge of the nose",
            "Protruding jaw",
            "Crowded and misaligned teeth",
            "Forward curvature of the lower spine",
            "Bowed legs",
            "Flat, short, broad feet",
            "\"Double-jointedness\""
        ]
    },
    {
        "name": "Achondroplastic Dwarfism",
        "link": "https://www.webmd.com/children/dwarfism-causes-treatments",
        "symptoms": [
            "Adults typically are about 4 feet tall",
            "Average-size torso and very short limbs, especially in the upper halves of arms and legs",
            "Short fingers",
            "Wide spaces between the middle and ring fingers",
            "Limited elbow mobility",
            "Disproportionately large head",
            "Prominent forehead",
            "Flattened bridge of the nose",
            "Bowing of legs that progressively worsens over time",
            "Swaying of the back that progressively worsens over time"
        ],
        "prevention": [
            "Insertion of a shunt to drain excess fluid and relieve pressure on the brain",
            "A tracheotomy to improve breathing through small airways",
            "Corrective surgeries for deformities such as cleft palate, club foot, or bowed legs",
            "Surgery to remove tonsils or adenoids to improve breathing problems related to large tonsils, small facial structures, and/or a small chest",
            "Surgery to widen the spinal canal (the opening through which the spinal cord passes) to relieve spinal cord compression",
            "Extended limb lengthening, a controversial surgery, due in part to its risks, involves several procedures. It is only done on adults."
        ],
        "causes": [
            "A large head with a prominent forehead",
            "A flattened bridge of the nose",
            "Protruding jaw",
            "Crowded and misaligned teeth",
            "Forward curvature of the lower spine",
            "Bowed legs",
            "Flat, short, broad feet",
            "\"Double-jointedness\""
        ]
    },
    {
        "name": "Acromegaly",
        "link": "https://www.webmd.com/diabetes/acquired-lipodystrophy",
        "symptoms": [
            "Achy joints, possibly leading to arthritis",
            "Stiff, rough body hair",
            "Hoarser, deeper voice",
            "Pinched nerve problems",
            "Skin that’s oily or thick",
            "Skin tags",
            "Sweating a lot with body odor",
            "Headaches",
            "Snoring and sleep apnea, a breathing problem that happens during sleep",
            "Weakness and being tired",
            "Tingling or pain in fingers (carpal tunnel syndrome)",
            "Vision problems",
            "Lower sex drive",
            "Changes in menstrual cycle and breast discharge in women",
            "Erectile dysfunction in men"
        ],
        "prevention": [
            "Surgery",
            "Medicine",
            "Radiation"
        ],
        "causes": [
            "Achy joints, possibly leading to arthritis",
            "Stiff, rough body hair",
            "Hoarser, deeper voice",
            "Pinched nerve problems",
            "Skin that’s oily or thick",
            "Skin tags",
            "Sweating a lot with body odor",
            "Headaches",
            "Snoring and sleep apnea, a breathing problem that happens during sleep",
            "Weakness and being tired",
            "Tingling or pain in fingers (carpal tunnel syndrome)",
            "Vision problems",
            "Lower sex drive",
            "Changes in menstrual cycle and breast discharge in women",
            "Erectile dysfunction in men"
        ]
    },
    {
        "name": "Age-Related Macular Degeneration",
        "link": "https://www.webmd.com/epilepsy/corpus-callosotomy",
        "symptoms": [
            "Worse or less clear vision. Your vision might be blurry, and it may be hard to read fine print, drive, or recognize faces.",
            "Dark, blurry areas in the center of your vision",
            "Straight lines look wavy",
            "Worse or different color perception"
        ],
        "prevention": [
            "If you smoke, consider quitting.",
            "Take charge of any other health conditions you have, like high blood pressure.",
            "Stay at a healthy weight and get regular exercise.",
            "Eat a balanced diet full of fruit, vegetables, and foods with omega-3 fatty acids (which are in certain fish and nuts)."
        ],
        "causes": [
            "Smoking",
            "High blood pressure or high cholesterol ",
            "Eating lots of saturated fat",
            "Having obesity",
            "Being assigned female at birth",
            "Having light skin"
        ]
    },
    {
        "name": "Agnogenic Myeloid Metaplasia (AMM)",
        "link": "https://www.webmd.com/healthy-aging/normal-aging",
        "symptoms": [
            "Fatigue, weakness, shortness of breath, or pale skin because of a low number of red blood cells (anemia)",
            "Frequent infections because of a low white blood cell count (neutropenia)",
            "Easy bleeding or bruising because of a lack of platelets in your blood (thrombocytopenia)",
            "Swollen liver (hepatomegaly) or spleen (splenomegaly)",
            "Night sweats",
            "Itchy skin",
            "Fever",
            "Bone or joint pain",
            "Weight loss",
            "Blood clots",
            "Bleeding in your stomach or esophagus",
            "High blood pressure in the vein from your spleen to your liver (portal hypertension)"
        ],
        "prevention": [
            "Glucocorticoid drugs such as prednisone",
            "Human-made male hormones (androgens) like danazol (Danocrine)",
            "Drugs that affect your immune system (immunomodulators) such as interferon alfa (Intron A, Pegasys, Roferon-A), lenalidomide (Revlimid), or thalidomide (Thalomid)",
            "An oral kinase inhibitor such as fedratinib (Inrebic), pacritinib (Vonjo), or ruxolitinib (Jakafi)",
            "Chemotherapy drugs like cladribine (Leustatin, Mavenclad) and hydroxyurea (Hydrea)",
            "Blood transfusions"
        ],
        "causes": [
            "Red blood cells bring oxygen to your organs and tissues like your muscles. If you have too few, you might feel weak, short of breath, lightheaded, or really tired. You might have bone pain.",
            "White blood cells help you fight off infections. If you have too many, your body can’t defend you from illness like it’s supposed to.",
            "Platelets make your blood clot when you get a cut so you can form a scab and heal. Without enough working platelets, it may be hard for you to stop bleeding."
        ]
    },
    {
        "name": "Agoraphobia",
        "link": "https://www.webmd.com/mental-health/signs-nervous-breakdown",
        "symptoms": [
            "Fast, pounding heart",
            "Sweating, trembling, shaking",
            "Breathing problems",
            "Feeling hot or cold",
            "Nausea or diarrhea",
            "Chest pain",
            "Problems swallowing",
            "Dizziness or feeling faint"
        ],
        "prevention": [
            "Get help when you need it. Family and friends can help you work through your fears, and a support group lets you connect with people who are going through the same things you are.",
            "Manage anxiety and stress. Talk with your therapist about ways to calm yourself and find relaxation techniques that work for you.",
            "Follow your doctor’s guidance. It’s really important to take medication as directed and keep your therapy appointments. Stay in touch with your health team so they can do their best for you.   "
        ],
        "causes": [
            "Panic disorder, especially if it’s not treated",
            "Other phobias",
            "A family member who has agoraphobia",
            "A history of very stressful or traumatic events"
        ]
    },
    {
        "name": "Alcohol Effects on a Fetus",
        "link": "https://www.webmd.com/teens/default.htm",
        "symptoms": [
            "Small head and brain size",
            "Vision or hearing problems",
            "Joint, limb, and finger deformities",
            "Distinctive facial features like small eyes, thin upper lip, and a ridge between the nose and upper lip"
        ],
        "prevention": [
            "If you think you have a problem with alcohol, get help before you get pregnant. There are professionals who specialize in addiction treatment.",
            "Don’t drink alcohol while you’re trying to get pregnant. If you are still drinking when you find out you are pregnant or think you might be pregnant, stop immediately.",
            "Avoid alcohol while you’re pregnant. Children of mothers who don’t drink alcohol while they’re pregnant won’t develop fetal alcohol syndrome.",
            "If you’re sexually active and having unprotected sex, think about giving up alcohol entirely. "
        ],
        "causes": [
            "Miscarriage. You can lose your baby during the early few months of pregnancy.",
            "Stillbirth. You can lose your baby in the womb during the second half of your pregnancy.",
            "Preterm labor. Drinking can make your baby arrive too early. Premature babies can have many health problems. Those often include breathing trouble and other issues linked to  immature lungs or developmental problems due to underdeveloped brain or brain abnormalities.",
            "Birth defects. Some babies are born with heart or kidney problems. Others may have trouble seeing or hearing or other health issues."
        ]
    },
    {
        "name": "Aldosteronism With Normal Blood Pressure",
        "link": "https://www.webmd.com/brain/leukodystrophy-types",
        "symptoms": [
            "Constipation",
            "Frequent urination",
            "Generally feeling unwell",
            "Muscle weakness and cramping",
            "Salt cravings",
            "Severe thirst",
            "Slower than normal growth and development"
        ],
        "prevention": [
            "Indomethacin, an anti-inflammatory drug that helps their body make less urine",
            "Potassium-sparing diuretics, which help them keep potassium",
            "RAAS inhibitors, which help keep them from losing potassium",
            "Calcium, potassium or magnesium supplements or a combination of them",
            "Food high in salt, water, and potassium",
            "Fluids put directly into a vein (for infants with severe forms)"
        ],
        "causes": [
            "Too little salt can cause dehydration, constipation, and frequent peeing.",
            "Too little calcium can weaken bones and cause frequent kidney stones.",
            "Low blood levels of potassium can cause muscle weakness, cramping, and fatigue."
        ]
    },
    {
        "name": "Algodystrophy",
        "link": "https://www.webmd.com/brain/leukodystrophy-types",
        "symptoms": [
            "Amputation",
            "Bruises",
            "Burns",
            "Cuts",
            "Fractures",
            "Minor surgery",
            "Needle sticks",
            "Radiation therapy",
            "Sprains"
        ],
        "prevention": [
            "Anesthetic creams like lidocaine",
            "Antidepressants",
            "Anti-inflammatory drugs, called NSAIDs",
            "Anti-seizure medications that may help treat pain",
            "Nasal spray that treats bone loss",
            "Nerve blocking injections",
            " ",
            "Over-the-counter options like aspirin, ibuprofen, or naproxen for pain"
        ],
        "causes": [
            "Amputation",
            "Bruises",
            "Burns",
            "Cuts",
            "Fractures",
            "Minor surgery",
            "Needle sticks",
            "Radiation therapy",
            "Sprains"
        ]
    },
    {
        "name": "Algoneurodystrophy",
        "link": "https://www.webmd.com/brain/what-is-reflex-sympathetic-dystrophy-syndrome",
        "symptoms": [
            "Amputation",
            "Bruises",
            "Burns",
            "Cuts",
            "Fractures",
            "Minor surgery",
            "Needle sticks",
            "Radiation therapy",
            "Sprains"
        ],
        "prevention": [
            "Anesthetic creams like lidocaine",
            "Antidepressants",
            "Anti-inflammatory drugs, called NSAIDs",
            "Anti-seizure medications that may help treat pain",
            "Nasal spray that treats bone loss",
            "Nerve blocking injections",
            " ",
            "Over-the-counter options like aspirin, ibuprofen, or naproxen for pain"
        ],
        "causes": [
            "Amputation",
            "Bruises",
            "Burns",
            "Cuts",
            "Fractures",
            "Minor surgery",
            "Needle sticks",
            "Radiation therapy",
            "Sprains"
        ]
    },
    {
        "name": "AloBar Holoprosencephaly",
        "link": "https://www.webmd.com/allergies/ss/slideshow-common-allergy-triggers",
        "symptoms": [
            "Fatigue or loss of energy",
            "Fever, especially a high fever",
            "Headache that can be severe",
            "Sensitivity to light and sound",
            "Mild-to-moderate neck stiffness",
            "Drowsiness or loss of consciousness",
            "Irritability, anxiety, and behavioral or personality changes",
            "Hallucinations"
        ],
        "prevention": [
            "Avoid being outside between dusk and dawn when mosquitoes are most likely to bite you. If do have to be out then, wear long-sleeved shirts and long pants. Make sure mosquitoes can't get into your house through broken screens and windows. Also, run a fan, which can keep mosquitos moving around so they're less likely to land on and bite you.",
            "Wear long-sleeved shirts and long pants when you're in wooded areas with tall grasses and shrubs, where ticks like to hang out. Check yourself, your kids, and your pets for ticks when they come inside during tick season (this can be year-round for people in the U.S. South and on the West Coast, but for most of the U.S., it's early spring to winter).",
            "Use bug repellent and insecticide. You can use the mosquito repellent DEET on both your skin and clothes. The U.S. Environmental Protection Agency (EPA) recommends spraying your clothes, tents, and outdoor gear with products that contain permethrin to repel and kill both mosquitoes and ticks. Don't spray permethrin on your skin, though.",
            "For infants younger than 2 months, you can't use insect repellent, so cover their carrier or stroller with mosquito netting. For infants and children older than 2 months old, you can use 10%-30% DEET products. Don't use a combined sunscreen and DEET product because you'll need to reapply sunscreen for a full day of outside play. Reapplying a DEET-containing product can expose your child to high levels of DEET.",
            "Get rid of standing water outside your house. Mosquitoes lay their eggs in standing water. Common problem areas for standing water are old flowerpots, flat roofs, old tires, and clogged gutters.",
            "Report any sick or dying birds or small animals to your local health department. They could be infected with viruses such as West Nile virus that cause encephalitis."
        ],
        "causes": [
            "Herpes viruses, which include HSV (especially HSV-1), chickenpox, cytomegalovirus, and Epstein-Barr virus",
            "Viruses that are transmitted through bugbites, such as West Nile virus, Dengue virus, and Eastern equine encephalitis virus",
            "Viruses that cause childhood infections, such as measles, mumps, and Rubella"
        ]
    },
    {
        "name": "Anaplastic Large-cell Lymphoma",
        "link": "https://www.webmd.com/alzheimers/default.htm",
        "symptoms": [
            "Fatigue",
            "Fever",
            "Loss of appetite",
            "Night sweats",
            "Weight loss"
        ],
        "prevention": [
            "Radiation, which uses high-energy rays to kill cancer cells",
            "Surgery to remove the tumors"
        ],
        "causes": [
            "Fatigue",
            "Fever",
            "Loss of appetite",
            "Night sweats",
            "Weight loss"
        ]
    },
    {
        "name": "Angina",
        "link": "https://www.webmd.com/cancer/lymphoma/anaplastic-large-cell-lymphoma",
        "symptoms": [
            "Discomfort",
            "Pressure",
            "Tightness",
            "Burning",
            "Fullness",
            "Squeezing"
        ],
        "prevention": [
            "Nitrates or calcium channel blockers to relax and widen blood vessels, letting more blood flow to your heart",
            "Beta-blockers to slow your heart down so it doesn't have to work as hard",
            "Blood thinners or antiplatelet medications to prevent blood clots",
            "Statins to lower your cholesterol levels and stabilize plaque"
        ],
        "causes": [
            "A blockage in a major artery of your lungs (pulmonary embolism)",
            "An enlarged or thickened heart (hypertrophic cardiomyopathy)",
            "Narrowing of a valve in the main part of your heart (aortic stenosis)",
            "Swelling of the sac around your heart (pericarditis)",
            "Tearing in the wall of your aorta, the largest artery in your body (aortic dissection)"
        ]
    },
    {
        "name": "Apert Syndrome",
        "link": "https://www.webmd.com/anxiety-panic/default.htm",
        "symptoms": [
            "A head that is long, with a high forehead",
            "Wide-set, bulging eyes, often with poorly-closing eyelids",
            "A sunken middle face"
        ],
        "prevention": [
            "Eyedrops during the day, with lubricating eye ointment at night; these drops can prevent the dangerous eye drying that can occur in Apert syndrome.",
            "Continuous positive airway pressure (CPAP); a child with Apert syndrome and obstructive sleep apnea may wear a mask at night, attached to a small machine. The machine delivers pressure that keeps the child's airways open during sleep.",
            "Antibiotics. Children with Apert syndrome are prone to ear and sinus infections caused by bacteria, requiring antibiotic therapy.",
            "Surgical tracheostomy, or placement of a breathing tube in the neck; this surgery may be done for children with severe obstructive sleep apnea due to Apert syndrome.",
            "Surgical placement of ear tubes (myringotomy), for children with repeated ear infections due to Apert syndrome"
        ],
        "causes": [
            "A head that is long, with a high forehead",
            "Wide-set, bulging eyes, often with poorly-closing eyelids",
            "A sunken middle face"
        ]
    },
    {
        "name": "APLS",
        "link": "https://www.webmd.com/children/apert-syndrome-symptoms-treatments-prognosis",
        "symptoms": [
            "Pain in your chest",
            "Nausea",
            "Shortness of breath",
            "Pain, redness, and swelling in your legs or arms",
            "Changes in your speech pattern",
            "Discomfort in your neck, back, arms, and jaws",
            "Repeated miscarriages"
        ],
        "prevention": [
            "Enoxaparin, an anticoagulant you get in a shot",
            "Corticosteroids, which suppress an overactive immune system",
            "Immunoglobulin, another drug used to treat immune system disorders, which you get through an IV"
        ],
        "causes": [
            "Are female or were assigned female at birth (some 70% of those with APS are female)",
            "Have a bacterial or viral infection, such as HIV, syphilis, hepatitis C, or Lyme disease",
            "Take the antibiotic amoxicillin or certain blood pressure, heart-rhythm, and anti-seizure medications",
            "Have lupus (up to about half of people with lupus also have APS) or another autoimmune disorder",
            "Have relatives with APS"
        ]
    },
    {
        "name": "Appalachian Type Amyloidosis",
        "link": "https://www.webmd.com/sleep-disorders/sleep-apnea/features/could-your-child-have-sleep-apnea",
        "symptoms": [
            "Changes in skin color",
            " Severe fatigue",
            "Feeling of fullness",
            " Joint pain ",
            "Low red blood cell count (anemia)",
            "Shortness of breath",
            "Swelling of the tongue ",
            "Tingling and numbness in legs and feet",
            "Weak hand grip",
            "Severe weakness ",
            "Sudden weight loss "
        ],
        "prevention": [
            "High-dose chemotherapy with stem cell transplant can help remove the substance that leads to amyloid formation in some people with primary AL amyloidosis. Chemotherapy medicines alone may be used to treat other patients with primary AL amyloidosis.",
            "Secondary (AA) amyloidosis is treated by controlling the underlying disorder and with powerful anti-inflammatory medicines called steroids, which fight inflammation.",
            "A liver transplant may treat the disease if you have certain types of hereditary amyloidosis.",
            "New therapies can slow the production of the abnormal protein TTR.",
            "Your doctor might also recommend a kidney transplant."
        ],
        "causes": [
            "Changes in skin color",
            " Severe fatigue",
            "Feeling of fullness",
            " Joint pain ",
            "Low red blood cell count (anemia)",
            "Shortness of breath",
            "Swelling of the tongue ",
            "Tingling and numbness in legs and feet",
            "Weak hand grip",
            "Severe weakness ",
            "Sudden weight loss "
        ]
    },
    {
        "name": "Apraxia",
        "link": "https://www.webmd.com/digestive-disorders/digestive-diseases-appendicitis",
        "symptoms": [
            "Facial movements such as coughing or winking",
            "Precise movements using your finger, arm, or leg",
            "Using specific tools for specific tasks",
            "Moving your eyes",
            "Carrying out complicated tasks such as brushing your teeth or tying your shoe",
            "Mimicking movements with your head, arms, or legs",
            "Taking small steps",
            "Copying simple drawings"
        ],
        "prevention": [
            "Repeatedly practicing forming and pronouncing sounds and words",
            "Practicing stringing together sounds to make speech",
            "Working with rhythms or melodies",
            "Using multisensory approaches, such as watching in a mirror while trying to form words or touching the face while talking"
        ],
        "causes": [
            "Evaluation by a doctor: Your doctor will ask you to do familiar tasks that you’ve learned, such as brushing your teeth or cutting out a shape. An evaluation will also include a physical exam to see if your symptoms are due to problems with your muscles or joints. Your doctor may talk to your family members as well to find out how well you're able to do your normal daily activities.",
            "Brain function tests: Your doctor may use neuropsychologic tests to check how your brain is working in areas such as problem-solving, memory, language, attention, and processing.",
            "Imaging tests: If your doctor believes your apraxia is caused by damage to your brain, you may have imaging tests such as a CT scan or MRI to find the extent and location of the damage."
        ]
    },
    {
        "name": "APS",
        "link": "https://www.webmd.com/brain/apraxia-symptoms-causes-tests-treatments",
        "symptoms": [
            "Pain in your chest",
            "Nausea",
            "Shortness of breath",
            "Pain, redness, and swelling in your legs or arms",
            "Changes in your speech pattern",
            "Discomfort in your neck, back, arms, and jaws",
            "Repeated miscarriages"
        ],
        "prevention": [
            "Enoxaparin, an anticoagulant you get in a shot",
            "Corticosteroids, which suppress an overactive immune system",
            "Immunoglobulin, another drug used to treat immune system disorders, which you get through an IV"
        ],
        "causes": [
            "Are female or were assigned female at birth (some 70% of those with APS are female)",
            "Have a bacterial or viral infection, such as HIV, syphilis, hepatitis C, or Lyme disease",
            "Take the antibiotic amoxicillin or certain blood pressure, heart-rhythm, and anti-seizure medications",
            "Have lupus (up to about half of people with lupus also have APS) or another autoimmune disorder",
            "Have relatives with APS"
        ]
    },
    {
        "name": "ARDS",
        "link": "https://www.webmd.com/a-to-z-guides/what-is-chikungunya",
        "symptoms": [
            "Shortness of breath",
            "Low blood pressure",
            "Unusually fast breathing",
            "Fast heartbeat",
            "Cough",
            "Fever",
            "Chest pain, especially when breathing deeply",
            "Confusion and exhaustion",
            "Blue-tinted lips or nails from lack of oxygen in your blood",
            "Dizziness"
        ],
        "prevention": [
            "Nutrition and medicine through fluids injected into your blood",
            "Medication to prevent bleeding and blood clots",
            "Medication to keep you calm and comfortable"
        ],
        "causes": [
            "Pneumonia",
            "Bleeding that makes you need a transfusion",
            "Inflamed pancreas",
            "Drug overdose",
            "Near-drowning",
            "Burns",
            "Reactions to medications",
            "Breathing food into your lungs (aspiration)"
        ]
    },
    {
        "name": "Arhinencephaly",
        "link": "https://www.webmd.com/children/urea-cycle-disorders",
        "symptoms": [
            "Fatigue or loss of energy",
            "Fever, especially a high fever",
            "Headache that can be severe",
            "Sensitivity to light and sound",
            "Mild-to-moderate neck stiffness",
            "Drowsiness or loss of consciousness",
            "Irritability, anxiety, and behavioral or personality changes",
            "Hallucinations"
        ],
        "prevention": [
            "Avoid being outside between dusk and dawn when mosquitoes are most likely to bite you. If do have to be out then, wear long-sleeved shirts and long pants. Make sure mosquitoes can't get into your house through broken screens and windows. Also, run a fan, which can keep mosquitos moving around so they're less likely to land on and bite you.",
            "Wear long-sleeved shirts and long pants when you're in wooded areas with tall grasses and shrubs, where ticks like to hang out. Check yourself, your kids, and your pets for ticks when they come inside during tick season (this can be year-round for people in the U.S. South and on the West Coast, but for most of the U.S., it's early spring to winter).",
            "Use bug repellent and insecticide. You can use the mosquito repellent DEET on both your skin and clothes. The U.S. Environmental Protection Agency (EPA) recommends spraying your clothes, tents, and outdoor gear with products that contain permethrin to repel and kill both mosquitoes and ticks. Don't spray permethrin on your skin, though.",
            "For infants younger than 2 months, you can't use insect repellent, so cover their carrier or stroller with mosquito netting. For infants and children older than 2 months old, you can use 10%-30% DEET products. Don't use a combined sunscreen and DEET product because you'll need to reapply sunscreen for a full day of outside play. Reapplying a DEET-containing product can expose your child to high levels of DEET.",
            "Get rid of standing water outside your house. Mosquitoes lay their eggs in standing water. Common problem areas for standing water are old flowerpots, flat roofs, old tires, and clogged gutters.",
            "Report any sick or dying birds or small animals to your local health department. They could be infected with viruses such as West Nile virus that cause encephalitis."
        ],
        "causes": [
            "Herpes viruses, which include HSV (especially HSV-1), chickenpox, cytomegalovirus, and Epstein-Barr virus",
            "Viruses that are transmitted through bugbites, such as West Nile virus, Dengue virus, and Eastern equine encephalitis virus",
            "Viruses that cause childhood infections, such as measles, mumps, and Rubella"
        ]
    },
    {
        "name": "Arnold-Chiari Malformation",
        "link": "https://www.webmd.com/a-to-z-guides/understanding-encephalitis-basics",
        "symptoms": [
            "Pain in the lower back of the head into the neck; it usually develops quickly and intensifies with any activity that increases pressure in the brain, such as coughing and sneezing.",
            "Dizziness and problems with balance and coordination",
            "Swallowing difficulties",
            "Sleep apnea"
        ],
        "prevention": [
            "balance",
            "touch",
            "reflexes",
            "sensation",
            "motor skills"
        ],
        "causes": [
            "injury",
            "infection",
            "exposure to toxic substances"
        ]
    },
    {
        "name": "Arrhythmia",
        "link": "https://www.webmd.com/balance/stress-management/aromatherapy-overview",
        "symptoms": [
            "Palpitations (a feeling of skipped heartbeats, fluttering, or “flip-flops”)",
            "Pounding in your chest",
            "Dizziness or feeling lightheaded",
            "Fainting",
            "Shortness of breath",
            "Chest pain or tightness",
            "Weakness or fatigue (feeling very tired)",
            "Anxiety",
            "Blurry vision",
            "Sweating",
            "Rapid heartbeat",
            "Slow heartbeat"
        ],
        "prevention": [
            "Eat a healthy diet. Get plenty of fruits and vegetables, fish, and plant-based proteins. Avoid saturated and trans fats.",
            "Keep cholesterol and blood pressure under control.",
            "Don’t smoke.",
            "Keep a healthy weight.",
            "Exercise regularly.",
            "Manage stress.",
            "Limit alcohol and caffeine."
        ],
        "causes": [
            "Heart disease",
            "The wrong balance of electrolytes (such as sodium or potassium) in your blood",
            "Heart injury or changes such as reduced blood flow or stiff heart tissue",
            "The healing process after heart surgery",
            "Infection or fever",
            "Certain medications, including antidepressants, decongestants, and high blood pressure medications",
            "Problems with electrical signals in your heart",
            "Strong emotions, stress, or surprise",
            "Things in your daily life such as alcohol, tobacco, caffeine, or exercise",
            "Diabetes",
            "High blood pressure",
            "COVID-19 infection",
            "Sleep apnea",
            "Problems with your thyroid gland",
            "Anxiety",
            "Cardiomyopathy ",
            "Changes in hormone levels"
        ]
    },
    {
        "name": "Arthritis, Juvenile Rheumatoid",
        "link": "https://www.webmd.com/arthritis/septic-arthritis-symptoms-diagnosis-and-treatment",
        "symptoms": [
            "Fevers of 103 F or higher",
            "Pink rash that comes and goes",
            "Eye inflammation",
            "Joint pain or stiffness",
            "Limping",
            "Swelling in joints",
            "Being less active",
            "Trouble with movements of hands or fingers, affecting things like handwriting or coloring",
            "Problems with bone development and growth"
        ],
        "prevention": [
            "Stop inflammation",
            "Ease pain and swelling",
            "Strengthen joints and help them move better",
            "Prevent joint damage and other complications"
        ],
        "causes": [
            "Fevers of 103 F or higher",
            "Pink rash that comes and goes",
            "Eye inflammation",
            "Joint pain or stiffness",
            "Limping",
            "Swelling in joints",
            "Being less active",
            "Trouble with movements of hands or fingers, affecting things like handwriting or coloring",
            "Problems with bone development and growth"
        ]
    },
    {
        "name": "Arthritis, Psoriatic",
        "link": "https://www.webmd.com/rheumatoid-arthritis/juvenile-idiopathic-arthritis",
        "symptoms": [
            "Swollen fingers and toes",
            "Foot pain",
            "Lower back pain",
            "Fatigue",
            "Swelling and pain around tendons",
            "Stiffness and tiredness in the morning",
            "Less range of motion",
            "Nail changes",
            "Eye redness and pain",
            "Scaly skin, especially on your knees, elbows, and scalp"
        ],
        "prevention": [
            "Nonsteroidal anti-inflammatory drugs (NSAIDs). These are over-the-counter medications like ibuprofen and naproxen.",
            "Disease-modifying antirheumatic drugs (DMARDs). These can slow or stop pain, swelling, and joint and tissue damage. If NSAIDs don’t work, your doctor will try DMARDs. They may take longer to work.",
            "Immunosuppressants. If you can’t take a DMARD, you might get a type of drug called an immunosuppressant. These drugs curb your immune system, which is what’s causing the problem in an autoimmune condition like PsA. But they can also make it more likely that you’ll get an infection.",
            "UV light. Therapy with UVA light can ease skin symptoms in people who have severe psoriasis. But it may also raise your chances of skin cancer.",
            "Biologics. If immune suppression doesn't work, your doctor may prescribe a biologic. These are a newer type of DMARD. Rather than weaken your entire immune system, these medications block a protein that causes inflammation.",
            "Enzyme inhibitor. This works by blocking a certain enzyme, a kind of protein, called PDE-4. That helps slow other reactions that lead to inflammation.",
            "Steroids. These can help control inflammation, but doctors don’t use them often for PsA because they can make your skin rash worse. Doctors prescribe steroids only when you really need them. If you use them for a long time, you could have serious side effects such as brittle bones, weight gain, hypertension, and diabetes.",
            "Surgery. A severely damaged joint can be replaced with a new one made from metal and plastic."
        ],
        "causes": [
            "Genes. Having a parent with psoriasis triples your chance of getting psoriasis and makes you more likely to have psoriatic arthritis.",
            "Infection. An infection that sets off your immune system could be to blame. Psoriasis, for example, is often triggered by strep throat."
        ]
    },
    {
        "name": "Autoimmune Thyroiditis",
        "link": "https://www.webmd.com/pain-management/hypnosis-meditation-and-relaxation-for-pain-treatment",
        "symptoms": [
            "Tiredness",
            "Sensitivity to cold",
            "Puffy face",
            "Trouble pooping",
            "Enlarged tongue",
            "Pale, dry skin and brittle nails",
            "Hair loss",
            "Weight gain",
            "Muscle aches and joint pain",
            "Depression",
            "Memory lapse",
            "Heavy menstrual bleeding"
        ],
        "prevention": [
            "Iron supplements",
            "A cholesterol medicine called cholestyramine (Locholest, Prevalite, Questran)",
            "Antacids that have aluminum hydroxide",
            "An ulcer medicine called sucralfate (Carafate)",
            "Calcium supplements"
        ],
        "causes": [
            "Are a woman",
            "Are middle-aged",
            "Have another autoimmune disorder like lupus, type 1 diabetes, or rheumatoid arthritis",
            "Are related to someone who has autoimmune thyroiditis",
            "Have been exposed to environmental radiation"
        ]
    },
    {
        "name": "Autosomal Dominant Polycystic Kidney Disease",
        "link": "https://www.webmd.com/women/whatis-autoimmune-thyroiditis",
        "symptoms": [
            "Pain in your back or sides, often because of a burst cyst, a kidney stone, or a urinary tract infection",
            "Blood in your pee",
            "Swelling in your belly as the cysts grow"
        ],
        "prevention": [
            "Medicine to prevent kidney failure. Tolvaptan (Jynarque) can slow the decline of kidney function for adults whose disease is at risk of quickly getting worse.",
            "Medicines to lower your blood pressure",
            "Antibiotics to treat urinary tract infections",
            "Pain medicines"
        ],
        "causes": [
            "What kind of symptoms are you having? When did they start?",
            "How often do you feel that way?",
            "Do you know your blood pressure?",
            "Have you been having any pain? If so, where?",
            "Have you ever had kidney stones? How often do you get them?",
            "Has anyone in your family been diagnosed with kidney disease?",
            "Have you ever had a genetic test?"
        ]
    },
    {
        "name": "Avascular Necrosis of Bone",
        "link": "https://www.webmd.com/digestive-disorders/autosomal-dominant-polycystic-kidney-disease",
        "symptoms": [
            "Alcohol. Several drinks a day can cause fat deposits to form in your blood, which lower the blood supply to your bones.",
            "Bisphosphonates. These medications that boost bone density could lead to osteonecrosis of the jaw. This could be more likely if you’re taking them for multiple myeloma or metastatic breast cancer.",
            "Medical treatments. Radiation therapy for cancer can weaken bones. Other conditions linked to AVN include organ transplants, like kidney transplants.",
            "Steroid drugs. Long-term use of these inflammation-fighting drugs, either by mouth or in a vein, leads to 35% of all cases of nontraumatic AVN. Doctors don’t know why, but longtime use of medications like prednisone can lead to AVN. They think the meds can raise fat levels in your blood, which lowers blood flow.",
            "Trauma. Breaking or dislocating a hip can damage nearby blood vessels and cut the blood supply to your bones. AVN may affect 20% or more of people who dislocate a hip.",
            "Blood clots, inflammation, and damage to your arteries. All of these can block blood flow to your bones."
        ],
        "prevention": [
            "Cut back on alcohol. Heavy drinking is a leading risk factor for AVN.",
            "Keep your cholesterol in check. Small bits of fat are the most common thing blocking blood supply to you bones.",
            "Use steroids carefully. Your doctor should keep tabs on you while you’re taking these medications. Let them know if you’ve used them in the past. Taking them over and over again can worsen bone damage.",
            "Don't smoke. It boosts your AVN risk."
        ],
        "causes": [
            "Alcohol. Several drinks a day can cause fat deposits to form in your blood, which lower the blood supply to your bones.",
            "Bisphosphonates. These medications that boost bone density could lead to osteonecrosis of the jaw. This could be more likely if you’re taking them for multiple myeloma or metastatic breast cancer.",
            "Medical treatments. Radiation therapy for cancer can weaken bones. Other conditions linked to AVN include organ transplants, like kidney transplants.",
            "Steroid drugs. Long-term use of these inflammation-fighting drugs, either by mouth or in a vein, leads to 35% of all cases of nontraumatic AVN. Doctors don’t know why, but longtime use of medications like prednisone can lead to AVN. They think the meds can raise fat levels in your blood, which lowers blood flow.",
            "Trauma. Breaking or dislocating a hip can damage nearby blood vessels and cut the blood supply to your bones. AVN may affect 20% or more of people who dislocate a hip.",
            "Blood clots, inflammation, and damage to your arteries. All of these can block blood flow to your bones."
        ]
    }
]