[
    {
        "name": "Bacterial Meningitis",
        "link": "https://www.webmd.com/arthritis/septic-arthritis-symptoms-diagnosis-and-treatment",
        "symptoms": [
            "Confusion",
            "Fever",
            "Headache",
            "Numbness in your face",
            "Sensitivity to light",
            "Stiff neck so that you can’t lower your chin to your chest",
            "Upset stomach or vomiting",
            "Severe headache with nausea or vomiting",
            "A hard time concentrating",
            "Seizures",
            "Sleepiness or a hard time waking up",
            "Lack of appetite",
            "Lack of thirst"
        ],
        "prevention": [
            "Wash your hands often. Rinse well. Also, teach your kids to wash their hands often, especially after eating, using the toilet, or when they’re in public places.",
            "Don’t share items such as toothbrushes, eating utensils, or lipstick.",
            "Don’t share food items or drinks with other people.",
            "Cover your mouth and nose when you cough or sneeze.",
            "Stay healthy. Eat a healthy diet, get plenty of exercise, and rest at night.",
            "If you’re pregnant, eat well-cooked food.Avoid foods made from unpasteurized milk and raw or undercooked meats, fish, and eggs. ",
            "Get immunized. Follow your doctor’s advice on getting immunization shots for diseases that may cause meningitis, including flu and pneumonia vaccines."
        ],
        "causes": [
            "Autoimmune disorders",
            "Cancer medications",
            "Syphilis",
            "Tuberculosis"
        ]
    },
    {
        "name": "Bacterial Meningococcal Meningitis",
        "link": "https://www.webmd.com/children/understanding-meningitis-basics",
        "symptoms": [
            "General poor feeling",
            "Sudden high fever",
            "Severe, persistent headache",
            "Neck stiffness",
            "Nausea or vomiting",
            "Discomfort in bright lights",
            "Drowsiness or difficulty awakening",
            "Joint pain",
            "Confusion or other mental changes"
        ],
        "prevention": [
            "You notice symptoms of meningococcal meningitis.",
            "Symptoms do not improve with treatment.",
            "You think you have been exposed to meningococcal meningitis."
        ],
        "causes": [
            "General poor feeling",
            "Sudden high fever",
            "Severe, persistent headache",
            "Neck stiffness",
            "Nausea or vomiting",
            "Discomfort in bright lights",
            "Drowsiness or difficulty awakening",
            "Joint pain",
            "Confusion or other mental changes"
        ]
    },
    {
        "name": "Bacterial Vaginosis",
        "link": "https://www.webmd.com/children/meningococcal-meningitis-symptoms-causes-treatments-and-vaccines",
        "symptoms": [
            "Pain, burning, or itching in the vagina",
            "Burning sensation when you pee",
            "Fishy smell that gets stronger after sex",
            "Thin white, gray, or green discharge",
            "Stomach pain",
            "Higher vaginal pH"
        ],
        "prevention": [
            "Clean sex toys after every use.",
            "Get tested for STDs, and make sure your sex partners are tested.",
            "Limit your number of sex partners.",
            "Use a condom or dental dam during sex.",
            "Use only water or mild unscented soap to wash your vagina."
        ],
        "causes": [
            "Smoke.",
            "Are sexually active. Being sexually active is a risk factor, especially if you don’t use condoms or dental dams. BV isn’t sexually transmitted, but researchers think that sex may change the balance of bacteria in your vagina, which makes an overgrowth of unhealthy bacteria more likely.",
            "Use a douche. Douching upsets the natural balance of bacteria. So can scented soaps, bubble baths, and vaginal deodorants.",
            "Have a new or multiple sex partners. Having a new sex partner, or more than one, makes it more likely for you to develop BV. It isn’t clear why, but people with vaginas who have female partners are most at risk. You can get BV from oral, vaginal, and anal sex.",
            "Are in your reproductive years. Children and people who have never had sex or who are not sexually active rarely get BV. More research is needed to know how common BV is after menopause.",
            "Use an intrauterine device (IUD). Using an IUD, which is a form of birth control that fits inside your uterus, has also been linked to BV, especially if you have irregular bleeding. But it isn’t clear whether it’s a direct cause.",
            "Have a naturally low level of lactobacilli bacteria in your vagina.",
            "Are taking antibiotics."
        ]
    },
    {
        "name": "Bartter's Syndrome",
        "link": "https://www.webmd.com/women/bartholins-gland-cyst",
        "symptoms": [
            "Constipation",
            "Frequent urination",
            "Generally feeling unwell",
            "Muscle weakness and cramping",
            "Salt cravings",
            "Severe thirst",
            "Slower than normal growth and development"
        ],
        "prevention": [
            "Indomethacin, an anti-inflammatory drug that helps their body make less urine",
            "Potassium-sparing diuretics, which help them keep potassium",
            "RAAS inhibitors, which help keep them from losing potassium",
            "Calcium, potassium or magnesium supplements or a combination of them",
            "Food high in salt, water, and potassium",
            "Fluids put directly into a vein (for infants with severe forms)"
        ],
        "causes": [
            "Too little salt can cause dehydration, constipation, and frequent peeing.",
            "Too little calcium can weaken bones and cause frequent kidney stones.",
            "Low blood levels of potassium can cause muscle weakness, cramping, and fatigue."
        ]
    },
    {
        "name": "Basal Cell Carcinoma",
        "link": "https://www.webmd.com/children/bartter-syndrome-facts",
        "symptoms": [
            "An open sore that doesn't heal. It might ooze liquid or blood or form a crust. It might go away and then come back.",
            "A reddish, irritated-looking patch of skin. This could be on your face, chest, shoulder, arm, or leg. It might not bother you at all. Or it could itch or form a crust.",
            "A shiny bump. On white skin, it might appear pearly, clear, pink, red, or white. On darker skin, it might be tan, black or brown. If you have darker skin, you might mistake it for a mole.",
            "A small pink growth with a slightly raised edge and a crusty dent in the middle. You might see tiny blood vessels on the surface. ",
            "An area that looks like a scar. It could be white, yellow, or waxy. The skin may be shiny and tight. The area might not have obvious borders."
        ],
        "prevention": [
            "Large",
            "In a sensitive area of your body",
            "Has been there for a long time",
            "Came back after you had other treatments"
        ],
        "causes": [
            "Exposure to UV rays, either from the sun or indoor tanning",
            "History of skin cancer, including other types such as squamous cell carcinoma and melanoma ",
            "Your age. People older than 50 get basal cell carcinoma more often.",
            "Fair skin. Anyone can get basal cell carcinoma. But the chances are higher if you have skin that burns or freckles easily. ",
            "Being a man or assigned male at birth. Women, or people assigned female at birth, are less likely to get basal cell carcinoma.",
            "Ongoing skin infections and inflammation from burns, scars, or other problems."
        ]
    },
    {
        "name": "Bilateral Acoustic Neurofibromatosis",
        "link": "https://www.webmd.com/beauty/default.htm",
        "symptoms": [
            "\n\n\n\n\n\n\n\n\n\n\n\t\t\t\t\t\t\t\t\t\t\t\t\t\tNeurofibromatosis. Also called Recklinghausen’s disease, neurofibromatosis is characterized by areas of pigmentation like this café au lait spot on a 16-year-old. NF1 is a genetic disorder of the nervous system causing neurofibromas (tumors) to grow on the fibrous covering of nerves. Spots like this one can appear on the skin and can sometimes be accompanied by physical deformation. Most are benign but they can become malignant and those with NF1 have a predisposition to brain tumors and various forms of cancer. People with this disorder should seek genetic counseling before planning a child. Dermatologists look for more than six cafe au lait macules greater than 5mm in greatest diameter in pre-pubescent kids and greater than 15 mm in postpubertal people to initiate a workup for Neurofibromatosis 1.\n\t\t\t\t\t\t\t\t\t\t\t\t\t\n\n\n\nSeveral (usually 6 or more) café au lait spots",
            "Multiple freckles in the armpit or groin area",
            "Tiny growths in the iris (colored area) of the eye; these are called Lisch nodules and usually do not affect eyesight.",
            "Neurofibromas that occur on or under the skin, sometimes even deep within the body. These are benign (harmless) tumors. But in rare cases, they can turn malignant or cancerous.",
            "Bone deformities, including a twisted spine (scoliosis) or bowed legs",
            "Tumors along the optic nerve, which may cause eyesight problems",
            "Nerve-related pain",
            "High blood pressure",
            "Osteoporosis",
            "Learning disabilities",
            "Large head size",
            "Short stature"
        ],
        "prevention": [
            "Surgery to remove problem growths or tumors",
            "Treatment that includes chemotherapy or radiation if a tumor has turned malignant, or cancerous",
            "Surgery for bone problems, like scoliosis",
            "Therapy (including physical therapy, counseling, or support groups)",
            "Cataract removal surgery",
            "Aggressive treatment of pain linked to the condition",
            "Stereotactic radiosurgery",
            "Auditory brainstem and cochlear implants"
        ],
        "causes": [
            "Neurofibromatosis 1 (NF1): The NF1 gene on chromosome 17 makes a protein called neurofibromin that controls your cells’ growth. The mutation of this gene causes a neurofibromin loss and uncontrolled cell growth.",
            "Neurofibromatosis 2 (NF2): The NF2 gene on chromosome 22 makes a protein called merlin or schwannomin. It suppresses tumors. Changes to this gene cause a loss of merlin and uncontrolled cell growth.",
            "Schwannomatosis: Mutations of the two known genes linked to schwannomatosis, SMARCB1 and LZTR1, which both suppress tumors, are associated with this type of neurofibromatosis."
        ]
    },
    {
        "name": "Bilateral Acoustic Neuroma",
        "link": "https://www.webmd.com/pain-management/neurofibromatosis",
        "symptoms": [
            "Problems with balance",
            "Vertigo (feeling like the world is spinning)",
            "Facial numbness and tingling, which may be constant or come and go",
            "Facial weakness",
            "Taste changes",
            "Difficulty swallowing and hoarseness",
            "Headaches",
            "Clumsiness or unsteadiness",
            "Confusion"
        ],
        "prevention": [
            "Observation",
            "Surgery",
            "Radiation therapy"
        ],
        "causes": [
            "Observation",
            "Surgery",
            "Radiation therapy"
        ]
    },
    {
        "name": "Bilateral Polycystic Ovarian Syndrome",
        "link": "https://www.webmd.com/brain/acoustic-neuroma-causes-symptoms-treatments",
        "symptoms": [
            "Hair loss. PCOS can cause the hair on your head to get thinner, especially if you're middle-aged or older.",
            "Excess face and body hair (hirsutism). At the same time, hair may grow in places you don’t want it, like your face, chest, belly, arms, fingers, and toes.",
            "Oily skin. Extra androgens can lead to oilier skin.",
            "Acne. You might have breakouts on your face, chest, and/or back.",
            "Darkened skin. Patches of skin that look darker than the surrounding area can show up under your breasts or arms, or on your neck.",
            "Skin tags. These little flaps of excess skin most often appear on your neck or armpits.",
            "PCOS pain. You may have pain in your lower-belly (pelvic) area during your period and occasionally at other times.",
            "Weight gain (PCOS belly). About 50% of those with PCOS have weight gain, especially in the abdominal (belly) area.",
            "Ovarian cysts. When you have an ultrasound, your doctor might notice that your ovaries look bigger or have lots of egg sac cysts (follicles).",
            "Mood changes. PCOS raises your risk of mood swings and feelings of depression or anxiety. This can be caused by hormonal changes as well as the strain of dealing with PCOS symptoms."
        ],
        "prevention": [
            "Hormonal birth control. If you aren’t planning to get pregnant, your doctor might prescribe hormonal birth control, such as the patch, pill, shot, or hormonal IUD. They might contain estrogen, progesterone, or both. They can get your periods on track, help with acne and extra body hair, and lower your risk of endometrial cancer.",
            "Progestin therapy. This hormone can help normalize your menstrual cycle and reduce your odds of uterine cancer. It doesn't prevent pregnancy or reduce levels of androgens.",
            "Insulin-sensitizing medications. Metformin, a drug used to treat type 2 diabetes, helps lower insulin and androgen levels. While it's not FDA-approved to treat PCOS, it can help with ovulation and period problems.",
            "Androgen blockers. These drugs block the effects of the extra male hormones that cause issues such as unwanted hair growth and acne. But don't take them if you're pregnant or plan to get pregnant, because they can cause birth defects. While you're on them, you should use two different types of birth control."
        ],
        "causes": [
            "Excess weight. The link between weight and PCOS is complicated. Weight gain plays a role in the development of the condition. But PCOS can alsocontribute to weight gain.",
            "High levels of androgens. This condition, called hyperandrogenism, affects most people with PCOS.",
            "Insulin resistance. Extra insulin can affect your ovaries and their ability to release eggs (ovulate). It can also make it easier to gain weight and harder to lose it.",
            "Long-term, low-grade inflammation. This also contributes to your body's overproduction of androgens."
        ]
    },
    {
        "name": "Binge-Purge Disorder",
        "link": "https://www.webmd.com/mental-health/eating-disorders/binge-eating-disorder/default.htm",
        "symptoms": [
            "Dental problems",
            "Sore throat",
            "Swollen glands in your neck and face",
            "Heartburn, indigestion, bloating",
            "Irregular periods",
            "Weakness, exhaustion, bloodshot eyes",
            "Calluses on your knuckles or backs of your hands from making yourself vomit",
            "Gaining and losing weight often. Your weight is usually in the normal range, but you may be overweight.",
            "Dizziness or fainting",
            "Feeling cold all the time",
            "Sleep problems",
            "Dry skin, and dry and brittle nails"
        ],
        "prevention": [
            "Have regular family mealtimes as often as possible.",
            "Don't talk about weight with your children. Instead, focus on healthy habits.",
            "Try to promote a healthy, realistic body image in your kids.",
            "Discourage fad dieting."
        ],
        "causes": [
            "Being female",
            "Depression and anxiety disorders",
            "Substance use disorders",
            "Traumatic events",
            "Stress",
            "Frequent dieting"
        ]
    },
    {
        "name": "Black Death",
        "link": "https://www.webmd.com/parenting/stop-children-from-biting",
        "symptoms": [
            "Bleeding under your skin or from your mouth, nose, or bottom",
            "Blackened skin, especially on your nose, fingers, and toes",
            "Belly pain, diarrhea, vomiting, and shock"
        ],
        "prevention": [
            "Fill holes and gaps in your home to stop mice, rats, and squirrels from getting in.",
            "Clean up your yard. Get rid of piles of leaves, wood, and rocks where animals might make their homes.",
            "Use bug repellent with DEET to prevent flea bites when you hike or camp.",
            "Wear gloves if you have to touch wild animals, alive or dead.",
            "Use flea control sprays or other treatments on your pets.",
            "Don’t let outdoor pets like cats or dogs sleep in your bed."
        ],
        "causes": [
            "Touch a living or dead animal that might have been infected, like a rat, mouse, squirrel, rabbit, or chipmunk",
            "Work with animals regularly",
            "Spend a lot of time outdoors working, hiking, camping, or hunting",
            "Spend time with someone who has the plague"
        ]
    },
    {
        "name": "Black Eye",
        "link": "https://www.webmd.com/a-to-z-guides/plague-faq",
        "symptoms": [
            "Amyloidosis, a rare condition that leads to the buildup of a protein called amyloids in your organs",
            "Autoimmune conditions such as lupus",
            "Certain cancers, such as Kaposi sarcoma and multiple myeloma ",
            "Concussion",
            "Hemophilia",
            "Some infections, such as a sinus infection",
            "A blood clot in your sinuses",
            "Some liver conditions"
        ],
        "prevention": [
            "Always wear your seat belt while riding in a car.",
            "If you're at risk of work-related injuries, wear goggles, a face shield, or other protective gear.",
            "If you or your child play a sport that can lead to eye injury, such as baseball or basketball, ask an optician or eye doctor about protective eyewear. Face masks and special glasses or goggles can help. You can also use softer safety balls, especially for younger players. ",
            "Avoid boxing, a common cause of black eyes. "
        ],
        "causes": [
            "Amyloidosis, a rare condition that leads to the buildup of a protein called amyloids in your organs",
            "Autoimmune conditions such as lupus",
            "Certain cancers, such as Kaposi sarcoma and multiple myeloma ",
            "Concussion",
            "Hemophilia",
            "Some infections, such as a sinus infection",
            "A blood clot in your sinuses",
            "Some liver conditions"
        ]
    },
    {
        "name": "Black Hairy Tongue",
        "link": "https://www.webmd.com/eye-health/understanding-black-eye-basics",
        "symptoms": [
            "If you smoke, quit.",
            "Add more roughage to your diet. Soft foods won't clean off the tongue effectively."
        ],
        "prevention": [
            "If you smoke, quit.",
            "Add more roughage to your diet. Soft foods won't clean off the tongue effectively."
        ],
        "causes": [
            "poor oral hygiene",
            "smoking tobacco",
            "drinking a lot of coffee or tea",
            "using antibiotics (which may disrupt the normal balance of bacteria in the mouth)",
            "being dehydrated",
            "taking medications that contain the chemical bismuth (such as Pepto-Bismol for upset stomach)",
            "not producing enough saliva",
            "regularly using mouthwash that contains peroxide, witch hazel, or menthol",
            "getting radiation therapy to the head and neck"
        ]
    },
    {
        "name": "Bleeding from a Minor Head Wound",
        "link": "https://www.webmd.com/a-to-z-guides/understanding-bladder-infections-basic-information",
        "symptoms": [
            "Confusion",
            "Depression",
            "Dizziness or balance problems",
            "Double or fuzzy vision",
            "Feeling foggy or groggy",
            "Feeling sluggish or tired",
            "Headache",
            "Memory loss",
            "Nausea",
            "Sensitivity to light or noise",
            "Sleep disturbance",
            "Trouble concentrating",
            "Trouble remembering"
        ],
        "prevention": [
            "Baseball and softball",
            "Cycling",
            "Football",
            "Hockey",
            "Horseback riding",
            "Riding powered recreational vehicles",
            "Skateboarding and riding scooters",
            "Skiing",
            "Snowboarding",
            "Wrestling"
        ],
        "causes": [
            "Car or motorcycle accidents ",
            "Falls",
            "Child abuse",
            "Acts of violence"
        ]
    },
    {
        "name": "Blepharitis",
        "link": "https://www.webmd.com/fitness-exercise/head-injuries-causes-and-treatments",
        "symptoms": [
            "Feeling like something is in your eye",
            "A burning feeling in your eye",
            "Sensitivity to light",
            "Blurry vision",
            "Dry eyes",
            "Red eyes",
            "Watery eyes",
            "Crusty eyelashes when you wake up in the morning"
        ],
        "prevention": [
            "Keep your eyelids clean.",
            "Remove all eye makeup before bed.",
            "Don’t use eyeliner on the back edges of your eyelids, behind the lashes.",
            "If you’re in the early stages of treating blepharitis, prevent further irritation by not using makeup.",
            "Once you start to use it again, replace products that you use in or near your eyelids. They may be contaminated."
        ],
        "causes": [
            "Excess bacteria",
            "A blocked oil gland on your eyelid",
            "Hormone problems",
            "Allergies",
            "Infection with a virus",
            "Skin conditions such as seborrheic dermatitis, rosacea, and eczema",
            "Tiny insects called mites"
        ]
    },
    {
        "name": "Bone Spurs",
        "link": "https://www.webmd.com/teens/teen-girls-body-ear-piercing",
        "symptoms": [
            "Pain in the affected joint",
            "Pain or stiffness when you try to bend or move the affected joint",
            "Weakness, numbness, or tingling in your arms or legs if the bone spur presses on nerves in your spine",
            "Muscle spasms, cramps, or weakness",
            "Bumps under your skin, seen mainly in the hands and fingers",
            "Trouble controlling your bladder or bowels if the bone spur presses on certain nerves in your spine (a symptom that's seen very rarely)"
        ],
        "prevention": [
            "Wear shoes with a wide toe box, good arch support, and enough cushion to pad each step. Get your shoes fitted by a professional so they don't rub against your feet when you walk. Wear thick socks to prevent your shoes from rubbing.",
            "Eat a well-rounded diet with plenty of calcium and vitamin D to protect your bones.",
            "Do regular weight-bearing exercises like walking or stair climbing to keep your bones strong.",
            "Try to keep the extra pounds off."
        ],
        "causes": [
            "Overuse – for example, if you run or dance a lot over a long period of time",
            "Genes",
            "Diet",
            "Obesity",
            "Bone problems that you were born with",
            "Narrowing of the spine (spinal stenosis)"
        ]
    },
    {
        "name": "Bowen's Disease",
        "link": "https://www.webmd.com/digestive-disorders/what-is-bowel-obstruction",
        "symptoms": [
            "Flat",
            "Larger than a half-inch wide",
            "Scaly",
            "Crusty",
            "Oozing",
            "Itchy",
            "Sore"
        ],
        "prevention": [
            "Curettage and electrodessication: You’re given a shot of anesthetic to numb the area, and your doctor scrapes off the patches with a special tool. Then they’ll use high-frequency electric current to stop the bleeding. They may repeat the process if there are still cancer cells in deeper tissue.",
            "Fluorouracil: This is medication you put on your skin. It keeps the abnormal cells from growing and reproducing. It can cause redness, soreness, or peeling after 1 or 2 weeks, but this usually goes away within a month or two.",
            "Imiquimod: This is also medication you put on your skin. Doctors don’t know exactly how it works against cancer, but when it’s used to treat warts, it helps your immune system fight the virus that causes them.",
            "Liquid nitrogen cryosurgery: Your doctor sprays liquid nitrogen onto the affected area to freeze it. Afterward, the area will peel, blister, or scab over, depending on the amount used.",
            "Laser removal: Your doctor will use light energy (photons) to burn off the area.",
            "Photodynamic (“light”) therapy: This uses ultraviolet light rays to heal your skin. Sometimes you may put medication on your skin to make the cells more sensitive to the light.",
            "Radiation therapy: One type uses very tiny electrically charged particles (electrons) to target and kill cancer cells. This type of radiation enters only the upper layers of your skin, so deeper tissues and organs are safe."
        ],
        "causes": [
            "Curettage and electrodessication: You’re given a shot of anesthetic to numb the area, and your doctor scrapes off the patches with a special tool. Then they’ll use high-frequency electric current to stop the bleeding. They may repeat the process if there are still cancer cells in deeper tissue.",
            "Fluorouracil: This is medication you put on your skin. It keeps the abnormal cells from growing and reproducing. It can cause redness, soreness, or peeling after 1 or 2 weeks, but this usually goes away within a month or two.",
            "Imiquimod: This is also medication you put on your skin. Doctors don’t know exactly how it works against cancer, but when it’s used to treat warts, it helps your immune system fight the virus that causes them.",
            "Liquid nitrogen cryosurgery: Your doctor sprays liquid nitrogen onto the affected area to freeze it. Afterward, the area will peel, blister, or scab over, depending on the amount used.",
            "Laser removal: Your doctor will use light energy (photons) to burn off the area.",
            "Photodynamic (“light”) therapy: This uses ultraviolet light rays to heal your skin. Sometimes you may put medication on your skin to make the cells more sensitive to the light.",
            "Radiation therapy: One type uses very tiny electrically charged particles (electrons) to target and kill cancer cells. This type of radiation enters only the upper layers of your skin, so deeper tissues and organs are safe."
        ]
    },
    {
        "name": "BPH (Benign Prostatic Hyperplasia)",
        "link": "https://www.webmd.com/cancer/what-is-bowens-disease",
        "symptoms": [
            "Dribbling when you finish",
            "A hard time getting started",
            "A weak stream, or you pee in stops and starts"
        ],
        "prevention": [
            "Do exercises to strengthen your pelvic floor muscles",
            "Lower the amount of fluids you drink, especially before you go out or go to bed",
            "Drink less caffeine and alcohol"
        ],
        "causes": [
            "Dribbling when you finish",
            "A hard time getting started",
            "A weak stream, or you pee in stops and starts"
        ]
    },
    {
        "name": "Brain Aneurysm",
        "link": "https://www.webmd.com/brain/default.htm",
        "symptoms": [
            "Intense headache that comes on suddenly",
            "Loss of consciousness",
            "Nausea and vomiting",
            "Drowsiness",
            "Loss of balance in things like walking and normal coordination",
            "Stiff neck",
            "Dilated pupils",
            "Sensitivity to light",
            "Sudden blurred or double vision",
            "Drooping eyelid",
            "Confusion or trouble with mental awareness",
            "Cardiac arrest (when the heart suddenly stops beating)",
            "Seizure"
        ],
        "prevention": [
            "Stop smoking if you smoke",
            "Keep high blood pressure under control",
            "Don't use drugs, such as cocaine",
            "Don't drink large amounts of alcohol",
            "Eat a balanced diet",
            "Work out regularly and avoid constant heavy lifting (stick with moderate exercise)"
        ],
        "causes": [
            "High blood pressure",
            "Atherosclerosis, a disease in which fat builds up inside the walls of your arteries (blood vessels that deliver oxygen-rich blood throughout your body)",
            "Diseases affecting your blood or blood vessels:Connective tissue disorders such as Ehlers-Danlos syndromePolycystic kidney disease",
            "Connective tissue disorders such as Ehlers-Danlos syndrome",
            "Polycystic kidney disease",
            "Injury or trauma to your head",
            "Infection",
            "Cancer or tumors in your head and neck",
            "Abnormalities at birth, such as tangled blood vessels in your brain, abnormally narrow aorta (coarctation of the aorta), or cerebral AVM (brain AVM)",
            "Family history of brain aneurysms",
            "Smoking",
            "Alcohol use, especially binge drinking",
            "Drug abuse, of stimulants like cocaine or amphetamines."
        ]
    },
    {
        "name": "Brazilian Pemphigus Foliaceus",
        "link": "https://www.webmd.com/cancer/brain-cancer/brain-cancer",
        "symptoms": [
            "Skin infections",
            "Infections that get into the bloodstream (sepsis)",
            "Being unable to eat, leading to weight loss and malnutrition",
            "Depression",
            "Some forms of the condition can cause death if not treated"
        ],
        "prevention": [
            "Skin infections",
            "Infections that get into the bloodstream (sepsis)",
            "Being unable to eat, leading to weight loss and malnutrition",
            "Depression",
            "Some forms of the condition can cause death if not treated"
        ],
        "causes": [
            "Of Jewish ancestry",
            "Of Indian, Middle Eastern, or Southeastern European descent",
            "Are 40 years old and older",
            "People with autoimmune diseases, especially the disease myasthenia gravis."
        ]
    },
    {
        "name": "Breast Development in Boys",
        "link": "https://www.webmd.com/breast-cancer/breast-cancer-treatment",
        "symptoms": [
            "A lump under your nipple (often the first sign people notice)",
            "Tenderness",
            "Soreness",
            "Swelling"
        ],
        "prevention": [
            "Avoid recreational drugs, such as anabolic steroids, androgens, weed, or heroin.",
            "Limit the amount of alcohol you drink. Less is healthier.",
            "Go over your medications with your doctor. If any of them can cause gynecomastia, ask if there are alternatives."
        ],
        "causes": [
            "Infancy: Over half of male babies have swollen breasts for the first few weeks after they're born.",
            "Puberty: This can last a few months or a few years. ",
            "Older age: After you reach 50, gynecomastia becomes more common."
        ]
    },
    {
        "name": "Brittle Bone Disease",
        "link": "https://www.webmd.com/baby/understanding-labor-delivery-complications-detection-treatment",
        "symptoms": [
            "Broken bones (fractures)",
            "Bleeding and easy bruising (frequent nosebleeds or heavy bleeding after an injury)",
            "Blue color in the white part of the eyes",
            "Bowing of the legs",
            "Breathing problems",
            "Brittle, discolored teeth",
            "Curved spine, called scoliosis",
            "Feeling very tired",
            "Skin that is easily hurt",
            "Hearing loss that starts in early adulthood",
            "Can’t stand warm temperatures",
            "Loose joints",
            "Short height",
            "Weak muscles and tissues"
        ],
        "prevention": [
            "Splints and casts for broken bones",
            "Braces for weak legs, ankles, knees, and wrists",
            "Physical therapy to strengthen the body and improve movement",
            "Medicine to make the bones stronger",
            "Surgery to implant rods in the arms or legs",
            "Special dental work, such as crowns, for brittle teeth"
        ],
        "causes": [
            "Broken bones (fractures)",
            "Bleeding and easy bruising (frequent nosebleeds or heavy bleeding after an injury)",
            "Blue color in the white part of the eyes",
            "Bowing of the legs",
            "Breathing problems",
            "Brittle, discolored teeth",
            "Curved spine, called scoliosis",
            "Feeling very tired",
            "Skin that is easily hurt",
            "Hearing loss that starts in early adulthood",
            "Can’t stand warm temperatures",
            "Loose joints",
            "Short height",
            "Weak muscles and tissues"
        ]
    },
    {
        "name": "Buerger's Disease",
        "link": "https://www.webmd.com/children/brittle-bone-disease",
        "symptoms": [
            "Feel cold, numb, or tingly",
            "Look pale, red, or blue in color",
            "Have thin, shiny skin",
            "Have less hair than usual"
        ],
        "prevention": [
            "Medications such as vasodilators to widen your blood vessels or others to dissolve clots",
            "Walking exercises",
            "Intermittent compression of your arms and legs",
            "Surgery to cut nerves to an affected area (sympathectomy)"
        ],
        "causes": [
            "Feel cold, numb, or tingly",
            "Look pale, red, or blue in color",
            "Have thin, shiny skin",
            "Have less hair than usual"
        ]
    },
    {
        "name": "Bunions",
        "link": "https://www.webmd.com/parenting/features/children-bullying-school",
        "symptoms": [
            "Swelling",
            "Redness",
            "Tenderness when you touch it",
            "Pain that is constant or may come and go",
            "Limited movement of the joint or toe",
            "Corns or calluses"
        ],
        "prevention": [
            "Wearing shoes that give your feet space.",
            "Adding pads or cushions to act as a buffer between the bump and your shoes.",
            "Taking over-the-counter pain medicine or anti-inflammatory medicines.",
            "Adding foot support to your shoes.",
            "Icing your bunion, especially when it’s bothering you or you’ve been on your feet too long."
        ],
        "causes": [
            "Genetics. Bunions can run in the family.",
            "Foot structure. Weak or poor foot structure can lead to bunions.",
            "Leg length. If one of your legs is longer than the other, you may develop a bunion on the big toe of the longer one.",
            "Arthritis. Certain types of arthritis make bunions more likely. This is especially true of inflammatory types of arthritis such as rheumatoid arthritis.",
            "Shoes. Wearing high heels or tight shoes may make bunions more likely. This is why they happen in women more than men."
        ]
    },
    {
        "name": "Burning Mouth Syndrome",
        "link": "https://www.webmd.com/a-to-z-guides/yellow-fever-symptoms-treatment",
        "symptoms": [
            "Burning feeling on the tongue, roof of the mouth, gums, inside of the cheeks, and in the back of the throat, which may be relieved with eating or drinking",
            "Numbness or tingling of the tongue, which can come and go",
            "Trouble swallowing",
            "Dry mouth",
            "Sore throat ",
            "Changes in taste, such as a bad taste of metal in your mouth"
        ],
        "prevention": [
            "Medicines that help with nerve-related pain such as amitriptyline (Elavil) and nortriptyline (Aventyl, Pamelor)",
            "Capsaicin, a pain reliever made from hot peppers",
            "Clonazepam (Klonopin), taken in low doses",
            "Female hormone replacement",
            "Mouth rinses",
            "Products that replace your saliva",
            "Vitamin supplements"
        ],
        "causes": [
            "Acid reflux (acid from your stomach comes back up into your mouth)",
            "Allergic reaction to materials used in dentures",
            "Anxiety or depression",
            "Changes in hormones due to the thyroid disease, diabetes, or menopause ",
            "Dry mouth resulting from diseases or treatments; for example, Sjogren’s syndrome and radiation therapy",
            "Medications used to treat blood pressure",
            "Dentures don’t fit well",
            "Lack of iron, vitamin B12, or folic acid",
            "Reaction to certain toothpastes or mouthwashes",
            "Stress",
            "Thrush (a yeast infection in your mouth)"
        ]
    },
    {
        "name": "Bursitis",
        "link": "https://www.webmd.com/first-aid/thermal-heat-or-fire-burns-treatment",
        "symptoms": [
            "Stiff",
            "Swollen",
            "Red"
        ],
        "prevention": [
            "Rest. Rest the area as much as you can, and avoid doing anything that makes the pain worse.",
            "Ice. Put an ice pack or cold compress on the area to help the swelling go down. After the first 2 days of icing it, you can also use a heating pad, hot water bottle, or heat pack, or take a hot bath or shower.",
            "Support the joint. Use a brace, ace bandage/elastic band, or splint to cushion the joint. ",
            "Elevate it. Put the affected joint up on pillows.",
            "Cushioning. Pad the affected area and avoid hard surfaces. For example, use knee pads or a padded mat if you need to kneel down for work, or sit on a donut-shaped pillow or padded cushion instead of on the floor.",
            "Stretching and exercise. Stretch before exercising. Doing exercises that strengthen your core muscles and make you more flexible can help some kinds of bursitis.",
            "Posture. Use good posture and body mechanics. A doctor or physical therapist can help you learn ways to move, sit, and lift that are easy on your body and won’t irritate your joints.",
            "Massage. Massaging the area can help, but you should check with your doctor to make sure your bursitis isn’t caused by an infection before you massage it.",
            "Avoid repetitive movements, pressure, and heavy lifting. If possible, avoid putting pressure on the area, don’t lift heavy things, and try not to do the same motions over and over. If you can’t avoid this, take as many breaks as you can. Ask your doctor for a note if you need to miss work or make changes to the kind of work you do—for example, sitting on a padded chair instead of standing."
        ],
        "causes": [
            "Buttocks bursitisThis is when a bursa near the main muscle of your buttocks becomes inflamed. This type of bursitis is sometimes called “weaver’s bottom” or “tailor’s bottom” because it's more common in people who often sit on hard surfaces, such as the floor or chairs that are not padded.This kind of bursitis can cause pain and aching in your buttocks and upper thighs. The pain is usually worse after you sit for a long time, stretch, or exercise. It might also hurt when you flex, extend, or move your hips.You can use a donut-shaped pillow to make sitting more comfortable. A cold compress on the area can help you feel better."
        ]
    }
]