[
    {
        "name": "E. coli Infection",
        "link": "https://www.webmd.com/a-to-z-guides/health-topics?pg=e",
        "symptoms": [
            "Avoid solid foods until vomiting ends. Then eat light, bland foods, such as saltine crackers, bananas, rice, or bread.",
            "Sipping liquids may help avoid vomiting.",
            "Don’t eat fried, greasy, spicy, or sweet foods.",
            "Don’t take anti-nausea or anti-diarrhea medication without asking your doctor. They have side effects and may make some kinds of diarrhea worse. Your doctor may give you anti-nausea medication if you are at risk of being dehydrated."
        ],
        "prevention": [
            "Sushi and other raw seafoods and partly cooked shellfish like mussels, clams, and scallops.",
            "Refrigerated smoked seafood. These usually have labels that say “Nova-style,” “lox,” “kippered,” “jerky,” or “smoked.” Smoked seafood should be safe if you cook it well or if it has been canned or stored on a shelf.",
            "Unpasteurized juice and cider, including fresh-squeezed. These drinks can be safe if you boil them for 1 minute.",
            "Soft cheeses (Brie and Camembert), blue-veined cheeses (Roquefort) and Mexican-style cheeses (queso blanco, queso fresco, Panela). These are often made from unpasteurized milk, especially when they’re sold at farmer’s markets. Feta is also often made with raw milk. Stick with hard cheeses like cheddar or Swiss.",
            "Raw or partly cooked eggs. That means staying away from cookie and cake batter (not even a lick of the spoon). Same for homemade eggnog, tiramisu, Caesar dressing, hollandaise sauce, and ice cream. If you buy one of these products at the store, check the label to make sure it doesn’t contain raw eggs. At home, cook eggs until the yolk is hard.",
            "Raw or undercooked sprouts such as alfalfa, clover, mung beans, and radishes.",
            "Premade salads from the deli that contain meat or seafood. Canned versions are safe.",
            "Pâtés or meat spreads that have been refrigerated (they may be unpasteurized).",
            "Hot dogs, cold cuts, and luncheon and deli meats, even if they’re labeled cooked. Eat them only after you’ve reheated them steaming hot. Make sure no juices from these products end up on your hands or on plates, utensils, or counters."
        ],
        "causes": [
            "E. coli, a type of bacteria found in the intestines of animals. You can get this from undercooked ground beef, unpasteurized milk, sprouts, or any food or liquid that has had contact with animal feces or sewage. Some strains are harmless. Others can make you very sick.",
            "Listeria is an unusual bacteria that can grow in cold temperatures such as in the refrigerator. It's found in smoked fish, raw (unpasteurized) cheeses, ice cream, pates, hot dogs, and deli meats. Typically, symptoms start within 24 hours of eating the product and you have short-lived gastroenteritis with watery diarrhea, nausea, vomiting, and sometimes fever. That said, it can be much more serious in older people, pregnant women, or those with weakened immune systems. The bacteria can enter the bloodstream and central nervous system and cause an infection called listeriosis. This usually happens within 10 days to a month after exposure. In addition to diarrhea and vomiting, listeria can cause unusual symptoms, including weakness, confusion, and a stiff neck. It can also be deadly. If you have any of these symptoms, call your doctor right away."
        ]
    },
    {
        "name": "Eaton-Lambert Syndrome",
        "link": "https://www.webmd.com/mental-health/mental-health-pica",
        "symptoms": [
            "Weakness in your eye muscles",
            "Drooping eyelids",
            "Double vision",
            "Blurred vision",
            "Change in your facial expression",
            "Trouble swallowing",
            "Shortness of breath",
            "Problems speaking",
            "Problems walking and lifting things",
            "Trouble holding up your head"
        ],
        "prevention": [
            "Cholinesterase inhibitors. These medications boost the communication between your nerves and your muscles. They can help strengthen muscles.",
            "Corticosteroids. Corticosteroids such as prednisone mute your immune system and slow the release of antibodies that could be helping block your nerve receptors.",
            "Immunosuppressants. Your doctor may add immunosuppressants to your corticosteroids to help reduce your immune system response.",
            "Neonatal Fc receptor blocker. It works by blocking the autoantibodies that cause myasthenia gravis and helps ease the symptoms."
        ],
        "causes": [
            "Reflexes",
            "Muscle strength",
            "Muscle tone",
            "Touch",
            "Sight",
            "Coordination",
            "Balance",
            "Fatigability (how soon your muscles weaken)"
        ]
    },
    {
        "name": "Ectodermal Dysplasia, Rapp-Hodgkin type",
        "link": "https://www.webmd.com/a-to-z-guides/ebola-fever-virus-infection",
        "symptoms": [
            "Cleft lip. This is when the upper lip doesn’t fully form and has an opening in it.",
            "Cleft palate. With this, there’s an opening in the roof of the mouth.",
            "Fewer sweat glands or none at all. People with this symptom can’t sweat as much and may easily feel overheated.",
            "Fused eyelids. This means they are joined partly or totally together. There may also be problems with the tear ducts, which can lead to dry eyes and pinkeye.",
            "Growth problems. Weight gain issues, too.",
            "Hearing loss. This can lead to delays in learning to talk.",
            "Missing or unusually shaped nails.",
            "Skin erosion. This is loss of skin in some areas. It can be life-threatening in infants.",
            "Teeth problems. These can include missing teeth, wide gaps between teeth, cone-shaped teeth, and thin enamel (the hard outer covering of the teeth).",
            "Urethra problem in men. The opening of the tube that carries pee outside the body may be on the underside of the penis.",
            "Very little hair -- on both head and face -- and dry or brittle hair."
        ],
        "prevention": [
            "Dental implants for older kids and adults. These are anchors that go into the jaw bone to hold replacement teeth. Younger kids may get dentures, which are replacement teeth that you can easily take out.",
            "Ear tubes. This is done if fluid buildup causes hearing loss and ear infections.",
            "Eye drops for dry eyes.",
            "Gentle wound care for skin erosions. You may also need to clean erosions with a weak bleach solution, such as Dakins solution, to kill germs.",
            "Speech therapy.",
            "Surgery for cleft lip and cleft palate.",
            "Surgery to separate fused eyelids. If the eyelids are joined only in a few small sections, they may come apart on their own without surgery.",
            "Wigs to hide hair loss."
        ],
        "causes": [
            "Cleft lip. This is when the upper lip doesn’t fully form and has an opening in it.",
            "Cleft palate. With this, there’s an opening in the roof of the mouth.",
            "Fewer sweat glands or none at all. People with this symptom can’t sweat as much and may easily feel overheated.",
            "Fused eyelids. This means they are joined partly or totally together. There may also be problems with the tear ducts, which can lead to dry eyes and pinkeye.",
            "Growth problems. Weight gain issues, too.",
            "Hearing loss. This can lead to delays in learning to talk.",
            "Missing or unusually shaped nails.",
            "Skin erosion. This is loss of skin in some areas. It can be life-threatening in infants.",
            "Teeth problems. These can include missing teeth, wide gaps between teeth, cone-shaped teeth, and thin enamel (the hard outer covering of the teeth).",
            "Urethra problem in men. The opening of the tube that carries pee outside the body may be on the underside of the penis.",
            "Very little hair -- on both head and face -- and dry or brittle hair."
        ]
    },
    {
        "name": "Ectodermosis Erosiva Pluriorificialis",
        "link": "https://www.webmd.com/a-to-z-guides/rapp-hodgkin-syndrome",
        "symptoms": [
            "Painful red or purple skin that looks burned and peels off",
            "Blisters on your skin, mouth, nose, and genitals",
            "Red, painful, watery eyes"
        ],
        "prevention": [
            "Tell your doctors you've had SJS.",
            "Wear a medical alert bracelet.",
            "Know the name of the medicine that caused your SJS. Avoid taking it or any drugs like it."
        ],
        "causes": [
            "Medicines for gout, a painful form of arthritis – especially allopurinol (Aloprim, Zyloprim)",
            "Pain relievers such as acetaminophen, ibuprofen, and naproxen sodium",
            "Sulfa antibiotics, a kind of drug that fights infections (including Bactrim and Septra)",
            "Medicines that treat seizures or mental illness"
        ]
    },
    {
        "name": "Ectopic Pregnancy",
        "link": "https://www.webmd.com/baby/ectopia-cordis-overview",
        "symptoms": [
            "Smoke cigarettes",
            "Are older than 35",
            "Have a sexually transmitted infection",
            "Have scarring from pelvic surgery",
            "Had a previous ectopic pregnancy",
            "Tried to have tubal ligation (tubes tied) or tubal ligation reversal",
            "Had fertility treatments such as in vitro fertilization (IVF)"
        ],
        "prevention": [
            "Pain",
            "Bleeding",
            "Infection"
        ],
        "causes": [
            "Smoke cigarettes",
            "Are older than 35",
            "Have a sexually transmitted infection",
            "Have scarring from pelvic surgery",
            "Had a previous ectopic pregnancy",
            "Tried to have tubal ligation (tubes tied) or tubal ligation reversal",
            "Had fertility treatments such as in vitro fertilization (IVF)"
        ]
    },
    {
        "name": "Ectropion (Drooping Eyelids)",
        "link": "https://www.webmd.com/baby/pregnancy-ectopic-pregnancy",
        "symptoms": [
            "Eyelid Problems and Injuries",
            "Eyelid Drooping",
            "Trichasis",
            "Blepharitis (Eye Inflammation)",
            "Blepharitis Treatment",
            "Chalazion",
            "Stye"
        ],
        "prevention": [
            "Eyelid Problems and Injuries",
            "Eyelid Drooping",
            "Trichasis",
            "Blepharitis (Eye Inflammation)",
            "Blepharitis Treatment",
            "Chalazion",
            "Stye"
        ],
        "causes": [
            "Eyelid Problems and Injuries",
            "Eyelid Drooping",
            "Trichasis",
            "Blepharitis (Eye Inflammation)",
            "Blepharitis Treatment",
            "Chalazion",
            "Stye"
        ]
    },
    {
        "name": "Eczema, Atopic",
        "link": "https://www.webmd.com/skin-problems-and-treatments/eczema/default.htm",
        "symptoms": [
            "Red",
            "Dry",
            "Cracked",
            "Leathery"
        ],
        "prevention": [
            "Moisturize your skin often.",
            "Avoid sudden changes in temperature or humidity.",
            "Try not to sweat or get too hot. Keeping cool and keeping your home comfortable can reduce itching.",
            "Manage stress, and take time for yourself to relax. ",
            "Get regular exercise. It can help to control stress and increase circulation.",
            "Avoid scratchy materials such as wool.",
            "Don’t use harsh soaps, detergents, or solvents.",
            "Pay attention to foods that might trigger symptoms, and try to avoid them.",
            "Use a humidifier in rooms where you spend the most time.",
            "If your baby is more likely to have eczema because of a family history, it’s best to breastfeed them exclusively for the first 3 months of life, or longer if possible. Doctors advise continuing breast milk for at least up to 6 months (preferably 1 year) as you introduce your baby to solid food. Babies should also be protected from such potential allergens as pet hair, mites, and molds."
        ],
        "causes": [
            "An immune system response to something irritating",
            "Problems in your skin’s barrier that let moisture out and germs in",
            "A family history of other allergies or asthma"
        ]
    },
    {
        "name": "EDMD",
        "link": "https://www.webmd.com/heart-disease/heart-failure/edema-overview",
        "symptoms": [
            "Myotonic (also called MMD or Steinert's disease). The most common form of muscular dystrophy in adults, myotonic muscular dystrophy affects both men and women, and it usually appears any time from early childhood to adulthood. In rare cases, it appears in newborns (congenital MMD). The name refers to a symptom, myotonia -- prolonged spasm or stiffening of muscles after use. This symptom is usually worse in cold temperatures. The disease causes muscle weakness and also affects the central nervous system, heart, gastrointestinal tract, eyes, and hormone-producing glands. In most cases, daily living isn't restricted for many years. Those with myotonic MD have a decreased life expectancy.",
            "Duchenne. The most common form of muscular dystrophy in children, Duchenne muscular dystrophy typically affects only males. It appears between the ages of 2 and 6. The muscles decrease in size and grow weaker over time yet may appear larger. Disease progression varies, but many people with Duchenne (1 in 3,500 boys) need a wheelchair by the age of 12. In most cases, the arms, legs, and spine become progressively deformed, and there may be some cognitive impairment. Severe breathing and heart problems mark the later stages of the disease. Those with Duchenne MD usually die in their late teens or early 20s.",
            "Becker. This form is similar to Duchenne muscular dystrophy, but the disease is much milder: symptoms appear later and progress more slowly. It usually appears between the ages of 2 and 16 but can appear as late as age 25. Like Duchenne muscular dystrophy, Becker muscular dystrophy typically affects only males (1 in 30,000) and causes heart problems. Disease severity varies. Those with Becker can usually walk into their 30s and live further into adulthood.",
            "Limb-girdle. This appears in the teens to early adulthood and affects males and females. In its most common form, Limb-girdle muscular dystrophy causes progressive weakness that begins in the hips and moves to the shoulders, arms, and legs and the heart may be affected. Within 20 years, walking becomes difficult or impossible. Sufferers typically live to middle age to late adulthood.",
            "Facioscapulohumeral. Facioscapulohumeral refers to the muscles that move the face, shoulder blade, and upper arm bone. This form of muscular dystrophy appears in the teens to early adulthood and affects males and females. It progresses slowly, with short periods of rapid muscle deterioration and weakness. Severity ranges from very mild to completely disabling. Walking, chewing, swallowing, and speaking problems can occur. About 50% of those with facioscapulohumeral MD can walk throughout their lives, and most live a normal life span. It may also bee associated with seizures, mental health problems, and can involve the heart",
            "Congenital. Congenital means present at birth. Congenital muscular dystrophies progress slowly and affect males and females. The two forms that have been identified -- Fukuyama and congenital muscular dystrophy with myosin deficiency -- cause muscle weakness at birth or in the first few months of life, along with severe and early contractures (shortening or shrinking of muscles that causes joint problems). Fukuyama congenital muscular dystrophy causes abnormalities in the brain and often seizures.",
            "Oculopharyngeal. Oculopharyngeal means eye and throat. This form of muscular dystrophy appears in men and women in their 40s, 50s, and 60s. It progresses slowly, causing weakness in the eye and face muscles, which may lead to difficulty swallowing. Weakness in pelvic and shoulder muscles may occur later. Choking and recurrent pneumonia may occur.",
            "Distal. This group of rare diseases affects adult men and women. It causes weakness and wasting of the distal muscles (those farthest from the center) of the forearms, hands, lower legs, and feet. It is generally less severe, progresses more slowly, and affects fewer muscles than other forms of muscular dystrophy.",
            "Emery-Dreifuss. This rare form of muscular dystrophy appears from childhood to the early teens and affects mainly males. In very rare cases, females can be affected. For that to happen, both of a girls X chromosomes (the one they get from their mother and the one from their father) would have to have the defective gene. It causes muscle weakness and wasting in the shoulders, upper arms, and lower legs. Life-threatening heart problems are common and can also affect carriers -- those who have the genetic information for the disease but do not develop the full-blown version (including mothers and sisters of those with Emery-Dreifuss MD). Muscle shortening (contractures) occurs early in the disease. Weakness can spread to chest and pelvic muscles. The disease progresses slowly and causes less severe muscle weakness than some other forms of muscular dystrophy."
        ],
        "prevention": [
            "Steroids. Corticosteroids, such as prednisone and deflazacort (Emflaza), are the standard of care for muscular dystrophy. They help improve muscle strength and breathing and decrease weakness. Side effects include high blood pressure and weight gain. People who use steroids for a long time are at risk for brittle bones.",
            "Medicines targeting gene mutations. Eteplirsen (Exondys 51) and golodirsen (Vyondys 53) increase the level of the gene dystrophin. They’re approved to specifically treat Duchenne muscular dystrophy.",
            "Anticonvulsants. Often used to treat epilepsy, these antiseizure drugs may also help reduce muscle spasms.",
            "Immunosuppressants. These powerful medicines are often used to treat lupus and other autoimmune diseases. When given to people with muscular dystrophy, they may help prevent some muscle cell damage.",
            "Antibiotics. The doctor may prescribe an antibiotic to treat a lung infection, which is common in people with muscular dystrophy."
        ],
        "causes": [
            "Steroids. Corticosteroids, such as prednisone and deflazacort (Emflaza), are the standard of care for muscular dystrophy. They help improve muscle strength and breathing and decrease weakness. Side effects include high blood pressure and weight gain. People who use steroids for a long time are at risk for brittle bones.",
            "Medicines targeting gene mutations. Eteplirsen (Exondys 51) and golodirsen (Vyondys 53) increase the level of the gene dystrophin. They’re approved to specifically treat Duchenne muscular dystrophy.",
            "Anticonvulsants. Often used to treat epilepsy, these antiseizure drugs may also help reduce muscle spasms.",
            "Immunosuppressants. These powerful medicines are often used to treat lupus and other autoimmune diseases. When given to people with muscular dystrophy, they may help prevent some muscle cell damage.",
            "Antibiotics. The doctor may prescribe an antibiotic to treat a lung infection, which is common in people with muscular dystrophy."
        ]
    },
    {
        "name": "Egg Allergy",
        "link": "https://www.webmd.com/oral-health/teeth-and-gum-care",
        "symptoms": [
            "A tingling sensation of the mouth",
            "Swelling of the tongue and throat",
            "Hives",
            "Skin rash",
            "Vomiting, diarrhea, or abdominal cramps",
            "Trouble breathing",
            "A drop in blood pressure",
            "Loss of consciousness"
        ],
        "prevention": [
            "Clearly mark food packages and containers with “safe” or “unsafe.” Consider separate shelves in the refrigerator or pantry.",
            "Prepare food for the person with allergies first.",
            "If possible, have separate sets of utensils and cookware for preparing foods with and without the allergy trigger. Otherwise wash them right away.",
            "In between fixing safe and problem foods, thoroughly clean counters and other surfaces where you prepare meals. For some things, like peanuts, you may need to use a spray cleaner or sanitizing wipe as well as dishwashing liquid.",
            "Some people with allergies can get a reaction from food proteins released into the air in vapor or steam during cooking. These are rare and usually mild. Make sure a sensitive person stays away from the kitchen during cooking and for 30 minutes after.",
            "Wash your hands often while cooking, and before and after you eat.",
            "Scrub the table and kitchen counters after your meal."
        ],
        "causes": [
            "Clearly mark food packages and containers with “safe” or “unsafe.” Consider separate shelves in the refrigerator or pantry.",
            "Prepare food for the person with allergies first.",
            "If possible, have separate sets of utensils and cookware for preparing foods with and without the allergy trigger. Otherwise wash them right away.",
            "In between fixing safe and problem foods, thoroughly clean counters and other surfaces where you prepare meals. For some things, like peanuts, you may need to use a spray cleaner or sanitizing wipe as well as dishwashing liquid.",
            "Some people with allergies can get a reaction from food proteins released into the air in vapor or steam during cooking. These are rare and usually mild. Make sure a sensitive person stays away from the kitchen during cooking and for 30 minutes after.",
            "Wash your hands often while cooking, and before and after you eat.",
            "Scrub the table and kitchen counters after your meal."
        ]
    },
    {
        "name": "Ekman-Lobstein Disease",
        "link": "https://www.webmd.com/a-to-z-guides/eisenmenger-syndrome",
        "symptoms": [
            "Broken bones (fractures)",
            "Bleeding and easy bruising (frequent nosebleeds or heavy bleeding after an injury)",
            "Blue color in the white part of the eyes",
            "Bowing of the legs",
            "Breathing problems",
            "Brittle, discolored teeth",
            "Curved spine, called scoliosis",
            "Feeling very tired",
            "Skin that is easily hurt",
            "Hearing loss that starts in early adulthood",
            "Can’t stand warm temperatures",
            "Loose joints",
            "Short height",
            "Weak muscles and tissues"
        ],
        "prevention": [
            "Splints and casts for broken bones",
            "Braces for weak legs, ankles, knees, and wrists",
            "Physical therapy to strengthen the body and improve movement",
            "Medicine to make the bones stronger",
            "Surgery to implant rods in the arms or legs",
            "Special dental work, such as crowns, for brittle teeth"
        ],
        "causes": [
            "Broken bones (fractures)",
            "Bleeding and easy bruising (frequent nosebleeds or heavy bleeding after an injury)",
            "Blue color in the white part of the eyes",
            "Bowing of the legs",
            "Breathing problems",
            "Brittle, discolored teeth",
            "Curved spine, called scoliosis",
            "Feeling very tired",
            "Skin that is easily hurt",
            "Hearing loss that starts in early adulthood",
            "Can’t stand warm temperatures",
            "Loose joints",
            "Short height",
            "Weak muscles and tissues"
        ]
    },
    {
        "name": "Elephantiasis",
        "link": "https://www.webmd.com/a-to-z-guides/comprehensive-metabolic-panel",
        "symptoms": [
            "Wash and dry the swollen areas daily.",
            "Use moisturizers.",
            "Check for wounds and use medicated cream on any sore spots.",
            "Exercise, and walk when possible.",
            "If your arms or legs are swollen, keep them elevated when you’re lying down or seated."
        ],
        "prevention": [
            "Wash and dry the swollen areas daily.",
            "Use moisturizers.",
            "Check for wounds and use medicated cream on any sore spots.",
            "Exercise, and walk when possible.",
            "If your arms or legs are swollen, keep them elevated when you’re lying down or seated."
        ],
        "causes": [
            "Wash and dry the swollen areas daily.",
            "Use moisturizers.",
            "Check for wounds and use medicated cream on any sore spots.",
            "Exercise, and walk when possible.",
            "If your arms or legs are swollen, keep them elevated when you’re lying down or seated."
        ]
    },
    {
        "name": "Emphysema",
        "link": "https://www.webmd.com/balance/default.htm",
        "symptoms": [
            "A cough that doesn't go away",
            "Coughing up lots of mucus",
            "Shortness of breath (trouble taking a deep breath and feeling like you can't get enough air)",
            "Worsening shortness of breath when you climb stairs, walk, do other exercise, or perform regular daily activities",
            "Wheezing or squeaking when you breathe",
            "Tightness in your chest",
            "Frequent colds or flu"
        ],
        "prevention": [
            "Symptoms, such as cough, shortness of breath, increased mucus, and fatigue",
            "Medications and dosages",
            "Diet",
            "Exercise and other physical activity    "
        ],
        "causes": [
            "Marijuana smoke",
            "Secondhand smoke",
            "Air pollution",
            "Chemical fumes",
            "Dust",
            "A rare genetic disorder called AAT (alpha-1 antitrypsin deficiency) that can lead to emphysema"
        ]
    },
    {
        "name": "Encephalitis",
        "link": "https://www.webmd.com/brain/empty-sella-syndrome-facts",
        "symptoms": [
            "Fatigue or loss of energy",
            "Fever, especially a high fever",
            "Headache that can be severe",
            "Sensitivity to light and sound",
            "Mild-to-moderate neck stiffness",
            "Drowsiness or loss of consciousness",
            "Irritability, anxiety, and behavioral or personality changes",
            "Hallucinations"
        ],
        "prevention": [
            "Avoid being outside between dusk and dawn when mosquitoes are most likely to bite you. If do have to be out then, wear long-sleeved shirts and long pants. Make sure mosquitoes can't get into your house through broken screens and windows. Also, run a fan, which can keep mosquitos moving around so they're less likely to land on and bite you.",
            "Wear long-sleeved shirts and long pants when you're in wooded areas with tall grasses and shrubs, where ticks like to hang out. Check yourself, your kids, and your pets for ticks when they come inside during tick season (this can be year-round for people in the U.S. South and on the West Coast, but for most of the U.S., it's early spring to winter).",
            "Use bug repellent and insecticide. You can use the mosquito repellent DEET on both your skin and clothes. The U.S. Environmental Protection Agency (EPA) recommends spraying your clothes, tents, and outdoor gear with products that contain permethrin to repel and kill both mosquitoes and ticks. Don't spray permethrin on your skin, though.",
            "For infants younger than 2 months, you can't use insect repellent, so cover their carrier or stroller with mosquito netting. For infants and children older than 2 months old, you can use 10%-30% DEET products. Don't use a combined sunscreen and DEET product because you'll need to reapply sunscreen for a full day of outside play. Reapplying a DEET-containing product can expose your child to high levels of DEET.",
            "Get rid of standing water outside your house. Mosquitoes lay their eggs in standing water. Common problem areas for standing water are old flowerpots, flat roofs, old tires, and clogged gutters.",
            "Report any sick or dying birds or small animals to your local health department. They could be infected with viruses such as West Nile virus that cause encephalitis."
        ],
        "causes": [
            "Herpes viruses, which include HSV (especially HSV-1), chickenpox, cytomegalovirus, and Epstein-Barr virus",
            "Viruses that are transmitted through bugbites, such as West Nile virus, Dengue virus, and Eastern equine encephalitis virus",
            "Viruses that cause childhood infections, such as measles, mumps, and Rubella"
        ]
    },
    {
        "name": "Epicondylitis (Tennis Elbow)",
        "link": "https://www.webmd.com/children/enterovirus68-infection",
        "symptoms": [
            "Lift something",
            "Make a fist or grip an object, such as a tennis racket",
            "Open a door or shake hands",
            "Raise your hand or straighten your wrist"
        ],
        "prevention": [
            "Make sure your arms are strong and flexible.",
            "Avoid repetitive arm and wrist movements.",
            "Use your shoulder and upper arms to take the strain off your elbow.",
            "Avoid bending or straightening your arm all the way."
        ],
        "causes": [
            "Tennis",
            "Racquetball",
            "Squash",
            "Fencing",
            "Weightlifting",
            "Carpentry",
            "Typing",
            "Painting",
            "Raking",
            "Knitting"
        ]
    },
    {
        "name": "Epidemic Cerebrospinal Meningitis",
        "link": "https://www.webmd.com/fitness-exercise/tennis-elbow-lateral-epicondylitis",
        "symptoms": [
            "General poor feeling",
            "Sudden high fever",
            "Severe, persistent headache",
            "Neck stiffness",
            "Nausea or vomiting",
            "Discomfort in bright lights",
            "Drowsiness or difficulty awakening",
            "Joint pain",
            "Confusion or other mental changes"
        ],
        "prevention": [
            "You notice symptoms of meningococcal meningitis.",
            "Symptoms do not improve with treatment.",
            "You think you have been exposed to meningococcal meningitis."
        ],
        "causes": [
            "General poor feeling",
            "Sudden high fever",
            "Severe, persistent headache",
            "Neck stiffness",
            "Nausea or vomiting",
            "Discomfort in bright lights",
            "Drowsiness or difficulty awakening",
            "Joint pain",
            "Confusion or other mental changes"
        ]
    },
    {
        "name": "Epidemic Cholera",
        "link": "https://www.webmd.com/children/meningococcal-meningitis-symptoms-causes-treatments-and-vaccines",
        "symptoms": [
            "Rapid heart rate",
            "Loss of skin elasticity (the ability to return to original position quickly if pinched)",
            "Dry mucous membranes, including the inside of the mouth, throat, nose, and eyelids",
            "Low blood pressure",
            "Thirst",
            "Muscle cramps"
        ],
        "prevention": [
            "Drinking",
            "Preparing food or drinks",
            "Making ice",
            "Brushing your teeth",
            "Washing your face and hands",
            "Washing dishes and utensils that you use to eat or prepare food",
            "Washing fruits and vegetables"
        ],
        "causes": [
            "Municipal water supplies",
            "Ice made from municipal water",
            "Foods and drinks sold by street vendors",
            "Vegetables grown with water containing human wastes",
            "Raw or undercooked fish and seafood caught in waters polluted with sewage"
        ]
    },
    {
        "name": "Epstein-Barr Virus",
        "link": "https://www.webmd.com/brain/ataxia-types-brain-and-nervous-system",
        "symptoms": [
            "Fatigue",
            "Fever",
            "Lack of appetite",
            "Rash",
            "Sore throat",
            "Swollen glands in the neck",
            "Weak and sore muscles",
            "Enlarged spleen and liver"
        ],
        "prevention": [
            "Heart muscle swelling called myocarditis",
            "Increased risk for cancers like Burkitt’s lymphoma, Hodgkin’s and non-Hodgkin’s lymphoma, and cancer of the upper throat (nasopharyngeal cancer)",
            "Lung diseases like pneumonia",
            "Problems with the brain and spinal cord, such as meningitis, encephalitis, and Guillain-Barré syndrome",
            "Rupture of the spleen",
            "Sinus infection (bacterial sinusitis)",
            "Swelling of the pancreas (pancreatitis)",
            "Swelling of the tonsils",
            "Weakening of the immune system that makes it harder to fight off infections "
        ],
        "causes": [
            "Ear infections and diarrhea in children",
            "Guillain-Barre syndrome",
            "Certain cancers, including Burkitt's lymphoma and cancers of the nose and throat",
            "Post-transplant lymphoproliferative disease (PTLD), a rare complication of people who get organ and stem cell transplants"
        ]
    },
    {
        "name": "Erythema Infectiosum (Fifth Disease)",
        "link": "https://www.webmd.com/erectile-dysfunction/default.htm",
        "symptoms": [
            "Mild fever",
            "Stuffy or runny nose",
            "Headache",
            "Bright red cheeks",
            "A flat or raised red rash, usually on the arms and legs, which lasts from 2 to 39 days and may itch; the rash fades from the center of the red areas toward the edges, giving it a lacy appearance. The rash can recur with exercise, warm baths, rubbing the skin, or emotional upset."
        ],
        "prevention": [
            "Acetaminophen to help lower fever ",
            "Ibuprofen for joint or muscle pain",
            "Antihistamines to treat itching that may come with the rash"
        ],
        "causes": [
            "Wash hands often, especially after wiping or blowing noses and before preparing or eating food.",
            "Don't share food, pacifiers, bottles, eating utensils, or drinking cups.",
            "If toys tend to end up in tots' mouths, clean and disinfect them often.",
            "Don't kiss children on the mouth.",
            "Play outdoors as much as possible. It's easier for the virus to spread indoors where people are likely to be in closer contact.",
            "Make sure kids are not crowded together, especially during nap time.",
            "Teach children to cough or sneeze into a tissue (which should be thrown out right away) or the inside of their elbow (which is less likely than their hands to spread the virus) and away from other people.",
            "Children with fifth disease generally don't need to be excluded from day care, as they're unlikely to be contagious after the rash appears and a diagnosis has been made. "
        ]
    },
    {
        "name": "Erythema Multiforme",
        "link": "https://www.webmd.com/children/understanding-fifth-disease-basics",
        "symptoms": [
            "Ultraviolet light from the sun",
            "Chemicals used to kill pests",
            "Hormones",
            "Infection"
        ],
        "prevention": [
            "Corticosteroids, such as prednisone (Deltasone, Prednicot, Rayos), that also ease inflammation",
            "Immunosuppressive medicines, such as azathioprine (Azasan, Imuran), cyclophosphamide, or mycophenolate mofetil (CellCept)",
            "Biologic drugs, such as rituximab (Rituxan), also used in some cancer treatments"
        ],
        "causes": [
            "Ultraviolet light from the sun",
            "Chemicals used to kill pests",
            "Hormones",
            "Infection"
        ]
    },
    {
        "name": "Ewing's Family of Tumors",
        "link": "https://www.webmd.com/skin-problems-and-treatments/autoimmune-blistering-disorders",
        "symptoms": [
            "Have a lump near the skin that feels warm and soft to the touch",
            "Have a constant low fever",
            "Limp because their legs hurt",
            "Have bone pain that gets worse when they exercise or during the night",
            "Have broken bones without an obvious cause",
            "Lose weight without trying",
            "Feel tired for no reason"
        ],
        "prevention": [
            "The size of their tumor",
            "Where it has spread",
            "Their overall health",
            "Your preferences, which you should talk over with your doctor"
        ],
        "causes": [
            "Have a lump near the skin that feels warm and soft to the touch",
            "Have a constant low fever",
            "Limp because their legs hurt",
            "Have bone pain that gets worse when they exercise or during the night",
            "Have broken bones without an obvious cause",
            "Lose weight without trying",
            "Feel tired for no reason"
        ]
    },
    {
        "name": "Exocrine Pancreatic Insufficiency",
        "link": "https://www.webmd.com/arthritis/exercise-treat-arthritis",
        "symptoms": [
            "Pain or tenderness in your belly",
            "Bad-smelling bowel movements",
            "Diarrhea",
            "Gas",
            "Feeling full"
        ],
        "prevention": [
            "Eat six small meals per day. Try that instead of the traditional three. A big meal might not be appealing if you have digestion troubles from EPI.",
            "Don't drink or smoke. Alcohol can make it even harder for your body to absorb fat, and can damage your pancreas over time. Alcoholism is one possible cause of EPI. Smoking can lead to calcium buildup in your pancreas.",
            "Take vitamins. You may need to take vitamins A, D, E, and K to replace ones that aren't getting absorbed from your diet. EPI makes it hard for you to get the right nutrients because your body can't break down your foods. You also probably don't take in enough fats. Your doctor can prescribe vitamin supplements to help you get the right levels of these nutrients. They can also tell you which over-the-counter supplements and what dosage to take."
        ],
        "causes": [
            "Cystic fibrosis",
            "Shwachman-Diamond syndrome"
        ]
    },
    {
        "name": "Expanded Rubella Syndrome",
        "link": "https://www.webmd.com/digestive-disorders/exocrine-pancreatic-insufficiency",
        "symptoms": [
            "A mild fever -- from 99 F to 100 F",
            "Swollen and pink-colored eyes (conjunctivitis)",
            "Headache",
            "Swollen glands behind the ears and on the neck",
            "Stuffy, runny nose",
            "Cough",
            "Sore joints (more common in young women)",
            "General discomfort",
            "Swollen and enlarged lymph nodes"
        ],
        "prevention": [
            "What are the long term effects of rubella? Some women or people assigned female at birth may have arthritis.",
            "What happens if a pregnant woman is exposed to rubella? If you're pregnant and are not vaccinated, your unborn baby is at risk for health concerns like growth delays, deafness, and developmental issues. Some people who get rubella during pregnancy have a miscarriage. In other cases, the baby doesn't survive long after birth.",
            "When are you contagious with rubella? If you have rubella, you're contagious for about 1 week before the rash begins to 1 week after the rash disappears.",
            "How is the rubella virus transmitted? The rubella virus can be passed when an infected person coughs or sneezes or when contact is made with mucus from their nose or throat. People who are pregnant can pass it on to their child through their blood."
        ],
        "causes": [
            "Heart defects",
            "Cataracts",
            "Deafness",
            "Delayed learning",
            "Liver and spleen damage",
            "Diabetes",
            "Thyroid problems"
        ]
    },
    {
        "name": "Extragonadal Germ Cell Tumors",
        "link": "https://www.webmd.com/a-to-z-guides/what-is-rubella",
        "symptoms": [
            "A mass on your ovaries or testicles",
            "Belly pain and swelling (caused by tumor)",
            "Bathroom troubles (a hard time pooping or holding in your pee, if the tumor is near your pelvis)",
            "Breast growth, pubic hair, or vaginal bleeding at an earlier age than normal",
            "Belly or chest pain",
            "Lump or a mass in the belly or testicles",
            "Testicles that aren’t the right shape or size",
            "Weakness in your legs (if the tumor is in the lower back)",
            "Wheezing or shortness of breath (if the tumor is near the lungs)"
        ],
        "prevention": [
            "Surgery to remove the tumor. If it’s cancer, your doctor needs to remove all of the cancer cells. That could mean removing the testicle or ovary and fallopian tube where the tumor is located.",
            "Chemotherapy (chemo), uses drugs to kill cancer. It’s often used if the tumor is cancer and has spread to other parts of your body.",
            "Radiation uses high energy from X-rays or other sources to kill cancer cells. Newer kinds of radiation focus as closely as possible on the tumor to help limit side effects."
        ],
        "causes": [
            "An undescended testicle (one or both testicles haven’t dropped into the scrotum)",
            "Birth defects in your central nervous system, genitals, lower spine, or urinary tract",
            "Genetic conditions like Klinefelter syndrome or Turner syndrome, where you have an extra or missing sex chromosome",
            "Other family members who had germ cell tumors"
        ]
    },
    {
        "name": "Extrauterine Pregnancy",
        "link": "https://www.webmd.com/cancer/germ-cell-tumors",
        "symptoms": [
            "Smoke cigarettes",
            "Are older than 35",
            "Have a sexually transmitted infection",
            "Have scarring from pelvic surgery",
            "Had a previous ectopic pregnancy",
            "Tried to have tubal ligation (tubes tied) or tubal ligation reversal",
            "Had fertility treatments such as in vitro fertilization (IVF)"
        ],
        "prevention": [
            "Pain",
            "Bleeding",
            "Infection"
        ],
        "causes": [
            "Smoke cigarettes",
            "Are older than 35",
            "Have a sexually transmitted infection",
            "Have scarring from pelvic surgery",
            "Had a previous ectopic pregnancy",
            "Tried to have tubal ligation (tubes tied) or tubal ligation reversal",
            "Had fertility treatments such as in vitro fertilization (IVF)"
        ]
    },
    {
        "name": "Eyelid Problems",
        "link": "https://www.webmd.com/eye-health/duane-syndrome-facts",
        "symptoms": [
            "Feeling like something is in your eye",
            "A burning feeling in your eye",
            "Sensitivity to light",
            "Blurry vision",
            "Dry eyes",
            "Red eyes",
            "Watery eyes",
            "Crusty eyelashes when you wake up in the morning"
        ],
        "prevention": [
            "Keep your eyelids clean.",
            "Remove all eye makeup before bed.",
            "Don’t use eyeliner on the back edges of your eyelids, behind the lashes.",
            "If you’re in the early stages of treating blepharitis, prevent further irritation by not using makeup.",
            "Once you start to use it again, replace products that you use in or near your eyelids. They may be contaminated."
        ],
        "causes": [
            "Excess bacteria",
            "A blocked oil gland on your eyelid",
            "Hormone problems",
            "Allergies",
            "Infection with a virus",
            "Skin conditions such as seborrheic dermatitis, rosacea, and eczema",
            "Tiny insects called mites"
        ]
    }
]