[
    {
        "name": "H. Pylori",
        "link": "https://www.webmd.com/digestive-disorders/h-pylori-helicobacter-pylori",
        "symptoms": [
            "Bloating",
            "Burping",
            "No appetite",
            "Nausea",
            "Vomiting",
            "Weight loss for no clear reason"
        ],
        "prevention": [
            "Wash your hands thoroughly after you use the bathroom and before you prepare or eat food. Teach your children to do the same.",
            "Avoid eating food or drinking water that’s not clean.",
            "Don’t eat anything that isn’t cooked thoroughly.",
            "Avoid food served by people who haven’t washed their hands."
        ]
    },
    {
        "name": "HAE",
        "link": "https://www.webmd.com/digestive-disorders/h-pylori-helicobacter-pylori",
        "causes": [
            "Mouth or throat",
            "Hands",
            "Feet",
            "Face",
            "Genitals",
            "Belly"
        ],
        "symptoms": [
            "Mouth or throat",
            "Hands",
            "Feet",
            "Face",
            "Genitals",
            "Belly"
        ],
        "prevention": [
            "Berotralstat (Orladeyo)",
            "C1 esterase inhibitor (Berinert, Cinryze, Haegarda)",
            "Conestat alfa (Ruconest)",
            "Ecallantide (Kalbitor)",
            "Icatibant (Firazyr)",
            "Lanadelumab-flyo (Takhzyro)"
        ]
    },

    {
        "name": "Hair-Pulling Syndrome",
        "link": "https://www.webmd.com/skin-problems-and-treatments/hair-loss/default.htm",
        "symptoms": [
            "Feeling tense before pulling out your hair or if you try to resist the urge to pull",
            "Feeling relieved, satisfied, or pleased after acting on the impulse to pull hair",
            "Distress or problems at work, at school, or in your social life due to hairpulling",
            "Avoiding situations where people might find out that you pull hair or have hair loss, like sleepovers, swimming, going outside in windy weather, hair salons or barber shops, changing rooms, or sexual intimacy with a partner",
            "Conflicts or tension with your friends or family related to pulling",
            "Irritated or sore skin from pulling or a tingling feeling or itch that makes you want to pull",
            "Scars or damage to your skin, scalp, or hair follicles",
            "Rituals like chewing on the hair you pull out, inspecting the hair root, twirling the hair, putting the hair between your teeth, or eating hair",
            "A preference for certain types or textures of hair",
            "Changes to how you look because of hair loss",
            "Bare patches where your hair has been pulled out",
            "Pulling fibers from blankets and clothing or hair from pets or dolls"
        ],
        "causes": [
            "Age.Young children sometimes pull out their hair as a way of soothing themselves, and they often outgrow it. More serious forms of trichotillomania often start in the early teens, between ages 10 and 13. Some doctors think it might be linked to the changes in your hormones that happen during puberty. Trichotillomania can last your whole life, though symptoms may come and go.",
            "Genes. In some families, the tendency to trichotillomania may be passed on. You're more likely to get it if other people in your family have it.",
            "Gender. People of all genders can have trichotillomania. In children and teenagers, the rate of trichotillomania is the same across genders. But adult women are up to nine times more likely than adults of other genders to get diagnosed with it. Some scientists think that this is because people who identify as women might be more likely to tell their doctors about hairpulling or that doctors might pay more attention when women talk about it. Some doctors think hormone changes might affect trichotillomania in people who get periods (menstruate).",
            "Other mental health disorders. If you live with trichotillomania, you may have other mental health conditions, such as anxiety, depression, or obsessive-compulsive disorder (OCD).",
            "Stress. Extreme stress may trigger trichotillomania in some people. Stress can be caused by situations including family conflict, abuse, or the death of a friend or family member.",
            "Boredom. Some people start pulling their hair as a way to cope with being bored and then it becomes a habit."
        ],
        "prevention": [
            "Is trichotillomania an OCD or anxiety?"
        ]
    },
    {
        "name": "Halushi-Behcet's Syndrome",
        "link": "https://www.webmd.com/anxiety-panic/trichotillomania",
        "symptoms": [
            "Sores on the lips, tongue, and inside of the cheek",
            "Mouth pain"
        ],
        "causes": [
            "Age: Although you can get it at any age, it usually shows up when you’re in your 20s or 30s.",
            "Genes: Certain genes (a portion of your DNA) are linked to this condition.",
            "Sex: Although anyone can get it, it affects more men, more severely, than women.",
            "Where you live: Behcet’s syndrome is very rare in the U.S. It’s more common in the Middle East and Asia."
        ] 
    },

    {
        "name": "Hammertoes",
        "link": "https://www.webmd.com/pain-management/whats-wrong-with-my-toe",
        "symptoms": [
            "Blisters and calluses from where your toes rub against the top of your shoes",
            "Pain in your toe joint where it meets your foot",
            "Pain when you walk",
            "Stiffness in the bent toes that gets worse over time"
        ],
        "causes": [
            "Shoes that don’t fit. If your shoes are too tight, too short, or too pointy, they push your toes out of balance. Pointy, high-heeled shoes put particularly severe pressure on the toes.",
            "Arthritis",
            "Alcoholism",
            "Charcot-Tooth-Marie disease, a disorder that damages the nerves in your arms and legs",
            "Spinal cord tumors",
            "Polio",
            "Stroke",
            "High arches",
            "Feet that rotate inward when you walk",
            "Bunions"
        ],
        "prevention": [
            "Roomier shoes that extend at least a half inch past your toes",
            "Inserts or pads in your shoes that reposition your toes to relieve pain",
            "Special exercises that stretch and strengthen your toes",
            "Taping or splinting your toe to make it straight",
            "Ice packs on your toes to relieve pain and swelling",
            "Nonsteroidal anti inflammatory drugs (NSAIDs) such as ibuprofen or naproxen to help with pain and swelling",
            "Steroid injections in severely swollen or painful toe joints.  "
        ]
    },
    {
        "name": "Hand-Foot-and-Mouth Disease",
        "link": "https://www.webmd.com/a-to-z-guides/understanding-hammertoes-basics",
        "causes": [
            "Coxsackievirus A16 (CVA16). An infection from this virus is the most common cause of HFMD in the U.S.",
            "Coxsackievirus A6 (CVA6). This virus was tied to a large outbreak in the U.S. in 2012, and symptoms were more serious than usual. CVA6 outbreaks have also occurred in other countries including Finland and Vietnam.",
            "Enterovirus 71 (EV-A71). This virus is a common cause of HFMD worldwide, including outbreaks in East and Southeast Asia. EV-A71 has been associated with more serious diseases such as encephalitis (swelling of the brain)."
        ],
        "symptoms": [
            "Fever",
            "Sore throat",
            "Painful blisters inside a child’s mouth, usually toward the back, or on their tongue",
            "Feeling unwell (malaise)",
            "Loss of appetite",
            "Fatigue",
            "Crankiness"
        ],
        "prevention": [
            "Wash your hands carefully, especially after changing a diaper or wiping a child’s nose. Help your children keep their hands clean.",
            "Teach kids to cover their mouth and nose when they sneeze or cough. A tissue is best, but the sleeve of their shirt also works.",
            "Clean and disinfect surfaces and shared items such as toys and doorknobs.",
            "Don’t hug or kiss someone who has hand, foot, and mouth disease. Don’t share cups or utensils with them.",
            "Don’t send your child to school or day care until their symptoms are gone. Check with your doctor if you think they might still be contagious."
        ]
    },
 
    {
        "name": "HANE",
        "link": "https://www.webmd.com/cold-and-flu/cold-prevention-hand-washing",
        "causes": [
            "Mouth or throat",
            "Hands",
            "Feet",
            "Face",
            "Genitals",
            "Belly"
        ],
        "symptoms": [
            "Mouth or throat",
            "Hands",
            "Feet",
            "Face",
            "Genitals",
            "Belly"
        ],
        "prevention": [
            "Berotralstat (Orladeyo)",
            "C1 esterase inhibitor (Berinert, Cinryze, Haegarda)",
            "Conestat alfa (Ruconest)",
            "Ecallantide (Kalbitor)",
            "Icatibant (Firazyr)",
            "Lanadelumab-flyo (Takhzyro)"
        ]
    },
    {
        "name": "Hashimoto's Disease",
        "link": "https://www.webmd.com/skin-problems-and-treatments/hereditary-angioedema",
        "causes": [
            "Are a woman",
            "Are middle-aged",
            "Have another autoimmune disorder like lupus, type 1 diabetes, or rheumatoid arthritis",
            "Are related to someone who has autoimmune thyroiditis",
            "Have been exposed to environmental radiation"
        ],
        "symptoms": [
            "Tiredness",
            "Sensitivity to cold",
            "Puffy face",
            "Trouble pooping",
            "Enlarged tongue",
            "Pale, dry skin and brittle nails",
            "Hair loss",
            "Weight gain",
            "Muscle aches and joint pain",
            "Depression",
            "Memory lapse",
            "Heavy menstrual bleeding"
        ],
        "prevention": [
            "Iron supplements",
            "A cholesterol medicine called cholestyramine (Locholest, Prevalite, Questran)",
            "Antacids that have aluminum hydroxide",
            "An ulcer medicine called sucralfate (Carafate)",
            "Calcium supplements"
        ]
    },
    {
        "name": "Hashimoto's Thyroiditis",
        "link": "https://www.webmd.com/women/whatis-autoimmune-thyroiditis",
        "causes": [
            "Weight gain",
            "Fatigue",
            "Paleness or puffiness of the face",
            "Joint and muscle pain",
            "Constipation",
            "Inability to get warm",
            "Difficulty getting pregnant",
            "Hair loss or thinning and brittle hair",
            "Irregular or heavy menstrual periods",
            "Depression",
            "Slowed heart rate",
            "Muscle aches and tenderness",
            "Problems with memory or concentration",
            "Enlarged tongue"
        ],
        "symptoms": [
            "Weight gain",
            "Fatigue",
            "Paleness or puffiness of the face",
            "Joint and muscle pain",
            "Constipation",
            "Inability to get warm",
            "Difficulty getting pregnant",
            "Hair loss or thinning and brittle hair",
            "Irregular or heavy menstrual periods",
            "Depression",
            "Slowed heart rate",
            "Muscle aches and tenderness",
            "Problems with memory or concentration",
            "Enlarged tongue"
        ],
        "prevention": [
            "Age",
            "Weight",
            "Severity of hypothyroidism",
            "Other health problems",
            "Other medicines that may interact with synthetic thyroid hormones"
        ]
    },
    {
        "name": "Hay Fever",
        "link": "https://www.webmd.com/women/hashimotos-thyroiditis-symptoms-causes-treatments",
        "causes": [
            "Stuffy or runny nose",
            "Sneezing",
            "Cough",
            "Itchy, watery eyes",
            "Itchy mouth, throat, or ears",
            "Postnasal drip",
            "Dark circles under your eyes"
        ]
    },
    {
        "name": "HD",
        "link": "https://www.webmd.com/allergies/understanding-hay-fever-basics",
        "symptoms": [
            "Trouble learning new things",
            "Trouble making decisions",
            "Memory lapses",
            "Mood swings",
            "Clumsiness",
            "Slow or abnormal eye movements",
            "Muscle problems (dystonia)",
            "Trouble sleeping (insomnia)",
            "Loss of energy and fatigue"
        ],
        "prevention": [
            "Medications can help control fidgety movements. Your doctor can work closely with you to manage any side effects and to change medications if needed.",
            "Some antipsychotic drugs have a side effect that controls movement and have been helpful for some people.",
            "Antidepressants can also help with obsessive-compulsive disorder.",
            "Mood-stabilizing drugs can ease symptoms of mood disorders but may cause other side effects.",
            "Speech or language therapy may be helpful for any problems with speech or swallowing.",
            "Occupational or physical therapy may help you learn how to better control movements. And assistive devices such as handrails can help you manage your changing physical abilities.",
            "Nutritional support ranges from using special utensils to focusing on nutrient-dense foods to supplementing with tube feeding in later stages.",
            "Exercise may be very helpful. People with Huntington's who stay as fit and active as they can seem to do better than those who do not.",
            "Psychotherapy can teach you ways to manage changes in your emotions and how you think.  Strategies like breaking tasks into simpler steps may go a long way toward making these changes a bit easier for you and your family."
        ],
        "causes": [
            "Men and women are equally likely to inherit the abnormal gene.",
            "If you don't have the abnormal gene, you can't get Huntington's or pass it on to your children.",
            "The disease doesn't skip generations."
        ]
    },
    {
        "name": "Headaches, Tension-type",
        "link": "https://www.webmd.com/brain/hungtingtons-disease-causes-symptoms-treatment",
        "symptoms": [
            "Mild to moderate pain or pressure in the front, top, or sides of your head",
            "A headache that starts later in the day",
            "Feeling very tired",
            "Crankiness ",
            "Trouble focusing",
            "Mild sensitivity to light or noise",
            "Muscle aches"
        ],
        "causes": [
            "Not enough rest",
            "Poor posture",
            "Emotional or mental stress, including depression",
            "Anxiety",
            "Fatigue",
            "Hunger",
            "Low iron levels",
            "Alcohol",
            "Jaw or dental problems",
            "Straining your eyes",
            "Dehydration",
            "Skipping meals",
            "Smoking",
            "A cold, the flu, or a sinus infection"
        ],
        "prevention": [
            "Biofeedback",
            "Cognitive behavioral therapy",
            "Acupuncture",
            "Massage therapy",
            "Physical therapy",
            "Deep breathing",
            "Meditation",
            "Yoga",
            "Hypnotherapy"
        ]
    },

    {
        "name": "Health and Safety",
        "link": "https://www.webmd.com/pain-management/pain-management-alternative-therapy",
        "prevention": [
            "NEVER put strings or cords around your baby's neck (such as to hold a pacifier) or near your baby's crib. Be cautious of strings or buttons on clothing; make sure they are not in danger of choking your baby.",
            "Secure cords on blinds and drapes out of reach to prevent accidental strangulation.",
            "Put away small objects -- even display items -- that can cause injury or choking if swallowed."
        ]
    },
    {
        "name": "Hearing Loss",
        "link": "https://www.webmd.com/parenting/baby-safety",
        "symptoms": [
            "Pain in one or both ears",
            "Dizziness or vertigo",
            "Ringing in the ears, called tinnitus",
            "Pressure or fullness in one or both ears"
        ],
        "causes": [
            "Dizziness",
            "Hearing loss that comes and goes",
            "Ringing in the ear",
            "Fullness in the ear"
        ]
    },

    {
        "name": "Hemophilia A",
        "link": "https://www.webmd.com/add-adhd/childhood-adhd/adhd-how-to-help-your-child-succeed-at-school",
        "causes": [
            "Pregnancy",
            "Autoimmune conditions",
            "Cancer",
            "Multiple sclerosis"
        ],
        "symptoms": [
            "After you have surgery or another procedure, like having a tooth pulled",
            "After childbirth",
            "After a serious injury",
            "During your period"
        ],
        "prevention": [
            "Bleeding in deep muscle. This can make your arms and legs swell. The swelling can press on your nerves and lead to numbness or pain.",
            "Joint damage. The same pressure from internal bleeding can affect your joints and cause severe pain. If you don’t treat it, you may eventually develop arthritis or your joint could wear away.",
            "Infection. Although blood products have become much safer since the 1980s, you’re at a higher risk of receiving contaminated blood because of the number of blood transfusions you may get.",
            "Bad reaction to clotting factor treatment. Some people with severe hemophilia have a negative reaction to the clotting factors that treat bleeding. This happens when the immune system makes proteins called inhibitors that turn off the clotting factors. Treatment won’t work as well when this happens."
        ]
    },
    {
        "name": "Hemophilia B",
        "link": "https://www.webmd.com/children/hemophilia-a",
        "causes": [
            "Nosebleeds for no apparent reason",
            "Lots of blood loss from small cuts",
            "Long-term bleeding in the mouth from biting down, or after a tooth is removed",
            "Bleeding from a cut or injury that starts up again after stopping",
            "Blood in their pee or stool",
            "Large bruises"
        ],
        "symptoms": [
            "Nosebleeds for no apparent reason",
            "Lots of blood loss from small cuts",
            "Long-term bleeding in the mouth from biting down, or after a tooth is removed",
            "Bleeding from a cut or injury that starts up again after stopping",
            "Blood in their pee or stool",
            "Large bruises"
        ] 
    },
    {
        "name": "Hemorrhagic Telangiectasia, Hereditary (HHT)",
        "link": "https://www.webmd.com/children/hemophilia-b-medref",
        "causes": [
            "Dry climates or dry, heated air that dries out the inside of your nose",
            "Picking your nose or rubbing it too hard",
            "An upper respiratory infection like a cold",
            "Repeated nose-blowing",
            "An injury to your nose or a foreign object in your nose",
            "A deviated septum",
            "Allergies or allergy medicines that can dry out your nose, like antihistamines and decongestants",
            "Certain blood thinners",
            "Taking aspirin regularly",
            "Nasal sprays",
            "A sinus infection",
            "Chemicals that irritate your airways, like ammonia",
            "Pregnancy",
            "Alcohol use"
        ]
    },

    {
        "name": "Hepatocellular Carcinoma",
        "link": "https://www.webmd.com/hepatitis/default.htm",
        "causes": [
            "Pain in the upper right part of your belly",
            "A lump or feeling of heaviness in your upper belly",
            "Bloating or swelling in your belly",
            "Loss of appetite and feelings of fullness",
            "Weight loss",
            "Weakness or deep fatigue",
            "Nausea and vomiting",
            "Yellow skin and eyes",
            "Pale, chalky bowel movements and dark urine",
            "Fever"
        ],
        "symptoms": [
            "Pain in the upper right part of your belly",
            "A lump or feeling of heaviness in your upper belly",
            "Bloating or swelling in your belly",
            "Loss of appetite and feelings of fullness",
            "Weight loss",
            "Weakness or deep fatigue",
            "Nausea and vomiting",
            "Yellow skin and eyes",
            "Pale, chalky bowel movements and dark urine",
            "Fever"
        ],
        "prevention": [
            "External: You'll lie on a table while a large machine aims beams of radiation at specific spots on your chest or belly.",
            "Internal: A doctor injects tiny radioactive particles into the artery that sends blood to your liver. These block or destroy the blood supply to the tumor in your liver."
        ]
    },
    {
        "name": "HER2-Positive Breast Cancer",
        "link": "https://www.webmd.com/cancer/hepatocellular-carcinoma",
        "symptoms": [
            "Breast swelling",
            "A change in its shape",
            "Skin irritation or dimpling",
            "Pain in the breast or nipple",
            "Redness or thickness of the nipple or breast skin",
            "Discharge from the nipple (not breast milk)"
        ],
        "causes": [
            "The IHC test uses certain antibodies that identify the HER2 protein in a sample of breast cancer tissue.",
            "The FISH test uses fluorescent pieces of DNA that stick to the HER2 gene in cells, which can then be counted under a microscope.",
            "The Inform Dual ISH test uses stains that color HER2 genes in a tissue sample so they can be counted under a microscope."
        ],
        "prevention": [
            "External beam radiation. A machine directs radiation to the area where the cancer was.",
            "Brachytherapy. Doctors put radioactive pellets inside your body for short periods of time."
        ]
    },
    {
        "name": "Hereditary Angioedema",
        "link": "https://www.webmd.com/breast-cancer/her2",
        "causes": [
            "Mouth or throat",
            "Hands",
            "Feet",
            "Face",
            "Genitals",
            "Belly"
        ],
        "symptoms": [
            "Mouth or throat",
            "Hands",
            "Feet",
            "Face",
            "Genitals",
            "Belly"
        ],
        "prevention": [
            "Berotralstat (Orladeyo)",
            "C1 esterase inhibitor (Berinert, Cinryze, Haegarda)",
            "Conestat alfa (Ruconest)",
            "Ecallantide (Kalbitor)",
            "Icatibant (Firazyr)",
            "Lanadelumab-flyo (Takhzyro)"
        ]
    },
    {
        "name": "Hereditary Nonspherocytic Hemolytic Anemia (HNHA)",
        "link": "https://www.webmd.com/skin-problems-and-treatments/hereditary-angioedema",
        "symptoms": [
            "Chills",
            "Fast heartbeat, known as tachycardia",
            "Pale skin that may start to yellow",
            "Shortness of breath",
            "Weakness and fatigue",
            "Chest pain",
            "Yellow skin or whites of the eyes (jaundice)",
            "Dark urine",
            "A feeling of abdominal fullness related to an enlarged spleen"
        ],
        "causes": [
            "Cancers, including chronic lymphocytic leukemia and non-Hodgkin's lymphoma",
            "Infections like Mycoplasma pneumoniae",
            "Medicines such as penicillin, methyldopa (Aldomet), quinine (Qualaquin), and sulfonamides",
            "Viruses such as Epstein-Barr virus, cytomegalovirus, HIV, and hepatitis"
        ] 
    },
    {
        "name": "HHT",
        "link": "https://www.webmd.com/a-to-z-guides/autoimmune-hemolytic-anemia",
        "causes": [
            "Dry climates or dry, heated air that dries out the inside of your nose",
            "Picking your nose or rubbing it too hard",
            "An upper respiratory infection like a cold",
            "Repeated nose-blowing",
            "An injury to your nose or a foreign object in your nose",
            "A deviated septum",
            "Allergies or allergy medicines that can dry out your nose, like antihistamines and decongestants",
            "Certain blood thinners",
            "Taking aspirin regularly",
            "Nasal sprays",
            "A sinus infection",
            "Chemicals that irritate your airways, like ammonia",
            "Pregnancy",
            "Alcohol use"
        ]
    },
    {
        "name": "Hiatal Hernia",
        "link": "https://www.webmd.com/first-aid/causes-nosebleeds",
        "symptoms": [
            "Heartburn from gastroesophageal reflux disease (GERD)",
            "Chest pain",
            "Bloating",
            "Burping",
            "Trouble swallowing",
            "Bad taste in the mouth",
            "An upset stomach and vomiting",
            "Backflow of food or liquid from the stomach into the mouth"
        ],
        "causes": [
            "Being born with a larger hiatal opening than usual",
            "Injury to the area",
            "Changes in your diaphragm as you age",
            "A rise in pressure in your belly, resulting from pregnancy, obesity, coughing, lifting something heavy, or straining on the toilet"
        ],
        "prevention": [
            "Antacids to weaken your stomach acid",
            "Proton pump inhibitors or H-2 receptor blockers to keep your stomach from making as much acid",
            "Prokinetics to make your esophageal sphincter, the muscle that keeps stomach acid from backing up into your esophagus, stronger. They also help muscles in your esophagus work and help empty your stomach."
        ]
    },

    {
        "name": "Hidradenitis Suppurativa",
        "link": "https://www.webmd.com/digestive-disorders/why-do-i-hiccup",
        "causes": [
            "Under your arms",
            "In your groin",
            "Between your buttocks",
            "Between your thighs",
            "Under your breasts",
            "In the folds of your stomach",
            "On the nape of your neck",
            "Behind your ears"
        ],
        "symptoms": [
            "Under your arms",
            "In your groin",
            "Between your buttocks",
            "Between your thighs",
            "Under your breasts",
            "In the folds of your stomach",
            "On the nape of your neck",
            "Behind your ears"
        ],
        "prevention": [
            "Aspirin",
            "Ibuprofen",
            "Naproxen"
        ]
    },
    {
        "name": "High Altitude Illness",
        "link": "https://www.webmd.com/skin-problems-and-treatments/hidradenitis-suppurativa",
        "causes": [
            "Headache",
            "Dizziness",
            "Nausea",
            "Vomiting",
            "Fatigue and loss of energy",
            "Shortness of breath",
            "Problems with sleep",
            "Loss of appetite"
        ],
        "symptoms": [
            "Headache",
            "Dizziness",
            "Nausea",
            "Vomiting",
            "Fatigue and loss of energy",
            "Shortness of breath",
            "Problems with sleep",
            "Loss of appetite"
        ],
        "prevention": [
            "Start your journey below 10,000 feet. If you have to fly or drive somewhere that’s higher up, stop at one destination that’s lower for at least a full day before going any higher.",
            "If you do fly or drive somewhere and can’t spend time at lower elevations on the way, the drug acetazolamide can help speed up acclimatization.",
            "If you walk, hike, or climb over 10,000 feet, only go up an additional 1,000 feet per day. For every 3,000 feet you climb, rest at least a day at that height.",
            "“Climb high and sleep low”: If you have to climb over 1,000 feet in a day, make sure you come back down to a lower altitude to sleep.",
            "Drink 3-4 quarts of water every day, and make sure about 70% of your calories are coming from carbs.",
            "Don’t use tobacco, alcohol, or medications such as sleeping pills, especially for the first 48 hours. Caffeine is OK if you normally drink it.",
            "Don’t vigorously exercise for the first 48 hours.",
            "Know how to identify the first signs of altitude sickness. Move to a lower elevation right away if you start to have these symptoms."
        ]
    },

    {
        "name": "Hip Fracture",
        "link": "https://www.webmd.com/children/children-hip-pain-top-causes",
        "symptoms": [
            "Blood clots in your legs or lungs",
            "Bedsores",
            "Urinary tract infection",
            "Pneumonia",
            "Loss of muscle mass. This puts you at risk for more falls and injuries."
        ],
        "prevention": [
            "Calcium supplements",
            "Vitamin D supplements",
            "Drugs called bisphosphonates – these prevent the loss of bone mass",
            "Regular physical activity",
            "Giving up tobacco and alcohol"
        ]
    },

    {
        "name": "Hirsutism",
        "link": "https://www.webmd.com/children/what-is-hirschsprungs-disease",
        "symptoms": [
            "Face",
            "Chest",
            "Lower stomach",
            "Inner thighs",
            "Back"
        ],
        "causes": [
            "Polycystic ovary syndrome (PCOS), which causes small cysts, or fluid-filled sacs, to form on your ovaries.",
            "Cushing's syndrome, which you get when you have high levels of the stress hormone cortisol for long periods of time.",
            "Tumors in your adrenal glands (which make hormones like cortisol) or your ovaries.",
            "Medication. Some drugs can change the hormone levels in your system, so you grow unwanted hair on your face or body. This can happen with:Drugs that have hormones, like anabolic steroidsDrugs that spur hair growth, like minoxidil (Rogaine)A drug called danazol (Danocrine) that can help with endometriosis, when the tissue that lines the uterus grows outside the womb",
            "Drugs that have hormones, like anabolic steroids",
            "Drugs that spur hair growth, like minoxidil (Rogaine)",
            "A drug called danazol (Danocrine) that can help with endometriosis, when the tissue that lines the uterus grows outside the womb",
            "High insulin levels. Insulin can trigger the ovaries to produce androgens.",
            "Congenital adrenal hyperplasia is an inherited condition that can cause your adrenal glands to make too much androgen. ",
            "Menopause. Hormone changes can happen after menopause.  "
        ],
        "prevention": [
            "Eat a healthy, low-calorie diet",
            "Lose weight",
            "Exercise regularly "
        ]
    },
    {
        "name": "Histiocytosis X",
        "link": "https://www.webmd.com/women/hirsutism-hair-women",
        "symptoms": [
            "X-rays of your lungs and bones",
            "Bone marrow biopsy to look for signs of LCH",
            "Blood chemistry test to check your kidneys, liver, thyroid, and immune system",
            "MRIs and PET and CT scans to get detailed images of your body",
            "Urinalysis to check levels of red and white cells, protein, and sugar in your pee"
        ],
        "causes": [
            "Smoking",
            "Parents who were exposed to environmental toxins, like benzene or wood dust",
            "Infections as a newborn",
            "Family history of thyroid disease"
        ],
        "prevention": [
            "Low-dose radiation to targeted part of the body",
            "Surgery to remove LCH lesions",
            "Steroids like prednisone or anti-inflammatory drugs",
            "Ultraviolet light therapy for skin conditions",
            "Stem cell transplant",
            "Bone marrow, liver, or lung transplants in very serious cases"
        ]
    },
 
    {
        "name": "Hives",
        "link": "https://www.webmd.com/hiv-aids/default.htm",
        "causes": [
            "Apply cool compresses or wet cloths to the affected areas.",
            "Try to work and sleep in a cool room.",
            "Wear loose-fitting lightweight clothes."
        ],
        "prevention": [
            "Apply cool compresses or wet cloths to the affected areas.",
            "Try to work and sleep in a cool room.",
            "Wear loose-fitting lightweight clothes."
        ]
    },
    {
        "name": "HLHS",
        "link": "https://www.webmd.com/skin-problems-and-treatments/hives-urticaria-angioedema",
        "causes": [
            "Being sleepy or not wanting to move",
            "Cold hands and feet",
            "Fast breathing or difficulty breathing",
            "Gray or blue skin",
            "Not eating well"
        ],
        "symptoms": [
            "Being sleepy or not wanting to move",
            "Cold hands and feet",
            "Fast breathing or difficulty breathing",
            "Gray or blue skin",
            "Not eating well"
        ],
        "prevention": [
            "Medicine: Your baby may be given a drug called alprostadil (Prostin VR Pediatric) to help keep the ductus arteriosus open. They may also need medicine to make their heart muscle stronger, lower blood pressure, and help their body get rid of extra fluids.",
            "Help with feeding and breathing: Your baby will be weak and will likely need to get fluids through an IV or a feeding tube. A breathing machine called a ventilator may also be used to make sure your baby gets enough oxygen.",
            "Atrial septostomy. If your baby doesn't have an atrial septal defect, your doctor may recommend this surgery. It creates an opening between the heart's upper chambers to let more blood flow through."
        ]
    },
    {
        "name": "Hodgkin's Disease",
        "link": "https://www.webmd.com/parenting/baby/hypoplastic-left-heart",
        "causes": [
            "Lymphoma",
            "Hodgkin's Lymphoma",
            "Non-Hodgkin's Lymphoma",
            "Leukemia",
            "Childhood Leukemia",
            "Polycythemia Vera",
            "Chronic Myeloid Leukemia",
            "Myelodysplastic Syndrome",
            "Acute Lymphoblastic Leukemia"
        ]
    },
    {
        "name": "Hole in the Heart",
        "link": "https://www.webmd.com/cancer/lymphoma/understanding-hodgkins-disease-basic-information",
        "causes": [
            "There may be just one hole or several holes in the septum.",
            "The septum itself is divided into multiple areas, including the membranous part, the muscular part, and other areas called the inlet and outlet. Any or all of these parts can have a hole.",
            "The location of the hole depends on where the malformation takes place during fetal development."
        ],
        "symptoms": [
            "Fast breathing",
            "Sweating",
            "Pallor",
            "Very fast heartbeatsDecreased feeding",
            "Poor weight gain"
        ],
        "prevention": [
            "Twenty to 25% of all ventricular septal defects close by age 3 without medical intervention.",
            "Children who show no symptoms and are being monitored by a primary care provider do not have to restrict their activities. Children with mild-to-moderate shunting of blood may have to reduce their levels of activity.",
            "Once a defect is repaired, there are no restrictions on activity."
        ]
    },
 
    {
        "name": "Home Blood Sugar Monitoring with Gestational Diabetes",
        "link": "https://www.webmd.com/diabetes/child-blood-sugar-problems",
        "symptoms": [
            "You’re thirstier than usual",
            "You’re hungrier and eat more than usual",
            "You pee more than usual"
        ],
        "causes": [
            "Were overweight before you got pregnant",
            "Are Black, Asian, Hispanic or Latinx, Alaska Native, Pacific Islander, or Native American",
            "Have blood sugar levels that are higher than they should be but not high enough to be diabetes (this is called prediabetes)",
            "Have a family member with diabetes",
            "Have had gestational diabetes before",
            "Have polycystic ovary syndrome (PCOS) or another health condition linked to problems with insulin",
            "Have high blood pressure, high cholesterol, heart disease, or other medical complications",
            "Have given birth to a large baby (weighing more than 9 pounds)",
            "Have had a miscarriage",
            "Have given birth to a baby who was stillborn or had certain birth defects",
            "Are older than 25"
        ],
        "prevention": [
            "Eating a healthy diet",
            "Staying active",
            "Losing extra weight"
        ]
    },

    {
        "name": "Homeopathy",
        "link": "https://www.webmd.com/healthy-aging/staying-healthy",
        "prevention": [
            "Allergies",
            "Migraines",
            "Depression",
            "Chronic fatigue syndrome",
            "Rheumatoid arthritis",
            "Irritable bowel syndrome",
            "Premenstrual syndrome"
        ]
    },
    {
        "name": "Homocystinuria",
        "link": "https://www.webmd.com/balance/what-is-homeopathy",
        "causes": [
            "Pale hair and skin",
            "Abnormally-shaped chest",
            "Slow weight gain and growth",
            "Severe nearsightedness and lens dislocation (which can lead to blindness)",
            "Tall, slender build",
            "Long, skinny fingers",
            "Weak bones",
            "Blood clots (increasing the risk for stroke and heart disease)",
            "Seizures"
        ],
        "symptoms": [
            "Pale hair and skin",
            "Abnormally-shaped chest",
            "Slow weight gain and growth",
            "Severe nearsightedness and lens dislocation (which can lead to blindness)",
            "Tall, slender build",
            "Long, skinny fingers",
            "Weak bones",
            "Blood clots (increasing the risk for stroke and heart disease)",
            "Seizures"
        ],
        "prevention": [
            "Cow’s milk",
            "Cheese",
            "Meat and fish",
            "Eggs"
        ]
    },
    {
        "name": "Homozygous Alpha-1-Antitrypsin Deficiency",
        "link": "https://www.webmd.com/children/what-is-homocystinuria",
        "symptoms": [
            "Wheezing or whistling sounds when you breathe",
            "Having colds often ",
            "Feeling tired",
            "A fast heartbeat when you stand up",
            "Weight loss"
        ],
        "prevention": [
            "Gene therapy. This involves replacing the faulty gene responsible for AAT deficiency with a healthy one. Research into gene therapy for AAT deficiency has been mixed. The results of one study showed the treatment is safe and worked to keep AAT levels in the normal range. But the results of another study showed lower AAT levels.",
            "Stem cell therapy. This treatment replaces damaged cells with healthy stem cells. The stem cells come from people with AAT, which scientists use to study and create treatments for the disease.",
            "Small molecule therapy. These are drugs that target specific molecules involved in disease. In AAT deficiency, they could help slow liver damage by stopping the protein from building up in liver cells. This type of therapy shows promise but needs more research."
        ]
    },
    {
        "name": "Homozygous Familial Hypercholesterolemia",
        "link": "https://www.webmd.com/lung/copd/alpha-1-antitrypsin-deficiency-rare",
        "causes": [
            "Chest pain (angina)",
            "Rapid heartbeat",
            "Shortness of breath"
        ],
        "symptoms": [
            "Chest pain (angina)",
            "Rapid heartbeat",
            "Shortness of breath"
        ],
        "prevention": [
            "Red meat",
            "Butter",
            "Whole milk",
            "Coconut and palm oils",
            "Egg yolks"
        ]
    },
    {
        "name": "Hordeolum",
        "link": "https://www.webmd.com/cholesterol-management/homozygous-familial-hypercholesterolemia",
        "causes": [
            "What Is a Stye?",
            "Stye Symptoms",
            "Stye Treatment",
            "Stye Prevention"
        ]
    },
  
    {
        "name": "Horner's Syndrome",
        "link": "https://www.webmd.com/women/endometriosis/understanding-endometriosis-treatment",
        "symptoms": [
            "No sweat on one side of your face",
            "A droopy upper eyelid (ptosis)",
            "A lower eyelid that’s slightly raised (inverse ptosis)",
            "A small pupil, the black circle in the middle of your eye (miosis)",
            "Pupils that are different sizes (anisocoria)",
            "A pupil that doesn’t open (dilate) widely or is slow to open in dim light",
            "A sunken or bloodshot eye"
        ],
        "causes": [
            "Sudden loss of blood to your brain stem",
            "Tumors on your hypothalamus",
            "Spinal cord lesions",
            "Stroke",
            "Damage to myelin (a thin sheath around your nerves)"
        ] 
    },

    {
        "name": "How to Avoid Outdoor Allergy Triggers",
        "link": "https://www.webmd.com/allergies/allergy-proof-your-environment",
        "symptoms": [
            "Through your nasal passages and into your lungs",
            "Through your mouth",
            "Through your skin",
            "Through absorption from an insect sting"
        ]
    },
    {
        "name": "How to Control Itching from Chickenpox",
        "link": "https://www.webmd.com/allergies/allergy-basics",
        "causes": [
            "Body aches",
            "Fever",
            "Feeling very tired ",
            "Loss of appetite",
            "Headache"
        ],
        "symptoms": [
            "Body aches",
            "Fever",
            "Feeling very tired ",
            "Loss of appetite",
            "Headache"
        ],
        "prevention": [
            "The rash gets close to or spreads to one or both eyes.",
            "The rash gets very red, warm, or tender. You could have a bacterial skin infection.",
            "Bleeding or bruising around your rash",
            "Dizziness",
            "Shortness of breath",
            "Bad cough",
            "Bad stomach pain",
            "Vomiting",
            "Stiff neck",
            "You can’t control your muscles",
            "Trouble walking",
            "Trouble waking up",
            "Confusion",
            "Fever lasting more than four days",
            "Fever over 102 F",
            "Dehydration"
        ]
    },

    {
        "name": "How to Stop Bleeding From a Minor Head Wound",
        "link": "https://www.webmd.com/skin-problems-and-treatments/how-to-remove-a-tick",
        "causes": [
            "Car or motorcycle accidents ",
            "Falls",
            "Child abuse",
            "Acts of violence"
        ],
        "symptoms": [
            "Confusion",
            "Depression",
            "Dizziness or balance problems",
            "Double or fuzzy vision",
            "Feeling foggy or groggy",
            "Feeling sluggish or tired",
            "Headache",
            "Memory loss",
            "Nausea",
            "Sensitivity to light or noise",
            "Sleep disturbance",
            "Trouble concentrating",
            "Trouble remembering"
        ],
        "prevention": [
            "Baseball and softball",
            "Cycling",
            "Football",
            "Hockey",
            "Horseback riding",
            "Riding powered recreational vehicles",
            "Skateboarding and riding scooters",
            "Skiing",
            "Snowboarding",
            "Wrestling"
        ]
    },
    {
        "name": "How to Stop Drinking Alcohol",
        "link": "https://www.webmd.com/fitness-exercise/head-injuries-causes-and-treatments",
        "prevention": [
            "Shaking (tremors)",
            "Seeing or feeling things that aren’t really there (hallucinations)",
            "Seizures"
        ]
    },

    {
        "name": "Human Cyclic Neutropenia",
        "link": "https://www.webmd.com/sexual-conditions/hpv-genital-warts/default.htm",
        "symptoms": [
            "Sore throat",
            "Swollen lymph nodes",
            "Ulcers around the mouth or your anus",
            "Burning sensation with pee or urgent and/or frequent need to pee",
            "Diarrhea",
            "Swollen areas filled with pus (abscesses)",
            "Pain, swelling, and/or rash where the infection is",
            "Long-lasting wounds",
            "Fatigue"
        ],
        "causes": [
            "Problem in the production of neutrophils in the bone marrow",
            "Destruction of neutrophils outside the bone marrow",
            "Infection",
            "Nutritional deficiency"
        ],
        "prevention": [
            "Good hygiene, including frequent handwashing and good dental care, such as regular tooth brushing and flossing",
            "Staying up to date on vaccinations",
            "Avoiding contact with sick people",
            "Always wearing shoes",
            "Cleaning cuts and scrapes and then covering them with a bandage",
            "Avoiding or properly caring for tattoos and piercings",
            "Using an electric shaver rather than a razor",
            "Avoiding animal waste and, when possible, not changing infants' diapers",
            "Avoiding unpasteurized dairy foods, undercooked meat, and raw fruits, vegetables, grains, nuts, and honey",
            "Staying out of hot tubs, ponds, and rivers",
            "Avoiding sharing razors, toothbrushes, and towels with others",
            "Avoiding eating or drinking from other people's utensils or cups"
        ]
    },
    {
        "name": "Human Cytomegalovirus Infection",
        "link": "https://www.webmd.com/a-to-z-guides/neutropenia-causes-symptoms-treatment",
        "symptoms": [
            "Fatigue",
            "Swollen glands",
            "Fever",
            "Sore throat",
            "Muscle aches"
        ],
        "causes": [
            "Saliva",
            "Semen",
            "Vaginal fluids",
            "Blood",
            "Urine",
            "Breast milk"
        ] 
    },

    {
        "name": "Hunter Syndrome",
        "link": "https://www.webmd.com/balance/features/give-your-body-boost-with-laughter",
        "causes": [
            "Large, round cheeks",
            "Broad nose",
            "Thick lips and a large tongue",
            "Bushy eyebrows",
            "Large head",
            "Slowed growth",
            "Thick, tough skin",
            "Short, broad hands with stiff, curled fingers"
        ],
        "symptoms": [
            "Large, round cheeks",
            "Broad nose",
            "Thick lips and a large tongue",
            "Bushy eyebrows",
            "Large head",
            "Slowed growth",
            "Thick, tough skin",
            "Short, broad hands with stiff, curled fingers"
        ],
        "prevention": [
            "Walking, climbing stairs, and the ability to keep up in general",
            "Movement and stiff joints",
            "Breathing",
            "Growth",
            "Hair and facial features"
        ]
    },
    {
        "name": "Huntington's Chorea (HD)",
        "link": "https://www.webmd.com/children/hunter-syndrome-mps-ii",
        "symptoms": [
            "Trouble learning new things",
            "Trouble making decisions",
            "Memory lapses",
            "Mood swings",
            "Clumsiness",
            "Slow or abnormal eye movements",
            "Muscle problems (dystonia)",
            "Trouble sleeping (insomnia)",
            "Loss of energy and fatigue"
        ],
        "prevention": [
            "Medications can help control fidgety movements. Your doctor can work closely with you to manage any side effects and to change medications if needed.",
            "Some antipsychotic drugs have a side effect that controls movement and have been helpful for some people.",
            "Antidepressants can also help with obsessive-compulsive disorder.",
            "Mood-stabilizing drugs can ease symptoms of mood disorders but may cause other side effects.",
            "Speech or language therapy may be helpful for any problems with speech or swallowing.",
            "Occupational or physical therapy may help you learn how to better control movements. And assistive devices such as handrails can help you manage your changing physical abilities.",
            "Nutritional support ranges from using special utensils to focusing on nutrient-dense foods to supplementing with tube feeding in later stages.",
            "Exercise may be very helpful. People with Huntington's who stay as fit and active as they can seem to do better than those who do not.",
            "Psychotherapy can teach you ways to manage changes in your emotions and how you think.  Strategies like breaking tasks into simpler steps may go a long way toward making these changes a bit easier for you and your family."
        ],
        "causes": [
            "Men and women are equally likely to inherit the abnormal gene.",
            "If you don't have the abnormal gene, you can't get Huntington's or pass it on to your children.",
            "The disease doesn't skip generations."
        ]
    },
    {
        "name": "Huntington's Disease (HD)",
        "link": "https://www.webmd.com/brain/hungtingtons-disease-causes-symptoms-treatment",
        "symptoms": [
            "Trouble learning new things",
            "Trouble making decisions",
            "Memory lapses",
            "Mood swings",
            "Clumsiness",
            "Slow or abnormal eye movements",
            "Muscle problems (dystonia)",
            "Trouble sleeping (insomnia)",
            "Loss of energy and fatigue"
        ],
        "prevention": [
            "Medications can help control fidgety movements. Your doctor can work closely with you to manage any side effects and to change medications if needed.",
            "Some antipsychotic drugs have a side effect that controls movement and have been helpful for some people.",
            "Antidepressants can also help with obsessive-compulsive disorder.",
            "Mood-stabilizing drugs can ease symptoms of mood disorders but may cause other side effects.",
            "Speech or language therapy may be helpful for any problems with speech or swallowing.",
            "Occupational or physical therapy may help you learn how to better control movements. And assistive devices such as handrails can help you manage your changing physical abilities.",
            "Nutritional support ranges from using special utensils to focusing on nutrient-dense foods to supplementing with tube feeding in later stages.",
            "Exercise may be very helpful. People with Huntington's who stay as fit and active as they can seem to do better than those who do not.",
            "Psychotherapy can teach you ways to manage changes in your emotions and how you think.  Strategies like breaking tasks into simpler steps may go a long way toward making these changes a bit easier for you and your family."
        ],
        "causes": [
            "Men and women are equally likely to inherit the abnormal gene.",
            "If you don't have the abnormal gene, you can't get Huntington's or pass it on to your children.",
            "The disease doesn't skip generations."
        ]
    },
    {
        "name": "Hurler Disease",
        "link": "https://www.webmd.com/brain/hungtingtons-disease-causes-symptoms-treatment",
        "causes": [
            "Shorter than average, with stocky build",
            "Large head, bulging forehead",
            "Thick lips, widely spaced teeth, and large tongue",
            "Short, flat nose with wide nostrils",
            "Thick, tough skin",
            "Short, broad hands with curving fingers",
            "Knock-knees and walking on toes",
            "Curved spine"
        ],
        "symptoms": [
            "Shorter than average, with stocky build",
            "Large head, bulging forehead",
            "Thick lips, widely spaced teeth, and large tongue",
            "Short, flat nose with wide nostrils",
            "Thick, tough skin",
            "Short, broad hands with curving fingers",
            "Knock-knees and walking on toes",
            "Curved spine"
        ] 
    },
    {
        "name": "Hutchinson-Gilford Progeria Syndrome (HGPS)",
        "link": "https://www.webmd.com/children/mucopolysaccharidosis-i-mps-i",
        "symptoms": [
            "Slow height and weight growth",
            "A bigger head",
            "Large eyes, which they can’t close all the way",
            "A small lower jaw",
            "A thin nose with a \"beaked\" tip",
            "Ears that stick out",
            "Veins you can see",
            "Slow and abnormal tooth growth",
            "A high-pitched voice",
            "Loss of body fat and muscle",
            "Hair loss, including eyelashes and eyebrows",
            "Thin, wrinkled skin that shows spots"
        ]  
    },
    {
        "name": "Hutchinson-Gilford Syndrome (HGPS)",
        "link": "https://www.webmd.com/children/progeria",
        "symptoms": [
            "Slow height and weight growth",
            "A bigger head",
            "Large eyes, which they can’t close all the way",
            "A small lower jaw",
            "A thin nose with a \"beaked\" tip",
            "Ears that stick out",
            "Veins you can see",
            "Slow and abnormal tooth growth",
            "A high-pitched voice",
            "Loss of body fat and muscle",
            "Hair loss, including eyelashes and eyebrows",
            "Thin, wrinkled skin that shows spots"
        ]  
    },
    {
        "name": "Hydatidiform Mole",
        "link": "https://www.webmd.com/children/progeria",
        "causes": [
            "Being younger than 20 or older than 40",
            "Having experienced a molar pregnancy in the past",
            "Having a history of pregnancy loss",
            "Difficulty conceiving or infertility problems",
            "Being of Asian descent"
        ],
        "symptoms": [
            "Bleeding from your vagina in the first 3 months of pregnancy",
            "Watery brown discharge",
            "Sacs (they look like clusters of grapes) that pass out of your vagina",
            "Nausea and vomiting that happen more often or are worse than what’s normal during pregnancy",
            "Lots of pressure or pain in your pelvis",
            "More swelling in the belly area than expected for your stage of pregnancy",
            "Preeclampsia (high blood pressure)",
            "Anemia, in which your body has too few red blood cells",
            "Very high levels of the pregnancy hormone human chorionic gonadotropin (hCG)",
            "Cysts on your ovaries",
            "An overactive thyroid (hyperthyroidism)"
        ] 
    },
    {
        "name": "Hydrocele",
        "link": "https://www.webmd.com/baby/what-is-molar-pregnancy",
        "causes": [
            "A noncommunicating hydrocele happens when the sac closes like normal, but the boy’s body doesn’t absorb the fluid inside it.",
            "A communicating hydrocele happens when the sac doesn’t seal. With this type, their scrotum may swell more over time."
        ],
        "symptoms": [
            "Infection or tumor. These could reduce sperm production or function.",
            "Trauma",
            "Inguinal hernia. This happens when a loop of intestine sticks out through a weak spot in the abdominal wall, and gets trapped. This can cause dangerous complications."
        ],
        "prevention": [
            "Infection or tumor. These could reduce sperm production or function.",
            "Trauma",
            "Inguinal hernia. This happens when a loop of intestine sticks out through a weak spot in the abdominal wall, and gets trapped. This can cause dangerous complications."
        ]
    },
    {
        "name": "Hydrocephalus",
        "link": "https://www.webmd.com/parenting/baby/hydrocele-baby-boys",
        "symptoms": [
            "An unusually large head that gets bigger quickly",
            "The soft spot on top of a baby’s head is firm or bulging",
            "Eyes that are focused downward (sometimes called “sunsetting of the eyes”)",
            "Crankiness or irritability",
            "Vomiting or poor feeding",
            "Seizures",
            "Poor muscle tone and strength",
            "Less responsive to touch",
            "Poor growth"
        ],
        "causes": [
            "A blockage. Tumors, cysts, birth defects, brain injury, or stroke can block or affect the normal flow of cerebrospinal fluid.",
            "Poor fluid absorption. Inflammation, injuries, or infections like bacterial meningitis can keep your brain tissues from taking in cerebrospinal fluid.",
            "Too much fluid. In rare cases, your body makes more cerebrospinal fluid than your brain can handle, often due to  infection like meningitis."
        ],
        "prevention": [
            "Safety gear such as helmets can help prevent head injuries while playing sports, riding a bike, and other activities.",
            "Car seats and seatbelts can help protect children in the car.",
            "Regular health care during pregnancy can help lower the chances of problems during pregnancy, including infection and premature birth.",
            "Meningitis was once a common cause of hydrocephalus. Ask your doctor about a vaccine."
        ]
    },
    {
        "name": "Hydrocephalus, Congenital",
        "link": "https://www.webmd.com/brain/hydrocephalus-facts",
        "causes": [
            "The ventricles – spaces in the brain where CSF is made -- produce too much fluid.",
            "Something blocks the normal flow of fluid and causes it to build up.",
            "The bloodstream can’t absorb all the fluid."
        ],
        "prevention": [
            "Infections",
            "Clogged lines",
            "Mechanical problems",
            "Shunt needs to be longer"
        ]
    },

    {
        "name": "Hyperammonemia due to Ornithine Transcarbamylase Deficiency",
        "link": "https://www.webmd.com/add-adhd/default.htm",
        "symptoms": [
            "Fussy",
            "Sleepy or sluggish",
            "Can’t feed",
            "Vomits",
            "Low body temperature",
            "Problems with posture",
            "Seizures",
            "Fast breathing that becomes slow",
            "Coma"
        ],
        "prevention": [
            "Dialysis to remove ammonia from their blood",
            "Feeding them supplements of sugars, fats, and amino acids",
            "Medicines to remove extra nitrogen"
        ]
    },
    {
        "name": "Hypercalcemia-Supravalvar Aortic Stenosis",
        "link": "https://www.webmd.com/children/urea-cycle-disorders",
        "causes": [
            "Wide forehead",
            "Bridge of the nose is flattened",
            "Short nose with a large tip",
            "Wide mouth with full lips",
            "Small chin",
            "Small, widely spaced teeth",
            "Missing or crooked teeth",
            "Uneven eyes",
            "Folds over the corners of the eyes",
            "White starburst pattern around the iris, or colored part of the eye",
            "Long face and neck (in adulthood)"
        ],
        "symptoms": [
            "Curved spine, called scoliosis",
            "Ear infections",
            "Early puberty",
            "Farsightedness",
            "Hernia",
            "High levels of calcium in the blood",
            "Hoarse voice",
            "Joint and bone problems",
            "Kidney problems",
            "Urinary tract infections"
        ],
        "prevention": [
            "Cardiologist -- a doctor who treats heart problems",
            "Endocrinologist -- a doctor who treats hormone problems",
            "Gastroenterologist -- a doctor who treats gastrointestinal problems",
            "Ophthalmologist -- a doctor who treats eye problems",
            "Psychologist",
            "Speech and language therapist",
            "Occupational therapist",
            "Physical therapist"
        ]
    },
    {
        "name": "Hypercholesterolemia",
        "link": "https://www.webmd.com/children/williams-syndrome"
    },
    {
        "name": "Hyperemesis Gravidarum",
        "link": "https://www.webmd.com/cholesterol-management/default.htm",
        "prevention": [
            "Lifestyle changes. If you can eat, have smaller, more frequent meals. Drink smaller drinks, but drink more often, and through a straw. Try cold foods if hot ones trigger nausea. Your doctor may want you to drink electrolyte-replacement sports drinks and nutritional supplements. Get enough sleep and try to manage your stress.",
            "Ginger. Taking 1 to 1.5 grams a day in several small doses may help some women. You can get it in tea, lollipops, or supplements.",
            "Pyridoxine. This vitamin, known as vitamin B6, is often prescribed for nausea in pregnancy. Typical doses are 10 mg to 25 mg, 3 times a day. Taking more may lead to temporary nerve damage.",
            "Thiamine. This vitamin (also called vitamin B1) in doses of 1.5 milligrams a day may ease vomiting.",
            "Medications. Your doctor can prescribe one or more drugs to help you throw up less. You can take them by mouth, suppository, IV, or in a shot. Antacids can also help. Another possible treatment is IV steroids. Your doctor will make sure any medications you take are safe for your baby."
        ]
    },

    {
        "name": "Hypoparathyroidism",
        "link": "https://www.webmd.com/hypertension-high-blood-pressure/default.htm",
        "causes": [
            "Injury or removal of the glands during surgery",
            "Autoimmune diseases",
            "Radiation therapy to your neck or head",
            "Low levels of magnesium",
            "Genetic disorders"
        ],
        "symptoms": [
            "Muscle cramps or spasms in your legs, feet, lower back, or face",
            "Tingling in your fingers, toes, or lips",
            "Anxiety and depression",
            "Heart failure",
            "An irregular heartbeat",
            "Low blood pressure",
            "Seizures"
        ],
        "prevention": [
            "Limit foods with phosphates, like soda and other fizzy drinks. These can pull calcium from your bones.",
            "Eat foods high in calcium such as low-fat dairy products, dark green vegetables like collard greens and kale, and foods with added calcium like some cereals and orange juices."
        ]
    },
    {
        "name": "Hypoplastic Left Heart Syndrome (HLHS)",
        "link": "https://www.webmd.com/women/hypoparathyroidism-rare",
        "causes": [
            "Being sleepy or not wanting to move",
            "Cold hands and feet",
            "Fast breathing or difficulty breathing",
            "Gray or blue skin",
            "Not eating well"
        ],
        "symptoms": [
            "Being sleepy or not wanting to move",
            "Cold hands and feet",
            "Fast breathing or difficulty breathing",
            "Gray or blue skin",
            "Not eating well"
        ],
        "prevention": [
            "Medicine: Your baby may be given a drug called alprostadil (Prostin VR Pediatric) to help keep the ductus arteriosus open. They may also need medicine to make their heart muscle stronger, lower blood pressure, and help their body get rid of extra fluids.",
            "Help with feeding and breathing: Your baby will be weak and will likely need to get fluids through an IV or a feeding tube. A breathing machine called a ventilator may also be used to make sure your baby gets enough oxygen.",
            "Atrial septostomy. If your baby doesn't have an atrial septal defect, your doctor may recommend this surgery. It creates an opening between the heart's upper chambers to let more blood flow through."
        ]
    },
    {
        "name": "Hypotonia-Hypomentia-Hypogonadism-Obesity Syndrome (HHHO)",
        "link": "https://www.webmd.com/parenting/baby/hypoplastic-left-heart",
        "causes": [
            "Poor muscle tone or limbs that hang loosely when you hold them",
            "Inability to suck or nurse well, so they gain weight slowly",
            "Eyes that cross or wander",
            "Appearance of being tired all the time",
            "Weak or soft cry",
            "Poor response to you"
        ],
        "symptoms": [
            "Poor muscle tone or limbs that hang loosely when you hold them",
            "Inability to suck or nurse well, so they gain weight slowly",
            "Eyes that cross or wander",
            "Appearance of being tired all the time",
            "Weak or soft cry",
            "Poor response to you"
        ],
        "prevention": [
            "Babies: High-calorie formula may help an infant stay at a healthy weight if they can't eat well because of weak muscle tone. You also can use special nipples or a Gavage feeding tube, which puts breast milk or formula directly in your baby's stomach, to make sure they get enough food.",
            "Older kids and teens: Set clear limits on how and when your child eats to avoid too much weight gain. A low-calorie, balanced diet and lots of exercise can help them stay at a healthy weight. Some kids with PWS may need to take extra vitamin D or calcium."
        ]
    }
]