[
    {
        "name": "IBS (Irritable Bowel Syndrome)",
        "link": "https://www.webmd.com/ibs/digestive-diseases-irritable-bowel-syndrome",
        "symptoms": [
            "Diarrhea (often described as violent episodes of diarrhea)",
            "Constipation",
            "Constipation alternating with diarrhea",
            "Belly pains or cramps, usually in the lower half of the belly, that get worse after meals and feel better after a bowel movement",
            "A lot of gas or bloating",
            "Harder or looser stools than normal (pellets or flat ribbon stools)",
            "A belly that sticks out",
            "Mucus in your poop",
            "Feeling like you still need to poop after you just did",
            "Food intolerance",
            "Tiredness",
            "Anxiety",
            "Depression",
            "Heartburn and indigestion",
            "Headaches",
            "Needing to pee a lot"
        ],
        "causes": [
            "Being assigned female at birth. About twice as many people AFAB as those assigned male at birth (AMAB) have the condition. It’s not clear why, but some researchers think the changing hormones in the menstrual cycle may have something to do with it. So far, studies haven’t borne this out.",
            "Age. IBS can affect people of all ages, but it's more likely to happen in people in their teens through their 40s.",
            "Family history. The condition seems to run in families. Some studies have shown that your genes may play a role.",
            "Emotional trouble. Some people with IBS seem to have trouble with stress, have a mental disorder, or have been through a traumatic event in their lives, such as sexual abuse or domestic violence. It's not clear what comes first – the stress or the IBS. But there's evidence that stress management and behavioral therapy can help relieve symptoms in some people with the condition.",
            "Food sensitivities. Some people may have digestive systems that rumble angrily when they eat dairy, wheat, a sugar in fruits called fructose, or the sugar substitute sorbitol. Fatty foods, carbonated drinks, and alcohol can also upset digestion. There's no proof any of these foods cause IBS, but they may trigger symptoms.",
            "Medications. Studies have shown a link between IBS symptoms and antibiotics, antidepressants, and drugs made with sorbitol.",
            "Other digestive problems, like stomach flu, traveler's diarrhea, or food poisoning. A small study published in January 2021 suggests that a GI tract infection can change the immune system so that it responds to certain foods as if they're a threat, like germs or viruses. Researchers are looking into these early findings.",
            "Chronic pain conditions. Several disorders that cause pain have been linked to irritable bowel syndrome, including:FibromyalgiaChronic pelvic painInterstitial cystitis, which causes bladder painMigraineTemporomandibular syndrome, which causes pain when chewingChronic fatigue syndrome",
            "Fibromyalgia",
            "Chronic pelvic pain",
            "Interstitial cystitis, which causes bladder pain",
            "Migraine",
            "Temporomandibular syndrome, which causes pain when chewing",
            "Chronic fatigue syndrome"
        ],
        "prevention": [
            "Avoid caffeine (in coffee, tea, and soda).",
            "Add fiber to your diet with foods like fruits, vegetables, whole grains, and nuts. Go slowly, though. Adding too much fiber at once can lead to gas and bloating. A fiber supplement may be easier on your gut than foods loaded with fiber.",
            "Drink at least eight glasses of water per day.",
            "Don't smoke.",
            "Learn to relax, either by getting more exercise or by reducing stress in your life. Find a relaxation technique that works for you. There are lots to choose from, including:Diaphragmatic/belly breathingProgressive muscle relaxationVisualization/positive imageryMeditation",
            "Diaphragmatic/belly breathing",
            "Progressive muscle relaxation",
            "Visualization/positive imagery",
            "Meditation",
            "Eat slowly and chew your food thoroughly to ease digestion.",
            "Don’t skip meals. Instead, stick to a regular meal schedule to help keep your bowels moving regularly.",
            "Eat smaller meals more often instead of big meals.",
            "Keep a record of the foods you eat so you can figure out which foods bring on bouts of IBS.",
            "Sleep 7 to 9 hours every night, which can help relieve IBS-triggering stress",
            "Exercise regularly – think walking, biking, swimming, or other workouts that raise your heart rate – with a goal of at least 30 minutes a day, 5 days per week.",
            "Skip carbonated beverages. Those bubbles can irritate your gut."
        ]
    },

    {
        "name": "IC",
        "link": "https://www.webmd.com/ibs/what-is-ibs-d",
        "symptoms": [
            "Bladder pressure and pain that gets worse as your bladder fills up.",
            "Pain in your lower tummy, lower back, pelvis, or urethra (the tube that carries pee from your bladder out of your body)",
            "For women, pain in the vulva, vagina, or the area behind the vagina",
            "For men, pain in the scrotum, testicles, penis, or the area behind the scrotum",
            "The need to pee often (more than the normal 7-8 times daily)",
            "The feeling you need to pee right now, even right after you go",
            "For women, pain during sex",
            "For men, pain during orgasm or after sex"
        ],
        "causes": [
            "A problem with bladder tissue lets things in your pee irritate your bladder.",
            "Inflammation causes your body to release chemicals that cause symptoms.",
            "Something in your urine damages your bladder.",
            "A nerve problem makes your bladder feel pain from things that usually don’t hurt.",
            "Your immune system attacks the bladder.",
            "Another condition that causes inflammation is also targeting the bladder."
        ],
        "prevention": [
            "Cyclosporine. This drug suppresses your immune system.",
            "Surgery. In very rare cases when nothing else works, this may be an option. This is a complex operation that diverts your urine away from your bladder."
        ]
    },
    {
        "name": "ICD",
        "link": "https://www.webmd.com/urinary-incontinence-oab/interstitial-cystitis",
        "causes": [
            "An abnormal development in the SCM",
            "Klippel-Feil syndrome (a rare birth defect that causes the vertebrae in your baby’s neck to fuse) ",
            "Hematoma (a buildup of blood in your baby’s neck muscles)",
            "Fibrosis (thickening of your baby’s muscle tissue)"
        ],
        "symptoms": [
            "Your child’s head tilts to one side with their chin pointed to the opposite shoulder. In about 75% of babies with torticollis, the right side is affected.",
            "Their head doesn’t turn side to side or up and down easily.",
            "You feel a soft lump in your baby’s neck muscle. This isn’t dangerous and usually goes away within 6 months.",
            "Your baby prefers to look over the shoulder at you. Their eyes don’t follow you because that would require turning their head.",
            "Your baby has trouble breastfeeding on one side or prefers to feed on one side only.",
            "Your baby works hard to turn toward you, struggles to turn their head all the way, and becomes upset because the movement is hard.",
            "They might start getting a flat head on one or both sides, from lying in one position all the time. This is called “positional plagiocephaly.”",
            "One of your baby’s shoulders is higher than the other.",
            "Your baby has muscle tightness or stiffness.",
            "Your baby has swollen neck muscles.",
            "You notice that your baby has uneven facial features. For example, one eye might appear lower than the other."
        ] 
    },

    {
        "name": "Icelandic Type Amyloidosis (Type VI)",
        "link": "https://www.webmd.com/chronic-fatigue-syndrome/what-is-chronic-fatigue-syndrome",
        "causes": [
            "Changes in skin color",
            " Severe fatigue",
            "Feeling of fullness",
            " Joint pain ",
            "Low red blood cell count (anemia)",
            "Shortness of breath",
            "Swelling of the tongue ",
            "Tingling and numbness in legs and feet",
            "Weak hand grip",
            "Severe weakness ",
            "Sudden weight loss "
        ],
        "symptoms": [
            "Changes in skin color",
            " Severe fatigue",
            "Feeling of fullness",
            " Joint pain ",
            "Low red blood cell count (anemia)",
            "Shortness of breath",
            "Swelling of the tongue ",
            "Tingling and numbness in legs and feet",
            "Weak hand grip",
            "Severe weakness ",
            "Sudden weight loss "
        ],
        "prevention": [
            "High-dose chemotherapy with stem cell transplant can help remove the substance that leads to amyloid formation in some people with primary AL amyloidosis. Chemotherapy medicines alone may be used to treat other patients with primary AL amyloidosis.",
            "Secondary (AA) amyloidosis is treated by controlling the underlying disorder and with powerful anti-inflammatory medicines called steroids, which fight inflammation.",
            "A liver transplant may treat the disease if you have certain types of hereditary amyloidosis.",
            "New therapies can slow the production of the abnormal protein TTR.",
            "Your doctor might also recommend a kidney transplant."
        ]
    },
    {
        "name": "Ichthyosis",
        "link": "https://www.webmd.com/cancer/lymphoma/amyloidosis-symptoms-causes-treatments",
        "causes": [
            "Underactive thyroid gland",
            "Kidney disease",
            "Sarcoidosis, a rare disease that causes patches of inflammation inside the body",
            "Cancer such as Hodgkin's lymphoma",
            "HIV infection"
        ],
        "symptoms": [
            "Trunk",
            "Stomach",
            "Buttocks",
            "Legs",
            "Face and scalp"
        ],
        "prevention": [
            "Taking baths or other steps to add moisture to your skin.",
            "Staying cool. Heat and sweat can make it worse.",
            "Use a humidifier to keep heat and air conditioning from drying out your skin.",
            "Wear loose clothes that are cotton or another fabric that doesn't bother your skin.",
            "Avoid laundry detergents or other products with dyes and perfumes."
        ]
    },
    {
        "name": "Icterus (Chronic Familial)",
        "link": "https://www.webmd.com/skin-problems-and-treatments/what-is-ichthyosis",
        "symptoms": [
            "Chills",
            "Fast heartbeat, known as tachycardia",
            "Pale skin that may start to yellow",
            "Shortness of breath",
            "Weakness and fatigue",
            "Chest pain",
            "Yellow skin or whites of the eyes (jaundice)",
            "Dark urine",
            "A feeling of abdominal fullness related to an enlarged spleen"
        ],
        "causes": [
            "Cancers, including chronic lymphocytic leukemia and non-Hodgkin's lymphoma",
            "Infections like Mycoplasma pneumoniae",
            "Medicines such as penicillin, methyldopa (Aldomet), quinine (Qualaquin), and sulfonamides",
            "Viruses such as Epstein-Barr virus, cytomegalovirus, HIV, and hepatitis"
        ] 
    },
   
    {
        "name": "Identifying Asthma Triggers",
        "link": "https://www.webmd.com/migraines-headaches/avoiding-migraine-triggers",
        "causes": [
            "Needing more rescue inhaler medication (such as albuterol).",
            "A cough that gets worse.",
            "Feeling like you can’t breathe or like someone’s sitting on your chest.",
            "Waking up at night feeling like you can’t breathe.",
            "Not being able to be active or exercise without getting winded or wheezing.          "
        ]
    },
    {
        "name": "Idiopathic Amyloidosis",
        "link": "https://www.webmd.com/asthma/asthma-triggers",
        "causes": [
            "Changes in skin color",
            " Severe fatigue",
            "Feeling of fullness",
            " Joint pain ",
            "Low red blood cell count (anemia)",
            "Shortness of breath",
            "Swelling of the tongue ",
            "Tingling and numbness in legs and feet",
            "Weak hand grip",
            "Severe weakness ",
            "Sudden weight loss "
        ],
        "symptoms": [
            "Changes in skin color",
            " Severe fatigue",
            "Feeling of fullness",
            " Joint pain ",
            "Low red blood cell count (anemia)",
            "Shortness of breath",
            "Swelling of the tongue ",
            "Tingling and numbness in legs and feet",
            "Weak hand grip",
            "Severe weakness ",
            "Sudden weight loss "
        ],
        "prevention": [
            "High-dose chemotherapy with stem cell transplant can help remove the substance that leads to amyloid formation in some people with primary AL amyloidosis. Chemotherapy medicines alone may be used to treat other patients with primary AL amyloidosis.",
            "Secondary (AA) amyloidosis is treated by controlling the underlying disorder and with powerful anti-inflammatory medicines called steroids, which fight inflammation.",
            "A liver transplant may treat the disease if you have certain types of hereditary amyloidosis.",
            "New therapies can slow the production of the abnormal protein TTR.",
            "Your doctor might also recommend a kidney transplant."
        ]
    },
   
    {
        "name": "Idiopathic Autoimmune Hemolytic Anemia",
        "link": "https://www.webmd.com/a-to-z-guides/anemia-rare-types",
        "symptoms": [
            "Chills",
            "Fast heartbeat, known as tachycardia",
            "Pale skin that may start to yellow",
            "Shortness of breath",
            "Weakness and fatigue",
            "Chest pain",
            "Yellow skin or whites of the eyes (jaundice)",
            "Dark urine",
            "A feeling of abdominal fullness related to an enlarged spleen"
        ],
        "causes": [
            "Cancers, including chronic lymphocytic leukemia and non-Hodgkin's lymphoma",
            "Infections like Mycoplasma pneumoniae",
            "Medicines such as penicillin, methyldopa (Aldomet), quinine (Qualaquin), and sulfonamides",
            "Viruses such as Epstein-Barr virus, cytomegalovirus, HIV, and hepatitis"
        ] 
    },
    {
        "name": "Idiopathic Basal Ganglia Calcification",
        "link": "https://www.webmd.com/a-to-z-guides/autoimmune-hemolytic-anemia",
        "causes": [
            "Clumsiness",
            "Walking unsteadily",
            "Talking more slowly than usual, or slurring your words",
            "Difficulty swallowing",
            "Involuntary movement of arms or legs",
            "Cramped muscles",
            "Stiff arms and legs (called spasticity)",
            "Tremors, muscle stiffness, lack of facial expression"
        ],
        "symptoms": [
            "Clumsiness",
            "Walking unsteadily",
            "Talking more slowly than usual, or slurring your words",
            "Difficulty swallowing",
            "Involuntary movement of arms or legs",
            "Cramped muscles",
            "Stiff arms and legs (called spasticity)",
            "Tremors, muscle stiffness, lack of facial expression"
        ] 
    },
    {
        "name": "Idiopathic Chronic Erosive Gastritis",
        "link": "https://www.webmd.com/brain/basal-ganglia-calcification",
        "causes": [
            "Helicobacter pylori (H. pylori): A bacteria that lives in the mucous lining of the stomach; without treatment, the infection can lead to ulcers, and in some people, stomach cancer.",
            "Bile reflux: A backflow of bile into the stomach from the bile tract (that connects to the liver and gallbladder)",
            "Infections caused by bacteria and viruses"
        ],
        "symptoms": [
            "Nausea or recurrent upset stomach",
            "Abdominal bloating",
            "Abdominal pain",
            "Vomiting",
            "Indigestion",
            "Burning or gnawing feeling in the stomach between meals or at night",
            "Hiccups",
            "Loss of appetite",
            "Vomiting blood or coffee ground-like material",
            "Black, tarry stools"
        ],
        "prevention": [
            "Taking antacids and other drugs (such as proton pump inhibitors or H-2 blockers) to reduce stomach acid",
            "Avoiding hot and spicy foods",
            "For gastritis caused by H. pylori infection, your doctor will prescribe a regimen of several antibiotics plus an acid blocking drug (used for heartburn)",
            "If the gastritis is caused by pernicious anemia, B12 vitamin shots will be given.",
            "Eliminating irritating foods from your diet such as lactose from dairy or gluten from wheat"
        ]
    },
    
    {
        "name": "Idiopathic Pulmonary Fibrosis",
        "link": "https://www.webmd.com/heart-disease/muscle-cardiomyopathy",
        "symptoms": [
            "Chest pain or tightness",
            "Leg swelling",
            "Loss of appetite"
        ],
        "causes": [
            "How long have you been feeling this way?",
            "Have you ever smoked or used drugs?",
            "Do you work with chemicals at your job or home? Which ones?",
            "Has anyone in your family been diagnosed with IPF?",
            "Do you have any other medical conditions?",
            "Have you ever been told you had the Epstein-Barr virus, influenza A, hepatitis C, or HIV?"
        ],
        "prevention": [
            "Medicine. Two drugs, nintedanib (Ofev) and pirfenidone (Esbriet), are approved to treat IPF. They block a process in your lungs that leads to scarring. They may keep your IPF from getting worse and help you breathe better.  You might take other medications to fight the inflammation that makes you feel sick or causes scarring. Your doctor may suggest corticosteroids like prednisone or drugs that slow down your immune system, like azathioprine (Imuran), cyclophosphamide (Cytoxan), and mycophenolate mofetil (CellCept). Another drug, N-acetylcysteine, or NAC (Mucomyst), is an oral or spray antioxidant widely used to treat IPF. Some studies have questioned how well it works. But a large review of results in 2019 concluded the drug was safe and may help, especially when used with other treatments.",
            "Oxygen therapy. It helps you feel less short of breath so you can stay active. You breathe oxygen through a mask or prongs that go in your nose.  Whether you need to wear oxygen depends on how serious your condition is. Some people with IPF need it only when they sleep or exercise. Others need it 24 hours a day.",
            "Pulmonary rehabilitation. You work with a team of doctors, nurses, and therapists on ways to manage your symptoms. You might focus on exercise, healthy eating, relaxation, stress relief, and ways to save your energy. You may visit the hospital for a rehab program or do one at home."
        ]
    },

    {
        "name": "Illinois Type Amyloidosis",
        "link": "https://www.webmd.com/a-to-z-guides/iga-nephropathy-shc",
        "causes": [
            "Changes in skin color",
            " Severe fatigue",
            "Feeling of fullness",
            " Joint pain ",
            "Low red blood cell count (anemia)",
            "Shortness of breath",
            "Swelling of the tongue ",
            "Tingling and numbness in legs and feet",
            "Weak hand grip",
            "Severe weakness ",
            "Sudden weight loss "
        ],
        "symptoms": [
            "Changes in skin color",
            " Severe fatigue",
            "Feeling of fullness",
            " Joint pain ",
            "Low red blood cell count (anemia)",
            "Shortness of breath",
            "Swelling of the tongue ",
            "Tingling and numbness in legs and feet",
            "Weak hand grip",
            "Severe weakness ",
            "Sudden weight loss "
        ],
        "prevention": [
            "High-dose chemotherapy with stem cell transplant can help remove the substance that leads to amyloid formation in some people with primary AL amyloidosis. Chemotherapy medicines alone may be used to treat other patients with primary AL amyloidosis.",
            "Secondary (AA) amyloidosis is treated by controlling the underlying disorder and with powerful anti-inflammatory medicines called steroids, which fight inflammation.",
            "A liver transplant may treat the disease if you have certain types of hereditary amyloidosis.",
            "New therapies can slow the production of the abnormal protein TTR.",
            "Your doctor might also recommend a kidney transplant."
        ]
    },
    {
        "name": "Immune Hemolytic Anemia",
        "link": "https://www.webmd.com/cancer/lymphoma/amyloidosis-symptoms-causes-treatments",
        "symptoms": [
            "Chills",
            "Fast heartbeat, known as tachycardia",
            "Pale skin that may start to yellow",
            "Shortness of breath",
            "Weakness and fatigue",
            "Chest pain",
            "Yellow skin or whites of the eyes (jaundice)",
            "Dark urine",
            "A feeling of abdominal fullness related to an enlarged spleen"
        ],
        "causes": [
            "Cancers, including chronic lymphocytic leukemia and non-Hodgkin's lymphoma",
            "Infections like Mycoplasma pneumoniae",
            "Medicines such as penicillin, methyldopa (Aldomet), quinine (Qualaquin), and sulfonamides",
            "Viruses such as Epstein-Barr virus, cytomegalovirus, HIV, and hepatitis"
        ] 
    },
   
    {
        "name": "Immunoblastic Lymphadenopathy",
        "link": "https://www.webmd.com/parenting/baby/vaccination-schedule-what-to-expect",
        "causes": [
            "Are in your 60s or older for non-Hodgkin lymphoma",
            "Are between 15 and 40 or older than 55 for Hodgkin lymphoma",
            "Are male, although certain subtypes may be more common in females",
            "Have a weak immune system from HIV/AIDS, an organ transplant, or because you were born with an immune disease",
            "Have an immune system disease such as rheumatoid arthritis, Sjögren's syndrome, lupus, or celiac disease",
            "Have been infected with a virus such as Epstein-Barr, hepatitis C, or human T-cell leukemia/lymphoma (HTLV-1)",
            "Have a close relative who had lymphoma",
            "Were exposed to benzene or chemicals that kill bugs and weeds",
            "Were treated for Hodgkin or non-Hodgkin lymphoma in the past",
            "Were treated for cancer with radiation"
        ],
        "symptoms": [
            "Swollen glands (lymph nodes), often in the neck, armpit, or groin that are painless",
            "Cough",
            "Shortness of breath",
            "Fever",
            "Night sweats",
            "Fatigue",
            "Weight loss",
            "Itching"
        ],
        "prevention": [
            "Chemotherapy, which uses drugs to kill cancer cells",
            "Radiation therapy, which uses high-energy rays to destroy cancer cells",
            "Immunotherapy, which uses your body's immune system to attack cancer cells",
            "Targeted therapy that targets aspects of lymphoma cells to curb their growth"
        ]
    },
    {
        "name": "Immunodeficiency with Ataxia Telangiectasia",
        "link": "https://www.webmd.com/cancer/lymphoma/lymphoma-cancer",
        "causes": [
            "Ataxia telangiectasia",
            "Ataxia with oculomotor apraxia",
            "Dominant spastic ataxias",
            "Dominant spinocerebellar ataxias (SCA)",
            "Episodic ataxia",
            "Friedreich's ataxia",
            "Recessive spastic ataxias",
            "Wilson’s disease"
        ],
        "prevention": [
            "Counseling",
            "Physical or occupational therapy",
            "Speech therapy",
            "Support groups"
        ]
    },
    {
        "name": "Impaired Glucose Tolerance",
        "link": "https://www.webmd.com/brain/ataxia-types-brain-and-nervous-system",
        "symptoms": [
            "You're a lot thirstier than usual.",
            "You pee a lot.",
            "Your vision is blurry.",
            "You’re a lot more tired than usual.",
            "You have areas of darker skin in your armpit or on your neck.",
            "You have small skin growths in the same areas."
        ],
        "causes": [
            "Your genes",
            "Excess body fat",
            "Long-term stress",
            "Sleep loss",
            "Lack of exercise",
            "A diet heavy in processed foods",
            "Some hormonal health conditions, such as Cushing's syndrome and hypothyroidism",
            "Some medications, such as steroid drugs used over a long period"
        ],
        "prevention": [
            "Don’t have more than one alcoholic drink a day.",
            "Get regular checkups so your doctor can keep tabs onyour blood sugar.",
            "Take any blood sugar medications just as your doctor prescribes."
        ]
    },
    {
        "name": "Impetigo",
        "link": "https://www.webmd.com/diabetes/what-is-prediabetes",
        "symptoms": [
            "Impetigo rash. The infected areas range from dime to quarter size. They start as tiny clusters of blisters that break open and reveal moist, red, raw skin that may look like other kinds of rashes at first. But after a few days, you’ll get a grainy, golden crust that gradually spreads at the edges."
        ],
        "causes": [
            "Younger age. It shows up most often in kids ages 2 to 5. Experts think that’s because a child’s immune system hasn’t fully developed yet. ",
            "Living in a certain climate. Impetigo is more common when it’s warm and humid outside. ",
            "Open wounds. Germs can get inside your skin easier when it’s already broken.",
            "Other skin problems. People who have skin problems, fungal infections, or other skin conditions – like scabies, atopic dermatitis, eczema, body lice, or insect bites , – may have a harder time guarding against impetigo. ",
            "Crowded spaces. Germs spread easier in places where people are in close contact with one another, such as schools or day care centers. If you share clothes, bedding, towels, or other objects with someone with the infection, you can catch impetigo."
        ],
        "prevention": [
            "Clean your sores with soap and water.",
            "Wash your hands often. ",
            "Keep the sores covered with a bandage until they heal, if possible. ",
            "Wash or disinfect toys touched by someone with impetigo. ",
            "Use hot water to wash sheets, towels, clothing, or bedding used by someone with impetigo. ",
            "Follow up with your doctor if your sores don’t get better with treatment. "
        ]
    },

    {
        "name": "Incontinence in Men",
        "link": "https://www.webmd.com/first-aid/surgical-wound-care",
        "causes": [
            "Diabetes          ",
            "Stroke          ",
            "Alzheimer’s disease",
            "Parkinson’s disease"
        ]
    },
    
    {
        "name": "Indiana Type Amyloidosis (Type II)",
        "link": "https://www.webmd.com/urinary-incontinence-oab/default.htm",
        "causes": [
            "Changes in skin color",
            " Severe fatigue",
            "Feeling of fullness",
            " Joint pain ",
            "Low red blood cell count (anemia)",
            "Shortness of breath",
            "Swelling of the tongue ",
            "Tingling and numbness in legs and feet",
            "Weak hand grip",
            "Severe weakness ",
            "Sudden weight loss "
        ],
        "symptoms": [
            "Changes in skin color",
            " Severe fatigue",
            "Feeling of fullness",
            " Joint pain ",
            "Low red blood cell count (anemia)",
            "Shortness of breath",
            "Swelling of the tongue ",
            "Tingling and numbness in legs and feet",
            "Weak hand grip",
            "Severe weakness ",
            "Sudden weight loss "
        ],
        "prevention": [
            "High-dose chemotherapy with stem cell transplant can help remove the substance that leads to amyloid formation in some people with primary AL amyloidosis. Chemotherapy medicines alone may be used to treat other patients with primary AL amyloidosis.",
            "Secondary (AA) amyloidosis is treated by controlling the underlying disorder and with powerful anti-inflammatory medicines called steroids, which fight inflammation.",
            "A liver transplant may treat the disease if you have certain types of hereditary amyloidosis.",
            "New therapies can slow the production of the abnormal protein TTR.",
            "Your doctor might also recommend a kidney transplant."
        ]
    },
    {
        "name": "Indolent Systemic Mastocytosis",
        "link": "https://www.webmd.com/cancer/lymphoma/amyloidosis-symptoms-causes-treatments",
        "causes": [
            "Fatigue",
            "Itchy skin",
            "Night sweats",
            "Bone pain",
            "Fever",
            "Weight loss"
        ],
        "symptoms": [
            "Fatigue",
            "Itchy skin",
            "Night sweats",
            "Bone pain",
            "Fever",
            "Weight loss"
        ] 
    },
    {
        "name": "Infantile Gaucher Disease",
        "link": "https://www.webmd.com/cancer/chronic-myeloproliferative-disorders",
        "causes": [
            "Easy bruising, caused by low levels of blood platelets",
            "Nosebleeds",
            "Tiredness, caused by anemia (low levels of red blood cells)",
            "Enlarged spleen or liver, which makes your belly look swollen",
            "Bone problems like pain, breaks, or arthritis",
            "Lung disease"
        ],
        "symptoms": [
            "Easy bruising, caused by low levels of blood platelets",
            "Nosebleeds",
            "Tiredness, caused by anemia (low levels of red blood cells)",
            "Enlarged spleen or liver, which makes your belly look swollen",
            "Bone problems like pain, breaks, or arthritis",
            "Lung disease"
        ],
        "prevention": [
            "Imiglucerase (Cerezyme)",
            "Taliglucerase alfa (Elelyso)",
            "Velaglucerase alfa (VPRIV)"
        ]
    },
    {
        "name": "Infantile Myoclonic Encephalopathy",
        "link": "https://www.webmd.com/children/gauchers-disease-symptoms-causes-treatments",
        "symptoms": [
            "Brain injury",
            "Problems with the way the brain formed",
            "Changes in brain structure",
            "Lack of oxygen to the brain",
            "Brain infections",
            "Lesions on the brain",
            "Bleeding inside the skull",
            "Inflammation in the brain (also called encephalitis)",
            "Metabolism disorders",
            "Vitamin B deficiency"
        ],
        "causes": [
            "Brain injury",
            "Problems with the way the brain formed",
            "Changes in brain structure",
            "Lack of oxygen to the brain",
            "Brain infections",
            "Lesions on the brain",
            "Bleeding inside the skull",
            "Inflammation in the brain (also called encephalitis)",
            "Metabolism disorders",
            "Vitamin B deficiency"
        ]
    },
    {
        "name": "Infantile Sleep Apnea",
        "link": "https://www.webmd.com/children/west-syndrome-symptoms",
        "prevention": [
            "Loud snoring, often with gasping, choking, and snorts",
            "Long pauses in breathing while sleeping (longer than two breath cycles)",
            "Excessive sweating at night because of the strain of trying to breathe",
            "Waking up with headaches and daytime sleepiness, irritability, hyperactivity, and difficulty concentrating"
        ],
        "symptoms": [
            "Loud snoring, often with gasping, choking, and snorts",
            "Long pauses in breathing while sleeping (longer than two breath cycles)",
            "Excessive sweating at night because of the strain of trying to breathe",
            "Waking up with headaches and daytime sleepiness, irritability, hyperactivity, and difficulty concentrating"
        ]
    },
    {
        "name": "Infantile Spasms",
        "link": "https://www.webmd.com/sleep-disorders/sleep-apnea/features/could-your-child-have-sleep-apnea",
        "symptoms": [
            "Brain injury",
            "Problems with the way the brain formed",
            "Changes in brain structure",
            "Lack of oxygen to the brain",
            "Brain infections",
            "Lesions on the brain",
            "Bleeding inside the skull",
            "Inflammation in the brain (also called encephalitis)",
            "Metabolism disorders",
            "Vitamin B deficiency"
        ],
        "causes": [
            "Brain injury",
            "Problems with the way the brain formed",
            "Changes in brain structure",
            "Lack of oxygen to the brain",
            "Brain infections",
            "Lesions on the brain",
            "Bleeding inside the skull",
            "Inflammation in the brain (also called encephalitis)",
            "Metabolism disorders",
            "Vitamin B deficiency"
        ]
    },
   
    {
        "name": "Infectious Chorea",
        "link": "https://www.webmd.com/brain/what-are-motor-neuron-diseases",
        "causes": [
            "Swollen, tender, red, and extremely painful joints -- especially the knees, ankles, elbows, or wrists",
            "Fever",
            "A red, raised, lattice-like rash, usually on the chest, back, and abdomen",
            "Nodules, or small bumps, over the swollen joints",
            "Chest pain, fast heartbeat, or shortness of breath (caused by heart involvement)",
            "Jerky movements of arms, legs, or facial muscles that you can't control (called chorea)"
        ],
        "symptoms": [
            "Swollen, tender, red, and extremely painful joints -- especially the knees, ankles, elbows, or wrists",
            "Fever",
            "A red, raised, lattice-like rash, usually on the chest, back, and abdomen",
            "Nodules, or small bumps, over the swollen joints",
            "Chest pain, fast heartbeat, or shortness of breath (caused by heart involvement)",
            "Jerky movements of arms, legs, or facial muscles that you can't control (called chorea)"
        ],
        "prevention": [
            "Valve stenosis, or a narrowing of the heart valve, which limits blood flow through the valve",
            "Valve regurgitation, which is when blood flows backward across a heart valve due to an improperly closing valve flap",
            "Heart muscle damage caused by swelling from rheumatic fever, which affects how well your heart pumps",
            "Irregular heartbeat, known as atrial fibrillation (AFib), which is caused by damage to the heart valves and other parts of your heart"
        ]
    },
    {
        "name": "Infectious Mononucleosis",
        "link": "https://www.webmd.com/a-to-z-guides/understanding-rheumatic-fever-basics",
        "causes": [
            "Fever",
            "Fatigue",
            "Sore throat",
            "Swollen lymph nodes",
            "Sore muscles",
            "Loss of appetite"
        ],
        "symptoms": [
            "Fever",
            "Fatigue",
            "Sore throat",
            "Swollen lymph nodes",
            "Sore muscles",
            "Loss of appetite"
        ],
        "prevention": [
            "What Is Mononucleosis?",
            "Symptoms",
            "Treatments"
        ]
    },
    
    {
        "name": "Inherited Lipodystrophy",
        "link": "https://www.webmd.com/ibd-crohns-disease/default.htm",
        "causes": [
            "Diabetes",
            "High triglyceride and low HDL (the \"good\" cholesterol) levels",
            "Heart disease"
        ],
        "symptoms": [
            "Diabetes",
            "High triglyceride and low HDL (the \"good\" cholesterol) levels",
            "Heart disease"
        ] 
    },
    {
        "name": "Insomnia",
        "link": "https://www.webmd.com/children/inherited-lipodystrophy",
        "causes": [
            "Stress related to big life events, like a job loss or change, the death of a loved one, divorce, or moving",
            "Things around you like noise, light, or temperature",
            "Changes to your sleep schedule like jet lag, a new shift at work, or bad habits you picked up when you had other sleep problems",
            "Your genes. Research has found that a tendency for insomnia may run in families."
        ],
        "symptoms": [
            "Sleepiness during the day",
            "Fatigue",
            "Grumpiness",
            "Problems with concentration or memory"
        ],
        "prevention": [
            "Go to sleep at the same time each night, and get up at the same time each morning. Try not to take naps during the day, because they may make you less sleepy at night.",
            "Don’t use phones or e-books before bed. Their light can make it harder to fall asleep.",
            "Avoid caffeine, nicotine, and alcohol late in the day. Caffeine and nicotine are stimulants and can keep you from falling asleep. Alcohol can make you wake up in the middle of the night and hurt your sleep quality.",
            "Get regular exercise. Try not to work out close to bedtime, because it may make it hard to fall asleep. Experts suggest exercising at least 3 to 4 hours before bed.",
            "Don't eat a heavy meal late in the day. But a light snack before bedtime may help you sleep.",
            "Make your bedroom comfortable: dark, quiet, and not too warm or too cold. If light is a problem, use a sleeping mask. To cover up sounds, try earplugs, a fan, or a white noise machine.",
            "Follow a routine to relax before bed. Read a book, listen to music, or take a bath.",
            "Don’t use your bed for anything other than sleep and sex.",
            "If you can't fall asleep and aren’t drowsy, get up and do something calming, like reading until you feel sleepy.",
            "If you tend to lie awake and worry about things, make a to-do list before you go to bed. This may help you put your concerns aside for the night."
        ]
    },
    {
        "name": "Iron Deficiency Anemia",
        "link": "https://www.webmd.com/sleep-disorders/insomnia-symptoms-and-causes",
        "symptoms": [
            "Dizziness, lightheadness, or feeling like you are about to pass out",
            "A fast or unusual heartbeat",
            "A  headache",
            "Pain, including in your bones, chest, belly, and joints",
            "Problems with growth, for children and teens",
            "Shortness of breath",
            "Skin that’s pale or yellow",
            "Cold hands and feet",
            "Tiredness or weakness"
        ],
        "causes": [
            "Anemia caused by blood loss",
            "Anemia caused by decreased or faulty red blood cell production",
            "Anemia caused by destruction of red blood cells"
        ],
        "prevention": [
            "If you have aplastic anemia, you might need medication, blood transfusions (in which you get blood from another person), or a bone marrow transplant (in which you get a donor’s stem cells).",
            "If you have hemolytic anemia, you might need medication that will hold back your immune system. Your primary care doctor may refer you to a doctor who specializes in vascular problems.",
            "If it’s caused by blood loss, you might have surgery to find and fix the bleeding. If you have iron-deficiency anemia, you’ll probably need to take iron supplements and change your diet.",
            "Sickle cell anemia treatment includes painkillers, folic acid supplements, intermittent antibiotics , or oxygen therapy. A drug called hydroxyurea (Droxia, Hydrea, Siklos) is often prescribed to decrease sickle cell pain crises (complicated mechanism). The medication called voxelotor (Oxbryta) can help your red blood cells keep their proper shape. Crizanlizumab-tmca (Adakveo) can keep blood cells from sticking together and blocking vessels. L-glutamine oral powder (Endari) can cut down on your trips to the hospital for pain and also guard against a condition called acute chest syndrome. ",
            "If you have a vitamin B12 or folate deficiency, you will be prescribed supplements..",
            "Thalassemia doesn’t usually need treatment, but if your case is severe, you might have blood transfusions, a bone marrow transplant, or surgery."
        ]
    },
    
    {
        "name": "Irregular Menstrual Periods",
        "link": "https://www.webmd.com/a-to-z-guides/sideroblastic-anemia",
        "symptoms": [
            "Heavy period",
            "Bleeding between your periods, after sex, or during menopause",
            "Long periods (more than 7 days)",
            "Irregular periods"
        ],
        "causes": [
            "Birth control pills and other medicines like warfarin and hormone therapy",
            "Fast weight loss or gain",
            "Emotional or physical stress",
            "An intrauterine device (IUD)",
            "Polycystic ovary syndrome (PCOS)"
        ],
        "prevention": [
            "Hormones. Birth control pills and other hormone treatments may be able to give you regular menstrual cycles and lighter periods.",
            "Gonadotropin-releasing hormone agonists (GnRHa) and GnRHA antagonists. These control heavy bleeding by stopping your body from making certain hormones. They may shrink fibroids for a while. They’re usually used along with other treatments.",
            "NSAIDS. If you take anti-inflammatories like ibuprofen or naproxen a few days before your period starts, they may help lighten the bleeding.",
            "Tranexamic acid. This is a pill that helps your blood clot and can control heavy uterine bleeding.",
            "IUD. For some women, an IUD that releases a hormone called progestin can stop heavy bleeding. Many women who use one don’t get a period at all. They may not be right for you if you have fibroids in the cavity of your uterus rather than the wall. "
        ]
    },
    
    {
        "name": "Ischemic Necrosis of Bone",
        "link": "https://www.webmd.com/ibs/default.htm",
        "symptoms": [
            "Alcohol. Several drinks a day can cause fat deposits to form in your blood, which lower the blood supply to your bones.",
            "Bisphosphonates. These medications that boost bone density could lead to osteonecrosis of the jaw. This could be more likely if you’re taking them for multiple myeloma or metastatic breast cancer.",
            "Medical treatments. Radiation therapy for cancer can weaken bones. Other conditions linked to AVN include organ transplants, like kidney transplants.",
            "Steroid drugs. Long-term use of these inflammation-fighting drugs, either by mouth or in a vein, leads to 35% of all cases of nontraumatic AVN. Doctors don’t know why, but longtime use of medications like prednisone can lead to AVN. They think the meds can raise fat levels in your blood, which lowers blood flow.",
            "Trauma. Breaking or dislocating a hip can damage nearby blood vessels and cut the blood supply to your bones. AVN may affect 20% or more of people who dislocate a hip.",
            "Blood clots, inflammation, and damage to your arteries. All of these can block blood flow to your bones."
        ],
        "causes": [
            "Alcohol. Several drinks a day can cause fat deposits to form in your blood, which lower the blood supply to your bones.",
            "Bisphosphonates. These medications that boost bone density could lead to osteonecrosis of the jaw. This could be more likely if you’re taking them for multiple myeloma or metastatic breast cancer.",
            "Medical treatments. Radiation therapy for cancer can weaken bones. Other conditions linked to AVN include organ transplants, like kidney transplants.",
            "Steroid drugs. Long-term use of these inflammation-fighting drugs, either by mouth or in a vein, leads to 35% of all cases of nontraumatic AVN. Doctors don’t know why, but longtime use of medications like prednisone can lead to AVN. They think the meds can raise fat levels in your blood, which lowers blood flow.",
            "Trauma. Breaking or dislocating a hip can damage nearby blood vessels and cut the blood supply to your bones. AVN may affect 20% or more of people who dislocate a hip.",
            "Blood clots, inflammation, and damage to your arteries. All of these can block blood flow to your bones."
        ],
        "prevention": [
            "Cut back on alcohol. Heavy drinking is a leading risk factor for AVN.",
            "Keep your cholesterol in check. Small bits of fat are the most common thing blocking blood supply to you bones.",
            "Use steroids carefully. Your doctor should keep tabs on you while you’re taking these medications. Let them know if you’ve used them in the past. Taking them over and over again can worsen bone damage.",
            "Don't smoke. It boosts your AVN risk."
        ]
    },
    {
        "name": "Islet Cell Cancer",
        "link": "https://www.webmd.com/arthritis/avascular-necrosis-osteonecrosis-symptoms-treatments",
        "symptoms": [
            "Jaundice (yellowing of the skin and whites of the eyes)",
            "Pain in the upper or middle abdomen and back",
            "Unexplained weight loss",
            "Loss of appetite",
            "Fatigue",
            "Depression"
        ] 
    },
    {
        "name": "Isoleucine 33 Amyloidosis",
        "link": "https://www.webmd.com/cancer/pancreatic-cancer/digestive-diseases-pancreatic-cancer",
        "causes": [
            "Changes in skin color",
            " Severe fatigue",
            "Feeling of fullness",
            " Joint pain ",
            "Low red blood cell count (anemia)",
            "Shortness of breath",
            "Swelling of the tongue ",
            "Tingling and numbness in legs and feet",
            "Weak hand grip",
            "Severe weakness ",
            "Sudden weight loss "
        ],
        "symptoms": [
            "Changes in skin color",
            " Severe fatigue",
            "Feeling of fullness",
            " Joint pain ",
            "Low red blood cell count (anemia)",
            "Shortness of breath",
            "Swelling of the tongue ",
            "Tingling and numbness in legs and feet",
            "Weak hand grip",
            "Severe weakness ",
            "Sudden weight loss "
        ],
        "prevention": [
            "High-dose chemotherapy with stem cell transplant can help remove the substance that leads to amyloid formation in some people with primary AL amyloidosis. Chemotherapy medicines alone may be used to treat other patients with primary AL amyloidosis.",
            "Secondary (AA) amyloidosis is treated by controlling the underlying disorder and with powerful anti-inflammatory medicines called steroids, which fight inflammation.",
            "A liver transplant may treat the disease if you have certain types of hereditary amyloidosis.",
            "New therapies can slow the production of the abnormal protein TTR.",
            "Your doctor might also recommend a kidney transplant."
        ]
    }
]