[
    {
        "name": "Jakob-Creutzfeldt Disease",
        "link": "https://www.webmd.com/brain/what-is-creutzfeldt-jakob-disease",
        "causes": [
            "Confusion",
            "Trouble walking",
            "Jerky muscle movements or twitching",
            "Personality changes",
            "Trouble with memory and judgment",
            "Vision problems"
        ],
        "symptoms": [
            "Confusion",
            "Trouble walking",
            "Jerky muscle movements or twitching",
            "Personality changes",
            "Trouble with memory and judgment",
            "Vision problems"
        ] 
    },
    {
        "name": "Jakob's Disease",
        "link": "https://www.webmd.com/brain/what-is-creutzfeldt-jakob-disease",
        "causes": [
            "Confusion",
            "Trouble walking",
            "Jerky muscle movements or twitching",
            "Personality changes",
            "Trouble with memory and judgment",
            "Vision problems"
        ],
        "symptoms": [
            "Confusion",
            "Trouble walking",
            "Jerky muscle movements or twitching",
            "Personality changes",
            "Trouble with memory and judgment",
            "Vision problems"
        ] 
    },
    {
        "name": "Jansen Disease",
        "link": "https://www.webmd.com/brain/what-is-creutzfeldt-jakob-disease",
        "causes": [
            "Back pain",
            "Curvature of the spine",
            "Spinal stenosis",
            "Issues with the joints",
            "Lung infections",
            "Seizures",
            "Sleep apnea"
        ],
        "symptoms": [
            "Back pain",
            "Curvature of the spine",
            "Spinal stenosis",
            "Issues with the joints",
            "Lung infections",
            "Seizures",
            "Sleep apnea"
        ],
        "prevention": [
            "Back pain",
            "Curvature of the spine",
            "Spinal stenosis",
            "Issues with the joints",
            "Lung infections",
            "Seizures",
            "Sleep apnea"
        ]
    },
    {
        "name": "Japanese B Encephalitis",
        "link": "https://www.webmd.com/a-to-z-guides/what-is-chondrodysplasia",
        "causes": [
            "Fever",
            "Drowsiness, lethargy, and possibly coma",
            "Headaches",
            "Personality changes, irritability, or emotional outbursts",
            "Confusion",
            "Weakness in one or more areas of the body",
            "Seizures",
            "Bulging soft spots in infants"
        ],
        "symptoms": [
            "Fever",
            "Drowsiness, lethargy, and possibly coma",
            "Headaches",
            "Personality changes, irritability, or emotional outbursts",
            "Confusion",
            "Weakness in one or more areas of the body",
            "Seizures",
            "Bulging soft spots in infants"
        ] 
    },
    {
        "name": "Jaundice",
        "link": "https://www.webmd.com/a-to-z-guides/understanding-encephalitis-basics",
        "causes": [
            "Born before 37 weeks",
            "Of East Asian or Mediterranean descent",
            "Are only breastfed or are having trouble feeding ",
            "A younger sibling of a child who had jaundice",
            "Born to a mother with type O or Rh-negative blood"
        ],
        "symptoms": [
            "Isn’t eating or their diapers aren’t wet",
            "Is hard to wake up",
            "Won’t stop crying or is making a high-pitched cry",
            "Is limp or stiff with their back arched",
            "Moves their eyes strangely"
        ] 
    },
    {
        "name": "Jaundice in Newborns (Hyperbilirubinemia)",
        "link": "https://www.webmd.com/parenting/baby/digestive-diseases-jaundice",
        "causes": [
            "Born before 37 weeks",
            "Of East Asian or Mediterranean descent",
            "Are only breastfed or are having trouble feeding ",
            "A younger sibling of a child who had jaundice",
            "Born to a mother with type O or Rh-negative blood"
        ],
        "symptoms": [
            "Isn’t eating or their diapers aren’t wet",
            "Is hard to wake up",
            "Won’t stop crying or is making a high-pitched cry",
            "Is limp or stiff with their back arched",
            "Moves their eyes strangely"
        ] 
    },
    {
        "name": "Jejunal Atresia",
        "link": "https://www.webmd.com/parenting/baby/digestive-diseases-jaundice",
        "causes": [
            "Change in a gene",
            "Problem with the immune system",
            "Problem with the way the liver or bile ducts develop in the womb",
            "Toxic substances",
            "Viral or bacterial infection after birth"
        ],
        "symptoms": [
            "X-rays: A small amount of radiation creates a picture that's recorded on film or a computer. This checks for an enlarged liver and spleen.",
            "Ultrasound: High-frequency sound waves show detailed images of their organs.",
            "Liver scans: Special X-rays use chemicals to create an image of their liver and bile ducts. This can show if and where the flow of bile is blocked.",
            "Liver biopsy: Their doctor will take a small sample of tissue so it can be looked at under a microscope. This can show if it's likely they have biliary atresia and help rule out other liver problems such as hepatitis.",
            "Diagnostic surgery: They'll be given medicine to make them sleep, and their doctor will make a small cut in their stomach area so they can look at their liver and bile ducts."
        ] 
    },
    {
        "name": "Job Stress Management",
        "link": "https://www.webmd.com/parenting/baby/biliary-atresia",
        "causes": [
            "Being unhappy in your job",
            "Having a heavy workload or too much responsibility",
            "Working long hours",
            "Having poor management, unclear expectations of your work, or no say in the decision-making process",
            "Working under dangerous conditions",
            "Being insecure about your chance for advancement or risk of termination",
            "Having to give speeches in front of colleagues",
            "Facing discrimination or harassment at work, especially if your company isn't supportive"
        ]
    },
    {
        "name": "Jock Itch",
        "link": "https://www.webmd.com/balance/causes-of-stress",
        "symptoms": [
            "Itching and burning",
            "A red, scaly, circular rash with raised edges",
            "Depending on your skin tone, the irritated skin could look purple, grey, tan, or white",
            "Cracking, flaking, or peeling skin"
        ],
        "prevention": [
            "Treat the infection with an antifungal medicine for athlete’s foot.",
            "Use a separate towel to dry your feet, or dry your groin before your feet.",
            "Put on socks before you put on underwear so it doesn’t touch your bare feet."
        ]
    },
    {
        "name": "Johnson-Stevens Disease",
        "link": "https://www.webmd.com/men/causes-and-prevent-jock-itch",
        "symptoms": [
            "Painful red or purple skin that looks burned and peels off",
            "Blisters on your skin, mouth, nose, and genitals",
            "Red, painful, watery eyes"
        ],
        "causes": [
            "Medicines for gout, a painful form of arthritis – especially allopurinol (Aloprim, Zyloprim)",
            "Pain relievers such as acetaminophen, ibuprofen, and naproxen sodium",
            "Sulfa antibiotics, a kind of drug that fights infections (including Bactrim and Septra)",
            "Medicines that treat seizures or mental illness"
        ],
        "prevention": [
            "Tell your doctors you've had SJS.",
            "Wear a medical alert bracelet.",
            "Know the name of the medicine that caused your SJS. Avoid taking it or any drugs like it."
        ]
    },
    {
        "name": "Jonston's Alopecia",
        "link": "https://www.webmd.com/skin-problems-and-treatments/stevens-johnson-syndrome",
        "symptoms": [
            "Small bald patches on your scalp or other parts of your body",
            "Patches may get larger and grow together into a bald spot",
            "Hair grows back in one spot and falls out in another",
            "You lose a lot of hair over a short time",
            "More hair loss in cold weather",
            "Fingernails and toenails become red, brittle, and pitted"
        ],
        "causes": [
            "A family member who has it",
            "Asthma",
            "Down syndrome",
            "Pernicious anemia",
            "Seasonal allergies",
            "Thyroid disease",
            "Vitiligo"
        ] 
    },
    {
        "name": "JRA Juvenile Rheumatoid Arthritis",
        "link": "https://www.webmd.com/skin-problems-and-treatments/alopecia-areata",
        "causes": [
            "Fevers of 103 F or higher",
            "Pink rash that comes and goes",
            "Eye inflammation",
            "Joint pain or stiffness",
            "Limping",
            "Swelling in joints",
            "Being less active",
            "Trouble with movements of hands or fingers, affecting things like handwriting or coloring",
            "Problems with bone development and growth"
        ],
        "symptoms": [
            "Fevers of 103 F or higher",
            "Pink rash that comes and goes",
            "Eye inflammation",
            "Joint pain or stiffness",
            "Limping",
            "Swelling in joints",
            "Being less active",
            "Trouble with movements of hands or fingers, affecting things like handwriting or coloring",
            "Problems with bone development and growth"
        ],
        "prevention": [
            "Stop inflammation",
            "Ease pain and swelling",
            "Strengthen joints and help them move better",
            "Prevent joint damage and other complications"
        ]
    },
    
    {
        "name": "Juvenile Diabetes",
        "link": "https://www.webmd.com/",
        "symptoms": [
            "Extreme thirst",
            "Increased hunger (especially after eating)",
            "Dry mouth",
            "Upset stomach and vomiting",
            "Frequent urination",
            "Unexplained weight loss, even though you’re eating and feel hungry",
            "Fatigue",
            "Blurry vision",
            "Heavy, labored breathing (your doctor may call this Kussmaul respiration)",
            "Frequent infections of your skin, urinary tract, or vagina",
            "Crankiness or mood changes",
            "Bedwetting in a child who’s been dry at night"
        ],
        "causes": [
            "Dehydration. When there’s extra sugar in your blood, you pee more. That’s your body’s way of getting rid of it. A large amount of water goes out with that urine, causing your body to dry out.",
            "Weight loss. The glucose that goes out when you pee takes calories with it. That’s why many people with high blood sugar lose weight. Dehydration also plays a part.",
            "Diabetic ketoacidosis (DKA). If your body can't get enough glucose for fuel, it breaks down fat cells instead. This creates chemicals called ketones. Your liver releases the sugar it stores to help out. But your body can’t use it without insulin, so it builds up in your blood, along with the acidic ketones. This mix of extra glucose, dehydration, and acid buildup is known as ketoacidosis and can be life-threatening if not treated right away.",
            "Damage to your body. Over time, high glucose levels in your blood can harm the nerves and small blood vessels in your eyes, kidneys, and heart. They can also make you more likely to get hardened arteries, or atherosclerosis, which can lead to heart attacks and strokes."
        ],
        "prevention": [
            "\"Onset\" is how long it takes to reach your bloodstream and begin lowering your blood sugar.",
            "\"Peak time\" is when insulin is doing the most work in terms of lowering your blood sugar.",
            "\"Duration\" is how long it keeps working after onset."
        ]
    },
   
    {
        "name": "Juvenile Rheumatoid Arthritis",
        "link": "https://www.webmd.com/",
        "causes": [
            "Fevers of 103 F or higher",
            "Pink rash that comes and goes",
            "Eye inflammation",
            "Joint pain or stiffness",
            "Limping",
            "Swelling in joints",
            "Being less active",
            "Trouble with movements of hands or fingers, affecting things like handwriting or coloring",
            "Problems with bone development and growth"
        ],
        "symptoms": [
            "Fevers of 103 F or higher",
            "Pink rash that comes and goes",
            "Eye inflammation",
            "Joint pain or stiffness",
            "Limping",
            "Swelling in joints",
            "Being less active",
            "Trouble with movements of hands or fingers, affecting things like handwriting or coloring",
            "Problems with bone development and growth"
        ],
        "prevention": [
            "Stop inflammation",
            "Ease pain and swelling",
            "Strengthen joints and help them move better",
            "Prevent joint damage and other complications"
        ]
    }
]