[

    {
        "name": "Kawasaki Disease",
        "link": "https://www.webmd.com/vitamins-and-supplements/what-is-kava-kava",
        "causes": [
            "Age. It usually affects children who are 5 years or younger.",
            "Sex. Boys are 1.5 times more likely to get it than girls.",
            "Ethnicity. Children of Asian and Pacific Island descent are more likely to have Kawasaki disease."
        ],
        "symptoms": [
            "High fever (above 101 F) that lasts more than 5 days; it won't go down even if a child takes medication that usually works on fever",
            "Rash, often between the chest and legs and in the genital or groin area",
            "Peeling skin on the fingers and toes (usually in weeks two or three of the illness)",
            "Swelling and redness in hands and bottoms of feet",
            "Red eyes",
            "Swollen glands, especially in the neck",
            "Irritated throat, mouth, and lips",
            "Swollen, bright red \"strawberry tongue\""
        ],
        "prevention": [
            "Unusual heart rhythms (dysrhythmia)",
            "Inflamed heart muscles (myocarditis)",
            "Damaged heart valves (mitral regurgitation)",
            "Inflamed blood vessels (vasculitis)"
        ]
    },
    {
        "name": "KC",
        "link": "https://www.webmd.com/children/what-is-kawasaki-disease",
        "causes": [
            "Family history: If someone in your family has this condition, you have a greater chance of getting it yourself. If you have it, get your children’s eyes checked for signs starting around age 10.",
            "Age: It usually starts when you’re a teenager. But it might show up earlier in childhood or not until you’re 30. It can also affect people 40 and older, but that’s less common.",
            "Certain disorders: Studies have found a connection between keratoconus and systemic conditions such as Down syndrome, Ehlers-Danlos syndrome, osteogenesis imperfecta, and retinitis pigmentosa.",
            "Inflammation: Inflammation from things like allergies, asthma, or atopic eye disease can break down the tissue of the cornea.",
            "Eye rubbing: Rubbing your eyes hard over time can break down the cornea. It can also make keratoconus progress faster if you already have it.",
            "Race: One study of more than 16,000 people with keratoconus found that people who are Black or Latino are roughly 50% more likely to get it than people who are white."
        ],
        "symptoms": [
            "Double vision when looking with just one eye",
            "Objects both near and far that look blurry",
            "Bright lights that appear to have halos around them",
            "Light streaks",
            "Triple ghost images",
            "Blurry vision that makes it hard to drive"
        ],
        "prevention": [
            "What Is Keratoconus?",
            "Intacs Treatment",
            "Corneal Cross-Linking Treatment"
        ]
    },

    {
        "name": "Keratoconus",
        "link": "https://www.webmd.com/women/kegels-should-i-do-them",
        "causes": [
            "Family history: If someone in your family has this condition, you have a greater chance of getting it yourself. If you have it, get your children’s eyes checked for signs starting around age 10.",
            "Age: It usually starts when you’re a teenager. But it might show up earlier in childhood or not until you’re 30. It can also affect people 40 and older, but that’s less common.",
            "Certain disorders: Studies have found a connection between keratoconus and systemic conditions such as Down syndrome, Ehlers-Danlos syndrome, osteogenesis imperfecta, and retinitis pigmentosa.",
            "Inflammation: Inflammation from things like allergies, asthma, or atopic eye disease can break down the tissue of the cornea.",
            "Eye rubbing: Rubbing your eyes hard over time can break down the cornea. It can also make keratoconus progress faster if you already have it.",
            "Race: One study of more than 16,000 people with keratoconus found that people who are Black or Latino are roughly 50% more likely to get it than people who are white."
        ],
        "symptoms": [
            "Double vision when looking with just one eye",
            "Objects both near and far that look blurry",
            "Bright lights that appear to have halos around them",
            "Light streaks",
            "Triple ghost images",
            "Blurry vision that makes it hard to drive"
        ],
        "prevention": [
            "What Is Keratoconus?",
            "Intacs Treatment",
            "Corneal Cross-Linking Treatment"
        ]
    },
    {
        "name": "Keratosis Seborrheic",
        "link": "https://www.webmd.com/eye-health/eye-health-keratoconus",
        "causes": [
            "Stress",
            "Fatigue",
            "Change of seasons, or weather that's cold and dry",
            "Certain medical conditions and medicines"
        ],
        "symptoms": [
            "Flaking skin ",
            "Flakes of skin in your mustache or beard",
            "Patches of greasy skin covered with flaky white or yellow scales or crust ",
            "A rash that may look darker or lighter in people with brown or Black skin -- and redder in those with white skin",
            "Ring-shaped (annular) rash (this is called petaloid seborrheic dermatitis)",
            "Itchiness (pruritus)"
        ],
        "prevention": [
            "Coal tar",
            "Ketoconazole",
            "Salicylic acid",
            "Selenium sulfide",
            "Zinc pyrithione"
        ]
    },
    {
        "name": "Kernicterus",
        "link": "https://www.webmd.com/skin-problems-and-treatments/seborrheic-dermatitis-medref",
        "symptoms": [
            "Changes in skin color, causing a yellow or orange tint starting at their head",
            "Difficulty waking up or trouble sleeping at all",
            "Problems feeding, either from the breast or bottle",
            "Extreme fussiness",
            "Fewer than average wet or dirty diapers"
        ] 
    },
 
    {
        "name": "Kidney Disease, Chronic",
        "link": "https://www.webmd.com/a-to-z-guides/diet-and-chronic-kidney-disease",
        "causes": [
            "Not enough blood flow to the kidneys",
            "Direct damage to the kidneys",
            "Urine backed up in the kidneys"
        ],
        "symptoms": [
            "High blood pressure",
            "Nausea and vomiting",
            "Loss of appetite",
            "A metallic taste in your mouth",
            "Fatigue",
            "Weakness",
            "Trouble thinking",
            "Sleep issues",
            "Muscle twitches and cramps",
            "Swelling in your feet and ankles",
            "Itching that won't go away",
            "Chest pain if fluid builds up around the lining of the heart",
            "Shortness of breath if fluid builds up in the lungs"
        ],
        "prevention": [
            "Captopril (Capoten)",
            "Enalapril (Vasotec)",
            "Fosinopril (Monopril)",
            "Lisinopril (Prinivil, Zestril)",
            "Ramipril (Altace)"
        ]
    },
    {
        "name": "Kidney Disease, Diabetic",
        "link": "https://www.webmd.com/a-to-z-guides/understanding-kidney-disease-basic-information",
        "symptoms": [
            "Swelling of the hands, feet, and face",
            "Trouble sleeping or concentrating",
            "Poor appetite",
            "Nausea",
            "Weakness",
            "Itching (end-stage kidney disease) and extremely dry skin",
            "Drowsiness (end-stage kidney disease)",
            "Abnormalities in the hearts' regular rhythm, because of increased potassium in the blood",
            "Muscle twitching"
        ],
        "prevention": [
            "SGLT2 inhibitors including bexagliflozin (Brenzavvy), dapagliflozin (Farxiga), empagliflozin (Jardiance), and ertugliflozin (Steglatro), which help control high blood sugar. ",
            "Angiotensin converting enzyme (ACE) inhibitors can help slow down the progression of kidney damage. Although ACE inhibitors -- including ramipril (Altace), quinapril (Accupril), and lisinopril (Prinivil, Zestril) -- are usually used to treat high blood pressure and other medical problems, they are often given to people with diabetes to prevent complications, even if their blood pressure is normal.",
            "Angiotensin receptor blockers (ARBs) can often be given instead if you have side effects from taking ACE inhibitors"
        ]
    },
    {
        "name": "Kidney Disease, Hypertension-Related",
        "link": "https://www.webmd.com/diabetes/diabetes-kidney-disease",
        "symptoms": [
            "Headache",
            "Confusion",
            "Blurry or double vision",
            "Bloody (pink-colored) urine",
            "Nosebleed",
            "Chest pain"
        ] ,
        "causes": [
            "Headache",
            "Confusion",
            "Blurry or double vision",
            "Bloody (pink-colored) urine",
            "Nosebleed",
            "Chest pain"
        ]
    },
    {
        "name": "Kidney Failure, Acute",
        "link": "https://www.webmd.com/hypertension-high-blood-pressure/hypertension-related-kidney-disease",
        "symptoms": [
            "Peeing less than normal",
            "Swelling in your legs, ankles, and feet (caused by your body holding on to fluid)",
            "Feeling drowsy or very tired",
            "Shortness of breath",
            "Itching",
            "Joint pain, swelling",
            "Loss of appetite",
            "Confusion",
            "Throwing up or feeling like you’re going to",
            "Chest pain or pressure",
            "Muscle twitching",
            "Seizures or coma (in severe cases)",
            "Stomach and back pain",
            "Fever",
            "Rash",
            "Nosebleed"
        ],
        "causes": [
            "An infection",
            "Liver failure",
            "Medications (aspirin, ibuprofen, naproxen, or COX-2 inhibitors such as Celebrex)",
            "Blood pressure medications",
            "Heart failure",
            "Serious burns or dehydration",
            "Blood or fluid loss"
        ],
        "prevention": [
            "Be careful when taking over-the-counter (OTC) pain medications. Whether you are taking NSAIDs such as aspirin, ibuprofen, and naproxen or other types of OTC pain medications such as acetaminophen, it’s important to read and follow the recommended dosing instructions on the package. If you take too much of these medications, you could increase your chances of getting acute kidney failure.",
            "Follow your doctor’s advice. If you have a higher risk of getting acute kidney failure because of preexisting kidney disease or other conditions, make sure to follow your doctor's advice for treating and managing your condition.",
            "Keep a healthy lifestyle. Exercise, eating right, and drinking little or no alcohol can go a long way in preventing acute kidney failure."
        ]
    },

    {
        "name": "Klinefelter Syndrome",
        "link": "https://www.webmd.com/kidney-stones/default.htm",
        "causes": [
            "An extra X chromosome in every cell, which is the most common",
            "An extra X chromosome in only some cells, called mosaic Klinefelter, in which you don’t have as many symptoms",
            "More than one extra X chromosome, which is very rare and more severe"
        ],
        "symptoms": [
            "Hernia",
            "More quiet than usual",
            "Slower to learn to sit up, crawl, and talk",
            "Testicles that haven’t dropped into the scrotum",
            "Weaker muscles"
        ],
        "prevention": [
            "Counseling and support for mental health issues",
            "Fertility treatment (in some cases, using your own sperm to father a child)",
            "Occupational therapy and physical therapy to help with coordination and build muscles",
            "Plastic surgery to reduce breast size",
            "Speech therapy for children",
            "Support in school to help with social skills and learning delays"
        ]
    },

    {
        "name": "Kneecap Instability",
        "link": "https://www.webmd.com/osteoarthritis/knee-replacement-surgery",
        "prevention": [
            "Wear the right shoes for your activity.",
            "Warm up before you work out.",
            "Do exercises to keep your thigh muscles (quadriceps and hamstrings) strong and flexible.",
            "If you’re going to make your workouts longer or more intense, do it gradually.",
            "Cut back on anything that causes knee pain.",
            "Stay at a healthy weight -- it lowers stress on your knees."
        ]
    },
    {
        "name": "Kneecap Tracking Disorder",
        "link": "https://www.webmd.com/pain-management/knee-pain/kneecap-problems-symptoms",
        "prevention": [
            "Wear the right shoes for your activity.",
            "Warm up before you work out.",
            "Do exercises to keep your thigh muscles (quadriceps and hamstrings) strong and flexible.",
            "If you’re going to make your workouts longer or more intense, do it gradually.",
            "Cut back on anything that causes knee pain.",
            "Stay at a healthy weight -- it lowers stress on your knees."
        ]
    }

]