[
    {
        "name": "Nail Fungus",
        "link": "https://www.webmd.com/skin-problems-and-treatments/fungal-nail-infections",
        "symptoms": [
            "At first, you may only see a white or yellow spot under your nail. Over time, this spreads and can turn your whole nail white, yellow, green, or black.",
            "The nail may thicken and could be hard to trim. ",
            "It may start to curl up or down or loosen from the nail bed. ",
            "Your nail could become brittle and crumble when you touch it.",
            "Your nail may become misshapen.",
            "You may notice a bad smell."
        ],
        "causes": [
            "Are a man",
            "Are older, since nails become more brittle and likely to crack as you age ",
            "Have a weak immune system or ongoing health problems like diabetes",
            "Wear shoes that make your feet hot and sweaty",
            "Walk barefoot through gym showers, swimming pools, and locker rooms –places where fungus spreads easily ",
            "Live with someone who has a fungal infection",
            "Have athlete’s foot, as the fungus that causes it can spread to your nails ",
            "Recently had an injury or surgery on your nail, or had a previous infection",
            "Wear plastic gloves or keep your hands wet for long periods "
        ],
        "prevention": [
            "Keep your fingernails and toenails short and trimmed straight across.",
            "Wear socks that wick away (absorb) moisture. If your feet sweat a lot, change your socks once or twice a day, or take off your shoes and let your feet cool when you have the chance.",
            "Use antifungal powder or spray on your feet as well as in your shoes. Throw away old pairs of closed-toe shoes since fungi might be living in them.",
            "If you get manicures at nail salons, visit only the ones that disinfect tools after each client. You can also bring your own file and clippers from home. Ask that your cuticles not be cut, since this can cause tiny breaks in the skin that let germs in.",
            "Don’t share towels if someone else in your family has nail fungus. This will pass around the infection."
        ]
    },
  
    {
        "name": "Nail-Biting",
        "link": "https://www.webmd.com/skin-problems-and-treatments/picture-of-nail-patella-syndrome",
        "prevention": [
            "Cut them short. If there’s not enough nail to grab with your teeth, it won’t feel as satisfying when you give biting a try.",
            "Coat them with a bad taste. There are special nail polishes with a bitter flavor you can paint on your nails. The terrible taste will make you think twice before chewing.",
            "Splurge on manicures. Spending money and time at a nail salon will give you both good-looking nails and a reason to keep them that way.",
            "Wear gloves. It may sound silly, but if you can’t get to your nails, you can’t bite them. If gloves won’t work for your daily schedule, you can look for stickers made to cover nails -- they can have the same effect.",
            "Find your triggers. Notice how you feel or what you’re doing when you bite your nails. Once you know what kicks you into nail-biting drive, you can try to find other ways to cope.",
            "Keep your hands or mouth busy. Find something to fiddle with -- a stress ball, a worry stone, or even a pen to click. Chew gum so your mouth has a job. Give your nail-biting energy another place to go."
        ]
    },
    {
        "name": "Narcolepsy",
        "link": "https://www.webmd.com/a-to-z-guides/stop-nail-biting-tips",
        "symptoms": [
            "Cataplexy: This can cause problems ranging from slurred speech to total body collapse, depending on the muscles involved. It’s often triggered by intense emotions such as surprise, laughter, or anger.",
            "Hallucinations: These delusions can happen at any time and are often vivid and frightening. They’re mostly visual, but any of the other senses can be involved. If they happen as you’re falling asleep, they’re called hypnagogic hallucinations. If they happen when you’re waking up, they’re called hypnopompic hallucinations.",
            "Sleep paralysis: You may be unable move or speak while falling asleep or waking up. These episodes usually last a few seconds to several minutes.",
            "Disrupted sleep: You might have a hard time staying asleep at night because of things like vivid dreams, breathing problems, or body movements."
        ],
        "causes": [
            "Polysomnogram (PSG): This is done in a sleep disorder clinic or a sleep lab. It’s an overnight test that takes constant measurements while you’re asleep to record problems in your sleep cycle. A PSG can help reveal whether you go into REM sleep at unusual times in your sleep cycle. It can rule out other problems that might be causing your symptoms.",
            "Multiple sleep latency test (MSLT): This is also done at a special clinic or lab. The test takes place during the day to measure your tendency to fall asleep and find out whether certain elements of REM sleep happen at unusual times during the day. You’ll take four or five short naps, usually 2 hours apart.",
            "Lumbar puncture. You get this procedure, sometimes called a spinal tap, in a hospital or outpatient facility. A doctor or nurse uses a needle to remove a small amount of spinal fluid from your back. The fluid is then tested to check the levels of hypocretin. Low levels could mean you have narcolepsy."
        ],
        "prevention": [
            "Stimulants to treat sleepiness",
            "Antidepressants to treat problems with REM sleep",
            "Sodium oxybate (Xyrem, Xywav) to treat cataplexy",
            "Pitolisant (Wakix) or Solriamfetol (Sunosi) to help you stay awake for longer periods"
        ]
    },
    {
        "name": "Narcoleptic Syndrome",
        "link": "https://www.webmd.com/sleep-disorders/narcolepsy",
        "symptoms": [
            "Cataplexy: This can cause problems ranging from slurred speech to total body collapse, depending on the muscles involved. It’s often triggered by intense emotions such as surprise, laughter, or anger.",
            "Hallucinations: These delusions can happen at any time and are often vivid and frightening. They’re mostly visual, but any of the other senses can be involved. If they happen as you’re falling asleep, they’re called hypnagogic hallucinations. If they happen when you’re waking up, they’re called hypnopompic hallucinations.",
            "Sleep paralysis: You may be unable move or speak while falling asleep or waking up. These episodes usually last a few seconds to several minutes.",
            "Disrupted sleep: You might have a hard time staying asleep at night because of things like vivid dreams, breathing problems, or body movements."
        ],
        "causes": [
            "Polysomnogram (PSG): This is done in a sleep disorder clinic or a sleep lab. It’s an overnight test that takes constant measurements while you’re asleep to record problems in your sleep cycle. A PSG can help reveal whether you go into REM sleep at unusual times in your sleep cycle. It can rule out other problems that might be causing your symptoms.",
            "Multiple sleep latency test (MSLT): This is also done at a special clinic or lab. The test takes place during the day to measure your tendency to fall asleep and find out whether certain elements of REM sleep happen at unusual times during the day. You’ll take four or five short naps, usually 2 hours apart.",
            "Lumbar puncture. You get this procedure, sometimes called a spinal tap, in a hospital or outpatient facility. A doctor or nurse uses a needle to remove a small amount of spinal fluid from your back. The fluid is then tested to check the levels of hypocretin. Low levels could mean you have narcolepsy."
        ],
        "prevention": [
            "Stimulants to treat sleepiness",
            "Antidepressants to treat problems with REM sleep",
            "Sodium oxybate (Xyrem, Xywav) to treat cataplexy",
            "Pitolisant (Wakix) or Solriamfetol (Sunosi) to help you stay awake for longer periods"
        ]
    },
   
    {
        "name": "NASH (Nonalcoholic Steatohepatitis)",
        "link": "https://www.webmd.com/allergies/nasal-septum-surgery",
        "symptoms": [
            "Swollen belly",
            "Enlarged blood vessels underneath your skin",
            "Larger-than-normal breasts in men",
            "Red palms",
            "Skin and eyes that appear yellowish, due to a condition called jaundice",
            "Nausea, weight loss, or loss of appetite",
            "Tiredness or mental confusion"
        ],
        "prevention": [
            "Drink in moderation. That’s one drink a day for men over 65 and women of all ages, and up to two drinks for men 65 and younger.",
            "Protect yourself from hepatitis C. This viral liver infection can make you more likely to get cirrhosis if you drink.",
            "Check before you mix meds and alcohol. Ask your doctor if it’s OK to drink alcohol with the prescription medications you’re taking. Read the warning label on over-the-counter meds. Don’t drink when you’re taking products like acetaminophen, which can damage your liver when combined with alcohol."
        ]
    },
    {
        "name": "Nasopharyngeal Cancer",
        "link": "https://www.webmd.com/hepatitis/fatty-liver-disease",
        "causes": [
            "Other parts of Asia",
            "North Africa",
            "Inuit populations of Alaska and Canada",
            "Chinese and Hmong immigrant groups in the U.S."
        ],
        "symptoms": [
            "Lump in neck (most common)",
            "Blurry or double vision",
            "Ear infections that recur",
            "Face pain or numbness",
            "Headache",
            "Hearing loss, ringing in the ears, or a feeling of fullness in the ear",
            "Difficulty opening mouth",
            "Nosebleeds",
            "Stuffy nose",
            "Sore throat"
        ],
        "prevention": [
            "Avoid salt-cured fish and meats.",
            "Do not smoke.",
            "Do not drink a lot of alcohol."
        ]
    },
   
    {
        "name": "Nausea",
        "link": "https://www.webmd.com/balance/what-is-naturopathic-medicine",
        "causes": [
            "Gallbladder disease",
            "Food poisoning",
            "Infections (such as \"stomach flu\")",
            "Ulcers",
            "Bulimia or other psychological illnesses",
            "Gastroparesis , or slow stomach emptying (a condition seen in people with diabetes)"
        ],
        "symptoms": [
            "Gastritis (an inflamed stomach lining)",
            "A stomach ulcer",
            "Alcohol-related liver disease",
            "Heartburn and acid reflux"
        ],
        "prevention": [
            "Drinking small amounts of clear, sweetened liquids such as soda or fruit juices. Avoid orange and grapefruit juices, which are too acidic.",
            "Resting, either in a sitting position or in a propped-up lying position. Activity may worsen nausea and lead to vomiting."
        ]
    },
    {
        "name": "Navicular Fracture of the Wrist",
        "link": "https://www.webmd.com/digestive-disorders/digestive-diseases-nausea-vomiting",
        "symptoms": [
            "Pain, especially when flexing the wrist",
            "Tenderness",
            "Swelling",
            "Bruising",
            "Deformity of the wrist, sometimes called a “dinner fork deformity,” which causes it to look crooked and bent."
        ],
        "causes": [
            "A splint, which you might use for a few days to a week while the swelling goes down; if a splint is used initially, a cast is usually put on about a week later.",
            "A cast, which you might need for 6 to 8 weeks or longer, depending on how bad the break is (you might need a second cast if the first one gets too loose after the swelling goes away.)",
            "Regular X-rays to make sure your wrist is healing normally"
        ] 
    },
    {
        "name": "NDI",
        "link": "https://www.webmd.com/a-to-z-guides/colles-fracture",
        "symptoms": [
            "Crankiness",
            "Slow growth",
            "Poor feeding",
            "Weight loss",
            "Fever",
            "Vomiting"
        ],
        "causes": [
            "Central diabetes insipidus. You get this when damage to your hypothalamus or pituitary gland affects how your body makes or puts out vasopressin. Your kidneys remove too much fluid from your body, and you pee more. This damage can result from:A tumorA head injuryA blocked or bulging artery (aneurysm)Diseases such as Langerhans cell histiocytosisInfectionInflammationSurgery",
            "A tumor",
            "A head injury",
            "A blocked or bulging artery (aneurysm)",
            "Diseases such as Langerhans cell histiocytosis",
            "Infection",
            "Inflammation",
            "Surgery",
            "Nephrogenic diabetes insipidus. You get this when your kidneys don’t respond to vasopressin and take too much fluid from your bloodstream. Doctors don’t always know why it happens, but some causes include:A blocked urinary tractChronic kidney diseaseHigh levels of calcium in your bloodLow levels of potassium in your bloodSome medications, like lithium",
            "A blocked urinary tract",
            "Chronic kidney disease",
            "High levels of calcium in your blood",
            "Low levels of potassium in your blood",
            "Some medications, like lithium",
            "Gestational diabetes insipidus. This is very rare. You get this type only during pregnancy. Sometimes, a woman’s placenta -- the organ that gives oxygen and nutrients to your baby -- makes an enzyme that breaks down vasopressin. Other pregnant women make more prostaglandin, a hormone-like chemical that makes their kidneys less sensitive to vasopressin. Most cases of gestational diabetes insipidus are mild and don’t cause clear symptoms. The condition usually goes away after birth, but it might come back in another pregnancy."
        ],
        "prevention": [
            "Central diabetes insipidus. You’ll take medications like desmopressin (DDAVP). Desmopressin controls urine output, maintains fluid balance, and prevents dehydration. You take it two or three times a day. It usually comes as a nasal spray, tablets, or injections. There are also treatments to help these drugs work better.",
            "Nephrogenic diabetes insipidus can be harder to treat. If it’s caused by a drug, stopping the medicine helps. Other medicines may ease symptoms. These include indomethacin (Indocin) and diuretics like amiloride (Moduretic 5-50) or hydrochlorothiazide (Microzide). Though diuretics typically make you pee more, in this case, they help you make less urine. Sometimes, this condition goes away if you treat the cause.",
            "Gestational diabetes insipidus. You can take desmopressin while you’re pregnant. Your problems should go away after you have the baby."
        ]
    },
    {
        "name": "Nearsightedness (Myopia)",
        "link": "https://www.webmd.com/diabetes/what-is-diabetes-insipidus",
        "causes": [
            "Headaches",
            "Squinting",
            "Eye strain",
            "Eye fatigue when you try to see objects more than a few feet away",
            "Children with myopia often have trouble reading the blackboard at school."
        ],
        "symptoms": [
            "Headaches",
            "Squinting",
            "Eye strain",
            "Eye fatigue when you try to see objects more than a few feet away",
            "Children with myopia often have trouble reading the blackboard at school."
        ],
        "prevention": [
            "Photorefractive keratectomy: Also called PRK, this surgery uses a laser to sculpt the middle layer of your cornea. That flattens the cornea’s curve and lets light rays focus closer to or on your retina.",
            "LASIK: This is the most common surgery for myopia. The surgeon uses a laser or another tool to create a thin flap on the top layer of your cornea. They sculpt the cornea with another laser and move the flap back into place.",
            "EVO Implantable Collamer Lens (ICL): Using a microscopic incision, a contact lens made of a soft, polmeric materialis implanted into your eye between you natural lens and your iris. It helps refract light on the retina, producing clearer vision."
        ]
    },
    {
        "name": "Neck Pain",
        "link": "https://www.webmd.com/eye-health/nearsightedness-myopia",
        "causes": [
            "Strains from overexertion",
            "Tendonitis from overuse",
            "Shoulder joint instability",
            "Dislocation",
            "Collar or upper arm bone fractures",
            "Frozen shoulder",
            "Pinched nerves (also called radiculopathy)"
        ] 
    },
    {
        "name": "Necrotizing Enterocolitis",
        "link": "https://www.webmd.com/pain-management/neck-shoulder",
        "causes": [
            "High-risk or premature babies who are fed formula by mouth or tube",
            "Those who had a difficult delivery or have lowered oxygen levels",
            "Infants who have too many red blood cells in circulation",
            "Babies with existing gastrointestinal infections",
            "Seriously ill infants and those who’ve received a blood transfusion"
        ],
        "symptoms": [
            "Swollen or bloated belly",
            "Feedings that stay in the stomach and don’t move through the intestines",
            "Green fluid in the stomach",
            "Bloody poop",
            "Trouble breathing, low heart rate, or sluggishness"
        ],
        "prevention": [
            "Stop feedings",
            "Insert a tube through their nose and into their stomach to remove fluid and keep their stomach empty.",
            "Start IV fluids to keep them nourished and hydrated",
            "Give antibiotics to fight infection",
            "Take regular X-rays to monitor the condition",
            "Provide extra oxygen or a breathing machine if their belly is too swollen for them to breathe on their own",
            "Keep them away from other babies to stop the spread of NEC"
        ]
    },
    {
        "name": "Necrotizing Fasciitis",
        "link": "https://www.webmd.com/parenting/baby/what-is-necrotizing-enterocolitis",
        "causes": [
            "Surgical wounds",
            "Puncture wounds or an injury that doesn't break the skin",
            "Burns",
            "Minor cuts and scrapes",
            "Insect bites",
            "Abrasions"
        ],
        "symptoms": [
            "Serious pain, including areas other than the skin that look swollen or red ",
            "Inflammation",
            "Fever",
            "Nausea"
        ],
        "prevention": [
            "After cleaning, cover an oozing, draining, or open wound with a clean, dry bandage.",
            "Get treated by a doctor if you have a serious or deep wound, such as a puncture or gunshot.",
            "Don’t go swimming or use a hot tub if you have an open wound or skin infection."
        ]
    },
    {
        "name": "Necrotizing Fasciitis of the Perineum",
        "link": "https://www.webmd.com/skin-problems-and-treatments/necrotizing-fasciitis-flesh-eating-bacteria",
        "symptoms": [
            "Your penis, vulva, scrotum, or perineum looks red or purple. ",
            "You feel sore around your genitals or in the area between your genitals and your anus.",
            "These areas might start to swell."
        ],
        "causes": [
            "Urinary tract infections",
            "Bladder infections",
            "Surgery",
            "Abscesses, infected wounds that drain pus. You can get these near the anus or vulva. ",
            "Genital piercings",
            "Insect bites",
            "Injuries during sex",
            "Any injury that causes a scratch or burn",
            "Circumcision in children"
        ],
        "prevention": [
            "If you have diabetes, regularly check your genitals and surrounding areas for wounds or signs of infection, like redness and swelling.",
            "Keep your blood sugar at a healthy level. For people with diabetes, that means keeping up with your medications.",
            "If you're obese or overweight, try to lose some weight. Ask your doctor about the best ways to do this.",
            "If you smoke or chew tobacco, stop.",
            "To lower your risk of infection, wash any open wounds in the area with soap and water and keep them dry and clean until they heal.",
            "Keep your genital and anal areas clean and dry."
        ]
    },
    
    {
        "name": "Neonatal Listeriosis",
        "link": "https://www.webmd.com/a-to-z-guides/fine-needle-aspiration",
        "causes": [
            "Cantaloupes",
            "Hot dogs",
            "Soft cheeses"
        ],
        "symptoms": [
            "Diarrhea",
            "Nausea",
            "Achy muscles",
            "Fever"
        ]
    },
    {
        "name": "Nephrocarcinoma",
        "link": "https://www.webmd.com/food-recipes/food-poisoning/what-is-listeria",
        "causes": [
            "Smoking",
            "Being very overweight",
            "Taking a lot of pain medicine, like aspirin, ibuprofen, or acetaminophen, for a long time",
            "Having hepatitis C",
            "Exposure to certain dyes, asbestos, cadmium (a metal), herbicides, and solvents",
            "Having acquired cystic kidney disease (especially in dialysis patients)",
            "Some inherited conditions, especially von Hippel-Lindau disease"
        ],
        "symptoms": [
            "A lump on your side, belly, or lower back",
            "Blood in your pee",
            "Low back pain on one side",
            "Losing weight for no clear reason",
            "Not feeling hungry",
            "Fever",
            "Feeling tired",
            "Not enough red blood cells (anemia)",
            "Night sweats",
            "High levels of calcium in your blood",
            "High blood pressure"
        ],
        "prevention": [
            "Surgery to remove part or all of the kidney",
            "Biologic drugs, which boost your body’s own defenses to fight cancer cells",
            "Drugs such as interferon-alfa or interleukin-2",
            "Targeted therapy -- treatments that attack specific things cancers need to survive, like a tumor’s blood vessels or certain proteins; these include axitinib (Inlyta), bevacizumab (Avastin), cabozantinib (Cometriq), everolimus (Afinitor), lenvatinib (Lenvima), nivolumab (Opdivo), pazopanib (Votrient), sorafenib (Nexavar), sunitinib (Sutent), and temsirolimus (Torisel).",
            "Ablation. This uses extreme cold or radio waves to destroy tumors."
        ]
    },
    {
        "name": "Nephrogenic Diabetes Insipidus",
        "link": "https://www.webmd.com/cancer/renal-cell-carcinoma",
        "symptoms": [
            "Crankiness",
            "Slow growth",
            "Poor feeding",
            "Weight loss",
            "Fever",
            "Vomiting"
        ],
        "causes": [
            "Central diabetes insipidus. You get this when damage to your hypothalamus or pituitary gland affects how your body makes or puts out vasopressin. Your kidneys remove too much fluid from your body, and you pee more. This damage can result from:A tumorA head injuryA blocked or bulging artery (aneurysm)Diseases such as Langerhans cell histiocytosisInfectionInflammationSurgery",
            "A tumor",
            "A head injury",
            "A blocked or bulging artery (aneurysm)",
            "Diseases such as Langerhans cell histiocytosis",
            "Infection",
            "Inflammation",
            "Surgery",
            "Nephrogenic diabetes insipidus. You get this when your kidneys don’t respond to vasopressin and take too much fluid from your bloodstream. Doctors don’t always know why it happens, but some causes include:A blocked urinary tractChronic kidney diseaseHigh levels of calcium in your bloodLow levels of potassium in your bloodSome medications, like lithium",
            "A blocked urinary tract",
            "Chronic kidney disease",
            "High levels of calcium in your blood",
            "Low levels of potassium in your blood",
            "Some medications, like lithium",
            "Gestational diabetes insipidus. This is very rare. You get this type only during pregnancy. Sometimes, a woman’s placenta -- the organ that gives oxygen and nutrients to your baby -- makes an enzyme that breaks down vasopressin. Other pregnant women make more prostaglandin, a hormone-like chemical that makes their kidneys less sensitive to vasopressin. Most cases of gestational diabetes insipidus are mild and don’t cause clear symptoms. The condition usually goes away after birth, but it might come back in another pregnancy."
        ],
        "prevention": [
            "Central diabetes insipidus. You’ll take medications like desmopressin (DDAVP). Desmopressin controls urine output, maintains fluid balance, and prevents dehydration. You take it two or three times a day. It usually comes as a nasal spray, tablets, or injections. There are also treatments to help these drugs work better.",
            "Nephrogenic diabetes insipidus can be harder to treat. If it’s caused by a drug, stopping the medicine helps. Other medicines may ease symptoms. These include indomethacin (Indocin) and diuretics like amiloride (Moduretic 5-50) or hydrochlorothiazide (Microzide). Though diuretics typically make you pee more, in this case, they help you make less urine. Sometimes, this condition goes away if you treat the cause.",
            "Gestational diabetes insipidus. You can take desmopressin while you’re pregnant. Your problems should go away after you have the baby."
        ]
    },
    {
        "name": "Nephropathy Diabetic",
        "link": "https://www.webmd.com/diabetes/what-is-diabetes-insipidus",
        "symptoms": [
            "Swelling of the hands, feet, and face",
            "Trouble sleeping or concentrating",
            "Poor appetite",
            "Nausea",
            "Weakness",
            "Itching (end-stage kidney disease) and extremely dry skin",
            "Drowsiness (end-stage kidney disease)",
            "Abnormalities in the hearts' regular rhythm, because of increased potassium in the blood",
            "Muscle twitching"
        ],
        "prevention": [
            "SGLT2 inhibitors including bexagliflozin (Brenzavvy), dapagliflozin (Farxiga), empagliflozin (Jardiance), and ertugliflozin (Steglatro), which help control high blood sugar. ",
            "Angiotensin converting enzyme (ACE) inhibitors can help slow down the progression of kidney damage. Although ACE inhibitors -- including ramipril (Altace), quinapril (Accupril), and lisinopril (Prinivil, Zestril) -- are usually used to treat high blood pressure and other medical problems, they are often given to people with diabetes to prevent complications, even if their blood pressure is normal.",
            "Angiotensin receptor blockers (ARBs) can often be given instead if you have side effects from taking ACE inhibitors"
        ]
    },
    {
        "name": "Neurofibromatosis",
        "link": "https://www.webmd.com/diabetes/diabetes-kidney-disease",
        "symptoms": [
            "Neurofibromatosis. Also called Recklinghausen’s disease, neurofibromatosis is characterized by areas of pigmentation like this café au lait spot on a 16-year-old. NF1 is a genetic disorder of the nervous system causing neurofibromas (tumors) to grow on the fibrous covering of nerves. Spots like this one can appear on the skin and can sometimes be accompanied by physical deformation. Most are benign but they can become malignant and those with NF1 have a predisposition to brain tumors and various forms of cancer. People with this disorder should seek genetic counseling before planning a child. Dermatologists look for more than six cafe au lait macules greater than 5mm in greatest diameter in pre-pubescent kids and greater than 15 mm in postpubertal people to initiate a workup for Neurofibromatosis 1.\n\t\t\t\t\t\t\t\t\t\t\t\t\t\n\n\n\nSeveral (usually 6 or more) café au lait spots",
            "Multiple freckles in the armpit or groin area",
            "Tiny growths in the iris (colored area) of the eye; these are called Lisch nodules and usually do not affect eyesight.",
            "Neurofibromas that occur on or under the skin, sometimes even deep within the body. These are benign (harmless) tumors. But in rare cases, they can turn malignant or cancerous.",
            "Bone deformities, including a twisted spine (scoliosis) or bowed legs",
            "Tumors along the optic nerve, which may cause eyesight problems",
            "Nerve-related pain",
            "High blood pressure",
            "Osteoporosis",
            "Learning disabilities",
            "Large head size",
            "Short stature"
        ],
        "causes": [
            "Neurofibromatosis 1 (NF1): The NF1 gene on chromosome 17 makes a protein called neurofibromin that controls your cells’ growth. The mutation of this gene causes a neurofibromin loss and uncontrolled cell growth.",
            "Neurofibromatosis 2 (NF2): The NF2 gene on chromosome 22 makes a protein called merlin or schwannomin. It suppresses tumors. Changes to this gene cause a loss of merlin and uncontrolled cell growth.",
            "Schwannomatosis: Mutations of the two known genes linked to schwannomatosis, SMARCB1 and LZTR1, which both suppress tumors, are associated with this type of neurofibromatosis."
        ],
        "prevention": [
            "Surgery to remove problem growths or tumors",
            "Treatment that includes chemotherapy or radiation if a tumor has turned malignant, or cancerous",
            "Surgery for bone problems, like scoliosis",
            "Therapy (including physical therapy, counseling, or support groups)",
            "Cataract removal surgery",
            "Aggressive treatment of pain linked to the condition",
            "Stereotactic radiosurgery",
            "Auditory brainstem and cochlear implants"
        ]
    },
 
    {
        "name": "Night Blindness",
        "link": "https://www.webmd.com/smoking-cessation/smoking-cessation-guide",
        "causes": [
            "Nearsightedness",
            "Glaucoma",
            "Glaucoma medications that close the pupil",
            "Cataracts",
            "Diabetes",
            "Retinitis pigmentosa",
            "Vitamin A deficiency",
            "Keratoconus"
        ],
        "prevention": [
            "Night Blindness",
            "Myopia (Nearsightedness)",
            "All About Glasses"
        ]
    },
    {
        "name": "Night Eating",
        "link": "https://www.webmd.com/eye-health/night-blindness",
        "prevention": [
            "Sleep Eating",
            "Stress and Sleep"
        ]
    },
 
    {
        "name": "Nocardiosis",
        "link": "https://www.webmd.com/heart-disease/nitroglycerin-chest-pain",
        "symptoms": [
            "Chest pain",
            "Coughing",
            "Sweating",
            "Chills",
            "Feeling weak",
            "Lack of appetite",
            "Unexplained weight loss",
            "Shortness of breath or a hard time breathing"
        ] 
    },
    {
        "name": "Nocturnal Enuresis",
        "link": "https://www.webmd.com/a-to-z-guides/what-is-nocardiosis",
        "causes": [
            "The child cannot yet hold urine for the entire night.",
            "The child does not wake up when their bladder is full.",
            "The child makes a large amount of urine during the evening and night hours.",
            "The child has poor daytime toilet habits. Many children habitually ignore the urge to pee and put off peeing as long as they possibly can. Parents usually are familiar with the leg crossing, face straining, squirming, squatting, and groin holding that children use to hold back pee."
        ],
        "prevention": [
            "What Causes Bedwetting?",
            "When Bedwetting Suggests a Problem",
            "Bedwetting Medication"
        ]
    },
    {
        "name": "Nonalcoholic Fatty Liver Disease",
        "link": "https://www.webmd.com/sleep-disorders/bedwetting-causes",
        "symptoms": [
            "Swollen belly",
            "Enlarged blood vessels underneath your skin",
            "Larger-than-normal breasts in men",
            "Red palms",
            "Skin and eyes that appear yellowish, due to a condition called jaundice",
            "Nausea, weight loss, or loss of appetite",
            "Tiredness or mental confusion"
        ],
        "prevention": [
            "Drink in moderation. That’s one drink a day for men over 65 and women of all ages, and up to two drinks for men 65 and younger.",
            "Protect yourself from hepatitis C. This viral liver infection can make you more likely to get cirrhosis if you drink.",
            "Check before you mix meds and alcohol. Ask your doctor if it’s OK to drink alcohol with the prescription medications you’re taking. Read the warning label on over-the-counter meds. Don’t drink when you’re taking products like acetaminophen, which can damage your liver when combined with alcohol."
        ]
    },
    {
        "name": "Non-Hodgkin's Lymphoma",
        "link": "https://www.webmd.com/hepatitis/fatty-liver-disease",
        "causes": [
            "Inherited immune deficiencies",
            "Genetic syndromes: Down syndrome, Klinefelter's syndrome (a genetic condition in men caused by an extra X chromosome)",
            "Immune disorders, and their treatments: Sjögren's syndrome (an immune disorder characterized by unusual dryness of mucous membranes), rheumatoid arthritis, systemic lupus erythematosus",
            "Celiac disease, a disease involving the processing of certain components of gluten, a protein in grains",
            "Inflammatory bowel disease, particularly Crohn’s disease, and its treatment",
            "Psoriasis",
            "Family history of lymphoma",
            "Bacteria: Helicobacter pylori, associated with gastritis and gastric ulcers; Borrelia burgdorferi, associated with Lyme disease; Campylobacter jejuni; Chlamydia psittaci",
            "Viruses: HIV, HTLV-1, SV-40, HHV-8, Epstein Barr virus, hepatitis virus",
            "Non-random chromosomal translocations and molecular rearrangements"
        ]
    },
    {
        "name": "Noninfectious Uveitis",
        "link": "https://www.webmd.com/cancer/lymphoma/understanding-non-hodgkins-lymphoma-basics",
        "causes": [
            "AIDS",
            "Behcet’s syndrome",
            "Shingles",
            "Multiple sclerosis",
            "Psoriatic arthritis",
            "Rheumatoid arthritis",
            "Sarcoidosis",
            "Tuberculosis",
            "Ulcerative colitis",
            "Crohn's disease"
        ],
        "symptoms": [
            "Change in vision",
            "Dark floating spots (floaters)",
            "Eye pain",
            "Eye redness",
            "Light sensitivity",
            "Swelling"
        ],
        "prevention": [
            "What Is Uveitis?",
            "Types of Uveitis",
            "Symptoms",
            "Diagnosis",
            "Complications",
            "Treatment"
        ]
    },
    
    {
        "name": "Non-Small Cell Lung Cancer",
        "link": "https://www.webmd.com/skin-problems-and-treatments/epidermolysis-bullosa-what-is",
        "causes": [
            "Radon, a radioactive gas found naturally in soil and rocks",
            "Asbestos",
            "Mineral and metal dust",
            "Chronic obstructive pulmonary disease (COPD)",
            "Pulmonary fibrosis",
            "Air pollution",
            "Radiation treatment to your chest or breast",
            "HIV/AIDS"
        ],
        "symptoms": [
            "Coughing that lasts or gets worse",
            "Chest pain that often hurts more when you cough, laugh, or take deep breaths",
            "Hoarseness or voice changes",
            "Harsh, raspy sounds when you breathe",
            "Wheezing",
            "Weight loss, little appetite",
            "Coughing up blood or mucus",
            "Shortness of breath",
            "Feeling weak or tired",
            "Lasting lung problems, like bronchitis or pneumonia"
        ] 
    },
    
    {
        "name": "Noonan Syndrome",
        "link": "https://www.webmd.com/balance/understanding-alternative-medicine",
        "causes": [
            "The gene mutation is passed down to you by one parent",
            "The altered gene happens for the first time while you are still in the womb"
        ],
        "symptoms": [
            "Widely spaced eyes",
            "Deep groove between the nose and mouth",
            "Low-set ears that arch backward",
            "Short neck",
            "Extra skin on the neck (“webbing”)",
            "Small lower jaw",
            "High arch in the roof of the mouth",
            "Crooked teeth"
        ] 
    },
    {
        "name": "Normal Menstrual Cycle",
        "link": "https://www.webmd.com/children/noonan-syndrome",
        "symptoms": [
            "Acne",
            "Cramping in the lower abdomen and back",
            "More hunger",
            "Sleep issues",
            "Mood swings",
            "Breast tenderness",
            "Bloating"
        ]
    },
    {
        "name": "Noroviruses",
        "link": "https://www.webmd.com/women/normal-period",
        "symptoms": [
            "Low-grade fever",
            "Chills",
            "Headache",
            "Muscle ache",
            "Fatigue"
        ],
        "causes": [
            "Drink plenty of liquids, especially liquids that contain electrolytes.",
            "Get as much rest as possible.",
            "Eat soft, bland foods."
        ],
        "prevention": [
            "Wash your hands often with soap and water for at least 20 seconds, especially after going to the bathroom or changing a baby's diaper, and before you prepare or eat food. Alcohol-based cleansers are not as effective as soap and water.",
            "Carefully throw away any contaminated items (such as dirty diapers).",
            "Wash raw fruits and vegetables thoroughly. Cook oysters and other shellfish before eating them.",
            "Clean and disinfect surfaces with a mixture of detergent and chlorine bleach after someone is sick.",
            "If you're traveling to areas with a high risk of norovirus infection, try to eat only cooked foods and drink only hot or carbonated beverages. Avoid food sold by street vendors."
        ]
    },
    {
        "name": "Norrbottnian Gaucher Disease",
        "link": "https://www.webmd.com/food-recipes/food-poisoning/norovirus-symptoms-and-treatment",
        "causes": [
            "Easy bruising, caused by low levels of blood platelets",
            "Nosebleeds",
            "Tiredness, caused by anemia (low levels of red blood cells)",
            "Enlarged spleen or liver, which makes your belly look swollen",
            "Bone problems like pain, breaks, or arthritis",
            "Lung disease"
        ],
        "symptoms": [
            "Easy bruising, caused by low levels of blood platelets",
            "Nosebleeds",
            "Tiredness, caused by anemia (low levels of red blood cells)",
            "Enlarged spleen or liver, which makes your belly look swollen",
            "Bone problems like pain, breaks, or arthritis",
            "Lung disease"
        ],
        "prevention": [
            "Imiglucerase (Cerezyme)",
            "Taliglucerase alfa (Elelyso)",
            "Velaglucerase alfa (VPRIV)"
        ]
    },
    {
        "name": "Nose Fracture",
        "link": "https://www.webmd.com/children/gauchers-disease-symptoms-causes-treatments",
        "symptoms": [
            "A swollen, bent, or crooked nose",
            "Pain, especially when you touch your nose",
            "Nosebleed",
            "Black eyes or bruises beneath your eyes",
            "Trouble breathing through your nose (as though your nostrils are stuffy or blocked)",
            "Mucus running out of your nose",
            "A “cracking” sound when you touch your nose"
        ],
        "causes": [
            "Play contact sports, like football (especially if your helmet doesn’t have a face mask)",
            "Ride a bike",
            "Lift weights",
            "Ride in motor vehicles without wearing a seat belt"
        ] 
    },
    {
        "name": "Nosebleed Stopping",
        "link": "https://www.webmd.com/a-to-z-guides/is-my-nose-broken",
        "prevention": [
            "Keep the inside of your nose moist. Dryness can cause nosebleeds. Use a cotton swab to gently smear a thin layer petroleum jelly in your nostrils three times a day, including before you go to sleep. You can also use an antibiotic ointment like Bacitracin or Polysporin.",
            "Use a saline nasal product. Spraying it in your nostrils helps keep the inside of your nose moist.",
            "Use a humidifier. Your nostrils might be dry because the air in your house is dry.",
            "Don’t smoke. Smoking can irritate the inside of your nose and dry it out.",
            "Don’t pick your nose. Also, don’t blow or rub it too hard. If your child is getting nosebleeds, keep their fingernails short and discourage them from picking their nose.",
            "Don’t use cold and allergy medications too often. These can dry out your nose. In some cases, certain medications can cause nosebleeds or make them worse. You may need to discuss your medications with your doctor. But keep taking them unless your doctor tells you to stop."
        ]
    },
   
    {
        "name": "NS",
        "link": "https://www.webmd.com/skin-problems-and-treatments/picture-of-nail-patella-syndrome",
        "causes": [
            "The gene mutation is passed down to you by one parent",
            "The altered gene happens for the first time while you are still in the womb"
        ],
        "symptoms": [
            "Widely spaced eyes",
            "Deep groove between the nose and mouth",
            "Low-set ears that arch backward",
            "Short neck",
            "Extra skin on the neck (“webbing”)",
            "Small lower jaw",
            "High arch in the roof of the mouth",
            "Crooked teeth"
        ] 
    },

    {
        "name": "Nutritional Rickets",
        "link": "https://www.webmd.com/diet/default.htm",
        "symptoms": [
            "Increased risk of death from cardiovascular disease",
            "Cognitive impairment in older adults",
            "Severe asthma in children",
            "Cancer"
        ]  
    },
    {
        "name": "Nystagmus Benign Paroxysmal Positional",
        "link": "https://www.webmd.com/diet/vitamin-d-deficiency",
        "causes": [
            "Being passed down from your parents",
            "Other eye issues, like cataracts or strabismus",
            "Diseases like stroke, multiple sclerosis, or Meniere's disease",
            "Head injuries",
            "Albinism (lack of skin pigment)",
            "Inner ear problems",
            "Certain medications, like lithium or drugs for seizures",
            "Alcohol or drug use"
        ],
        "symptoms": [
            "Ear exam",
            "Neurological exam",
            "Brain MRI",
            "Brain CT scan",
            "Recording your eye movement"
        ] 
    }
]