[

    {
        "name": "Parathyroid, Underactivity of",
        "link": "https://www.webmd.com/anxiety-panic/default.htm",
        "causes": [
            "Injury or removal of the glands during surgery",
            "Autoimmune diseases",
            "Radiation therapy to your neck or head",
            "Low levels of magnesium",
            "Genetic disorders"
        ],
        "symptoms": [
            "Muscle cramps or spasms in your legs, feet, lower back, or face",
            "Tingling in your fingers, toes, or lips",
            "Anxiety and depression",
            "Heart failure",
            "An irregular heartbeat",
            "Low blood pressure",
            "Seizures"
        ],
        "prevention": [
            "Limit foods with phosphates, like soda and other fizzy drinks. These can pull calcium from your bones.",
            "Eat foods high in calcium such as low-fat dairy products, dark green vegetables like collard greens and kale, and foods with added calcium like some cereals and orange juices."
        ]
    },
    
    {
        "name": "Paroxysmal Nocturnal Hemoglobinuria (PNH)",
        "link": "https://www.webmd.com/parkinsons-disease/default.htm",
        "causes": [
            "Broken red blood cells",
            "Too few red blood cells (which can cause anemia)",
            "Blood clots in your veins"
        ],
        "symptoms": [
            "Broken red blood cells",
            "Too few red blood cells (which can cause anemia)",
            "Blood clots in your veins"
        ],
        "prevention": [
            "Folic acid to help your bone marrow make more normal blood cells",
            "Iron supplements to make more red blood cells",
            "Eculizumab (Soliris). This drug prevents the breakdown of red blood cells. This can improve anemia, lower or stop the need for blood transfusions, and reduce blood clots. It can make you more likely to get a meningitis infection, so you may need to get a meningitis vaccine.",
            "Ravulizumab (Ultomiris). Ravulizumab is virtually identical to eculizumab but has been shown to last longer. Instead of biweekly infusions, patients only need six or seven infusions a year.",
            "Pegcetacoplan (Empaveli) is a targeted therapy that can be prescribed for those who are new to treatment or are switching from eculizumab or revulizumab."
        ]
    },
   
    {
        "name": "Phobias",
        "link": "https://www.webmd.com/pets/default.htm",
        "symptoms": [
            "Excessive or irrational fear of a specific object or situation",
            "Avoiding the object or situation or enduring it with great distress",
            "Physical symptoms of anxiety or a panic attack, such as a pounding heart, nausea or diarrhea, sweating, trembling or shaking, numbness or tingling, problems with breathing (shortness of breath), feeling dizzy or lightheaded, feeling like you are choking",
            "Anticipatory anxiety, which involves becoming nervous ahead of time about being in certain situations or coming into contact with the object of your phobia; for example, a person with a fear of dogs may become anxious about going for a walk because they may see a dog along the way."
        ],
        "causes": [
            "Cognitive behavioral therapy: Psychotherapy is the cornerstone of treatment for specific phobias. Treatment usually involves a type of cognitive behavioral therapy, called systematic desensitization or exposure and response prevention (ERP) therapy, in which patients are gradually exposed to what frightens them until their fear begins to fade.",
            "Medication: For situational phobias that produce intense, temporary anxiety (for example, a fear of flying), short-acting sedative-hypnotics (benzodiazepines) such as alprazolam (Xanax) or lorazepam (Ativan) may be prescribed on an occasional, as-needed basis to help reduce anticipatory anxiety. Unless a phobia is accompanied by other conditions such as depression or panic disorder, long-term or daily medicines are generally not used. Occasionally, serotonergic antidepressants such as escitalopram oxalate (Lexapro),  fluoxetine (Prozac), and  paroxetine (Paxil) may have potential value for some patients. More recently, common blood pressure drugs called beta-blockers have been used to treat anxiety related to specific phobias.",
            "Relaxation techniques, such as deep breathing, may also help reduce anxiety symptoms."
        ] 
    },
    {
        "name": "Physical Allergy Urticaria",
        "link": "https://www.webmd.com/anxiety-panic/specific-phobias",
        "causes": [
            "Foods like milk, fish, or nuts",
            "Drugs like aspirin or penicillin",
            "Food additives like flavorings and preservatives",
            "Bug bites",
            "Extreme cold or heat",
            "Pressure on the skin",
            "Viral infections",
            "Skin contact with allergens"
        ],
        "prevention": [
            "Apply cool compresses or wet cloths to the hives.",
            "Try to work and sleep in a cool room.",
            "Wear loose-fitting, lightweight clothes."
        ]
    },
    
    {
        "name": "PID (Pelvic Inflammatory Disease)",
        "link": "https://www.webmd.com/mental-health/mental-health-pica",
        "symptoms": [
            "Pain in your lower belly and pelvis",
            "Heavy discharge from your vagina with an unpleasant odor",
            "More bleeding than usual during your period",
            "Bleeding between periods",
            "Pain during sex",
            "Fever and chills",
            "Pain when you pee or a hard time going",
            "Throwing up, or feeling like you’re going to throw up"
        ],
        "prevention": [
            "You’ve been taking antibiotics and your symptoms aren’t improving. Your doctor might ask you to take more tests to figure out why.",
            "You need to take antibiotics with an IV. If you’re not able to keep pills down, for instance, your doctor will want you to get antibiotics directly into your body with intravenous fluids.",
            "You’ve developed what’s called a “tubo-ovarian abscess.” This happens when part of an ovary or fallopian tube fills with infected fluid that needs to be drained. IV antibiotics are usually given first to see if they’ll clear up the infection.",
            "You are sick to your stomach, vomiting, or running a high fever. Your doctor might not be able to rule out another abdominal problem, such as appendicitis."
        ]
    },
    
    {
        "name": "Plaque",
        "link": "https://www.webmd.com/pain-management/what-is-the-placebo-effect",
        "causes": [
            "Heart disease",
            "Diabetes",
            "Dementia",
            "Rheumatoid arthritis",
            "Premature birth"
        ],
        "prevention": [
            "Dental picks",
            "Pre-threaded flossers",
            "Small, straight brushes that fit between your teeth",
            "Water flossers",
            "Wooden plaque removers ",
            "Use an antibacterial mouth rinse to reduce bacteria that cause plaque and gum disease.",
            "See your dentist or oral hygienist every 6 months for a checkup and teeth cleaning.",
            "Ask your dentist if a dental sealant is appropriate for you. Dental sealants are a thin, plastic coating that are painted on the chewing surfaces of teeth to protect them from cavities and decay.",
            "Eat a balanced diet and limit the number of between-meal snacks. If you need a snack, choose nutritious foods such as plain yogurt, cheese, fruit, or raw vegetables. Vegetables, such as celery, help remove food and help saliva neutralize plaque-causing acids."
        ]
    },
    {
        "name": "Plasmapheresis",
        "link": "https://www.webmd.com/oral-health/plaque-and-your-teeth",
        "prevention": [
            "If you are a vegetarian or vegan, talk to your doctor or a nutritionist about your diet and any possible need for supplements.",
            "Ask your doctor or nutritionist if you should take vitamin C. Vitamin C makes the stomach more acidic and may improve the absorption of iron in your diet.",
            "Decrease your consumption of caffeinated products and tea. These substances can decrease iron absorption. Other offenders include fiber, large amounts of calcium, and the phytates found in some vegetables.",
            "Select iron-fortified cereals and breads.",
            "Carefully follow safety guidelines if your occupation involves work with lead-containing materials such as batteries, petroleum, and paint.",
            "Ask your doctor or local public health authorities about getting your dishes and other eating utensils tested for lead."
        ]
    },
    
    {
        "name": "Pleuritis",
        "link": "https://www.webmd.com/lung/healthy-lungs-smokers-lungs",
        "causes": [
            "Shortness of breath",
            "Fast breathing",
            "A rapid heart rate",
            "Coughing (with or without blood)",
            "Lightheadedness or fainting",
            "Sweating",
            "Anxiety or a feeling of dread"
        ],
        "symptoms": [
            "A sharp, stabbing pain that causes you to take small, shallow breaths because it’s worse when you try to breathe deeply",
            "Pain that spreads to your shoulder or back",
            "A cough",
            "Fever and chills"
        ],
        "prevention": [
            "If it’s bacteria, antibiotics can make you better.",
            "If it’s a fungus, they’ll probably give you an antifungal drug.",
            "If it’s a virus, you’ll get better on your own in a few days or weeks."
        ]
    },
   
    {
        "name": "Pollen",
        "link": "https://www.webmd.com/women/pms/default.htm",
        "causes": [
            "Trees like oak, ash, elm, birch, maple, alder, and hazel, as well as hickory, pecan, and box and mountain cedar. Evergreen juniper, cedar, cypress, and sequoia trees are also likely to cause allergy symptoms.",
            "Grasses like Timothy, Kentucky blue grass, Johnson, Bermuda, redtop, orchard grass, sweet vernal, perennial rye, salt grass, velvet, and fescue",
            "Weeds like ragweed, sagebrush, redroot pigweed, lamb's quarters, goosefoot, tumbleweed (Russian thistle), and English plantain"
        ],
        "symptoms": [
            "Itchy throat",
            "Red, itchy, watery eyes",
            "Runny or stuffy nose",
            "Sneezing",
            "Wheezing or coughing"
        ],
        "prevention": [
            "Nasal irrigation. It rinses out your sinuses using a squeeze bottle, neti pot, or other device with a saltwater (saline) solution. Make sure you use distilled or sterile water. If you use tap water, you must boil it and let it cool off before you use it. Or you can filter it with a filter that says “NSF 53” or “NSF 58” or says “absolute pore size” of 1 micron or smaller. Also, be sure you clean the bottle or neti pot after every use, also using distilled, sterile, boiled, or filtered water.",
            "Bioelectronic sinus device. It works by using microcurrents to stimulate nerve fibers in your sinuses. Sold over-the-counter, it helps reduce sinus inflammation, pain, and congestion.",
            "Over-the-counter (OTC) drugs. Antihistamines block the histamine your body makes. If your nose is stuffy, decongestants can help you breathe easier. Some nasal sprays help allergy symptoms, too.",
            "Prescription medication. If the OTC drugs don’t work, your doctor may prescribe something stronger. Some prescribed meds block chemicals other than histamine that can trigger allergies. Others treat the symptoms caused by certain kinds of weed or grass pollen.",
            "Allergy shots. If you don’t have any luck with medications, allergy shots may help. You’ll go to the allergist every few weeks for the doctor to inject a tiny amount of what’s causing your problem under your skin. After a period of months, your body should get used to the trigger and your symptoms should get better."
        ]
    },
    {
        "name": "Polycythemia Vera",
        "link": "https://symptoms.webmd.com/seasonal-allergy-map-tool/pollen_allergies_overview",
        "causes": [
            "Red",
            "White",
            "Platelets"
        ],
        "symptoms": [
            "Headaches",
            "Double vision",
            "Dark or blind spots in your vision that come and go",
            "Itching all over your body, especially after you've been in warm or hot water",
            "Sweating, especially at night",
            "A red face that looks like sunburn or blushing",
            "Weakness",
            "Dizziness",
            "Weight loss",
            "Shortness of breath",
            "Tingling or burning in your hands or feet",
            "Painful joint swelling"
        ],
        "prevention": [
            "Don't smoke or chew tobacco. Tobacco narrows blood vessels, which can make blood clots more likely.",
            "Get light exercise, such as walking, to help your circulation and keep your heart healthy.",
            "Do leg and ankle exercises to keep clots from forming in the veins of your legs. Your doctor or a physical therapist can show you how.",
            "Bathe or shower in cool water if warm water makes you itch.",
            "Keep your skin moist with lotion, and try not to scratch."
        ]
    },
    {
        "name": "Polymyalgia Rheumatica",
        "link": "https://www.webmd.com/cancer/polycythemia-vera",
        "symptoms": [
            "Severe headaches, the most common symptom",
            "Scalp tenderness",
            "Jaw or facial soreness, especially with chewing",
            "Vision changes or distorted vision that's caused by decreased blood flow to the eye",
            "Stroke (rare)",
            "Fatigue ",
            "Fever",
            "Weight loss",
            "Night sweats",
            "Depression",
            "Feeling ill "
        ] 
    },
    {
        "name": "Polyp",
        "link": "https://www.webmd.com/arthritis/polymyalgia-rheumatica-temporal-arteritis",
        "causes": [
            "Hyperplastic and inflammatory polyps. These usually don’t carry a chance of cancer. But large hyperplastic polyps, especially on the right side of your colon, can be a problem. Your doctor will want to remove them.",
            "Adenomas or adenomatous polyps. These are precancerous. If you leave them alone, they could turn into colon cancer."
        ],
        "symptoms": [
            "A change in your bowel habits that doesn’t go away, such as constipation or diarrhea",
            "A feeling that your bowel hasn’t emptied all the way after you poop",
            "Bleeding from your rectum",
            "Blood on or in your poop",
            "Poop that’s narrower or thinner than usual",
            "Belly discomfort",
            "Stomach cramps",
            "Weight loss with no clear cause",
            "An unusually low number of red blood cells (anemia)",
            "Weakness or fatigue",
            "A lump in your belly or rectum"
        ],
        "prevention": [
            "Tests for blood in your poop once a year",
            "Stool DNA tests every 3 years",
            "Flexible sigmoidoscopy every 5 years",
            "CT colonography (virtual colonoscopy) every 5 years",
            "Colonoscopy every 10 years"
        ]
    },
    {
        "name": "Pompe Disease",
        "link": "https://www.webmd.com/colorectal-cancer/colorectal-polyps-cancer",
        "causes": [
            "Trouble eating and not gaining weight",
            "Poor head and neck control",
            "Rolling over and sitting up later than expected",
            "Breathing problems and lung infections",
            "Enlarged and thickening heart or heart defects",
            "Enlarged liver",
            "Enlarged tongue"
        ],
        "symptoms": [
            "Trouble eating and not gaining weight",
            "Poor head and neck control",
            "Rolling over and sitting up later than expected",
            "Breathing problems and lung infections",
            "Enlarged and thickening heart or heart defects",
            "Enlarged liver",
            "Enlarged tongue"
        ],
        "prevention": [
            "Lumizyme",
            "Myozyme, for babies and children",
            "Nexviazyme, for those 1 year of age and older with late-onset Pompe disease"
        ]
    },
  
    {
        "name": "Posttraumatic Stress Disorder (PTSD)",
        "link": "https://www.webmd.com/depression/postpartum-depression/default.htm",
        "symptoms": [
            "Reliving: People with PTSD repeatedly relive the ordeal through thoughts and memories of the trauma. These may include flashbacks, hallucinations, and nightmares. They also may feel great distress when certain things remind them of the trauma, such as the anniversary date of the event.",
            "Avoiding: The person may avoid people, places, thoughts, or situations that may remind them of the trauma. This can lead to feelings of detachment and isolation from family and friends, as well as a loss of interest in activities that the person once enjoyed.",
            "Increased arousal: These include excessive emotions; problems relating to others, including feeling or showing affection; difficulty falling or staying asleep; irritability; outbursts of anger; difficulty concentrating; and being \"jumpy\" or easily startled. The person may also suffer physical symptoms, such as increased blood pressure and heart rate, rapid breathing, muscle tension, nausea, and diarrhea.",
            "Negative cognitions and mood: This refers to thoughts and feelings related to blame, estrangement, and memories of the traumatic event."
        ],
        "causes": [
            "Selective serotonin reuptake inhibitors (SSRIs) such as citalopram (Celexa), fluvoxamine (Luvox), fluoxetine (Prozac), paroxetine (Paxil), and sertraline (Zoloft)",
            "Tricyclic antidepressants such as amitriptyline (Elavil) and isocarboxazid (Doxepin)",
            "Mood stabilizers such as divalproex (Depakote) and lamotrigine (Lamictal)",
            "Atypical antipsychotics such as aripiprazole (Abilify)  and quetiapine (Seroquel ) "
        ] 
    },
    
    {
        "name": "Postural Tremor",
        "link": "https://www.webmd.com/mental-health/post-traumatic-stress-disorder-ptsd",
        "causes": [
            "Acetazolamide (Diamox), which treats a type of glaucoma and altitude sickness",
            "Buspirone (Buspar) and clonazepam (Klonopin), which are anti-anxiety drugs",
            "Hydroxyzine (Atarax, Vistaril), an antihistamine",
            "Isoniazid (INH), a drug for tuberculosis",
            "Primidone (Mysoline), a seizure medicine",
            "Propranolol (Inderal), which treats heart problems, high blood pressure, and migraines"
        ],
        "prevention": [
            "Braces: These can hold your joint still and stop extra movement. A brace on your ankle or foot can make it easier to walk. They can help control your arm, hand, or neck, too.",
            "Deep brain stimulation: This experimental approach is mostly used for people who have tremors from Parkinson’s disease. A doctor implants electrodes into your brain. Wires connect them to a gadget in your chest. You use it to send your brain signals that stop the tremors.",
            "Medical cannabis: There’s little evidence that cannabis can help with tremors, but study results are mixed and usually only include small numbers of people.",
            "Physical therapy: It can show you exercises that increase your range of motion, improve your posture and balance, and make your body more stable",
            "Speech therapy: If you have tremors in your lips, tongue, or jaw, a health professional can work with you to slow your speech, make it clearer, and control the volume.",
            "Occupational therapist: This person will set you up with special tools called adaptive or assistive devices. They can help you grab things from up high or off the floor, pull up a zipper, or hold a fork more easily.",
            "Weights: Adding extra weight to a body part can help keep it still. You can also add weights to commonly used items like forks, pencils, pens, eating utensils, canes, and walkers."
        ]
    },
    
    {
        "name": "Prediabetes",
        "link": "https://www.webmd.com/diet/supplement-guide-potassium",
        "symptoms": [
            "You're a lot thirstier than usual.",
            "You pee a lot.",
            "Your vision is blurry.",
            "You’re a lot more tired than usual.",
            "You have areas of darker skin in your armpit or on your neck.",
            "You have small skin growths in the same areas."
        ],
        "causes": [
            "Your genes",
            "Excess body fat",
            "Long-term stress",
            "Sleep loss",
            "Lack of exercise",
            "A diet heavy in processed foods",
            "Some hormonal health conditions, such as Cushing's syndrome and hypothyroidism",
            "Some medications, such as steroid drugs used over a long period"
        ],
        "prevention": [
            "Don’t have more than one alcoholic drink a day.",
            "Get regular checkups so your doctor can keep tabs onyour blood sugar.",
            "Take any blood sugar medications just as your doctor prescribes."
        ]
    },
    {
        "name": "Preeclampsia and High Blood Pressure",
        "link": "https://www.webmd.com/diabetes/what-is-prediabetes",
        "symptoms": [
            "Sudden weight gain over 1 or 2 days because of a large increase in bodily fluid",
            "Shoulder pain",
            "Belly pain, especially in the upper right side",
            "Severe headaches",
            "Change in reflexes or mental state",
            "Peeing less or not at all",
            "Dizziness",
            "Trouble breathing",
            "Severe vomiting and nausea",
            "Vision changes like flashing lights, floaters, or blurry vision"
        ],
        "causes": [
            "Gestational hypertension. This is high blood pressure that starts after the 20th week of pregnancy but doesn’t cause high amounts of protein in your urine. It usually goes away after delivery.",
            "Chronic hypertension. This is high blood pressure that starts before you get pregnant or before the 20th week of pregnancy.",
            "Chronic hypertension with superimposed preeclampsia. This is chronic high blood pressure that gets worse as pregnancy goes on, causing more protein in urine and other complications."
        ],
        "prevention": [
            "Lose some weight if you’re overweight",
            "Stop smoking",
            "Exercise regularly",
            "Get your blood pressure or blood sugar under control"
        ]
    },
    
    {
        "name": "Pregnancy, Ectopic",
        "link": "https://www.webmd.com/asthma/pregnancy-asthma",
        "symptoms": [
            "Smoke cigarettes",
            "Are older than 35",
            "Have a sexually transmitted infection",
            "Have scarring from pelvic surgery",
            "Had a previous ectopic pregnancy",
            "Tried to have tubal ligation (tubes tied) or tubal ligation reversal",
            "Had fertility treatments such as in vitro fertilization (IVF)"
        ],
        "causes": [
            "Smoke cigarettes",
            "Are older than 35",
            "Have a sexually transmitted infection",
            "Have scarring from pelvic surgery",
            "Had a previous ectopic pregnancy",
            "Tried to have tubal ligation (tubes tied) or tubal ligation reversal",
            "Had fertility treatments such as in vitro fertilization (IVF)"
        ],
        "prevention": [
            "Pain",
            "Bleeding",
            "Infection"
        ]
    },
    {
        "name": "Pregnancy, Extrauterine",
        "link": "https://www.webmd.com/baby/pregnancy-ectopic-pregnancy",
        "symptoms": [
            "Smoke cigarettes",
            "Are older than 35",
            "Have a sexually transmitted infection",
            "Have scarring from pelvic surgery",
            "Had a previous ectopic pregnancy",
            "Tried to have tubal ligation (tubes tied) or tubal ligation reversal",
            "Had fertility treatments such as in vitro fertilization (IVF)"
        ],
        "causes": [
            "Smoke cigarettes",
            "Are older than 35",
            "Have a sexually transmitted infection",
            "Have scarring from pelvic surgery",
            "Had a previous ectopic pregnancy",
            "Tried to have tubal ligation (tubes tied) or tubal ligation reversal",
            "Had fertility treatments such as in vitro fertilization (IVF)"
        ],
        "prevention": [
            "Pain",
            "Bleeding",
            "Infection"
        ]
    },
    {
        "name": "Pregnancy, Tubal",
        "link": "https://www.webmd.com/baby/pregnancy-ectopic-pregnancy",
        "symptoms": [
            "Smoke cigarettes",
            "Are older than 35",
            "Have a sexually transmitted infection",
            "Have scarring from pelvic surgery",
            "Had a previous ectopic pregnancy",
            "Tried to have tubal ligation (tubes tied) or tubal ligation reversal",
            "Had fertility treatments such as in vitro fertilization (IVF)"
        ],
        "causes": [
            "Smoke cigarettes",
            "Are older than 35",
            "Have a sexually transmitted infection",
            "Have scarring from pelvic surgery",
            "Had a previous ectopic pregnancy",
            "Tried to have tubal ligation (tubes tied) or tubal ligation reversal",
            "Had fertility treatments such as in vitro fertilization (IVF)"
        ],
        "prevention": [
            "Pain",
            "Bleeding",
            "Infection"
        ]
    },
    
    {
        "name": "Premature Infant",
        "link": "https://www.webmd.com/baby/ss/slideshow-fetal-development",
        "symptoms": [
            "Backache, which usually will be in your lower back. This may be constant or come and go, but it won’t ease even if you change positions or do something else for comfort.",
            "Contractions, every 10 minutes or more often, that get faster and more severe",
            "Cramping in your lower abdomen or menstrual-like cramps. These can feel like gas pains that may come with diarrhea.",
            "Fluid leaking from your vagina",
            "Flu-like symptoms such as nausea, vomiting, or diarrhea. Call your doctor even about mild cases. If you can’t tolerate liquids for more than 8 hours, you must see your doctor.",
            "Increased pressure in your pelvis or vagina",
            "Increased vaginal discharge",
            "Vaginal bleeding, including light bleeding"
        ],
        "prevention": [
            "Try to reduce your stress. Set aside some quiet time every day and ask for help when you need it.",
            "Researchers have also found a link between gum disease and preterm birth, so brush and floss your teeth daily.",
            "If you smoke, quit."
        ]
    },
    {
        "name": "Premenstrual Syndrome (PMS)",
        "link": "https://www.webmd.com/baby/premature-labor",
        "symptoms": [
            "Bloated tummy",
            "Cramps",
            "Tender breasts",
            "Hunger",
            "Headache",
            "Muscle aches",
            "Joint pain",
            "Swollen hands and feet",
            "Pimples",
            "Weight gain",
            "Constipation or diarrhea"
        ],
        "causes": [
            "Smoke",
            "Are under lots of stress",
            "Don’t exercise",
            "Don’t sleep enough",
            "Drink too much alcohol or eat too much salt, red meat, or sugar",
            "Are depressed"
        ]
    },
    {
        "name": "Presbyopia",
        "link": "https://www.webmd.com/women/pms/what-is-pms",
        "symptoms": [
            "You need to hold reading material at arm's length",
            "Your vision becomes blurry at a normal reading distance",
            "Headaches or fatigue when working on things close to you"
        ],
        "causes": [
            "Your age. Most people will develop presbyopia as some point, usually between the ages of 40 and 65.",
            "Certain medical conditions. You may develop presbyopia at a younger age, also known as premature presbyopia, if you're dealing with heart disease, diabetes, or multiple sclerosis.",
            "Being farsighted. If you're already experiencing farsightedness, you may develop presbyopia symptoms sooner.",
            "Medications you take. Some drugs can cause presbyopia to start. Examples include antihistamines, antidepressants, and diuretics."
        ],
        "prevention": [
            "Get regular eye exams. Talk to your doctor about how often you need a checkup based on your current vision and age.",
            "Use glasses or contact lenses with the correct prescription. If you need them, keep your contacts and glasses current so you're not straining your eyes doing regular activities.",
            "Protect your eyes when in the sun. Wear sunglasses that block ultraviolet radiation when you go outside for long periods.",
            "Still, let the light in. Good indoor lighting can help you avoid eye strain.",
            "Keep up with treatment of other conditions. If you have high blood pressure, diabetes, or other conditions, your vision may be affected.",
            "Avoid eye injuries. Wear protective eyewear appropriate for your job, sport, or other activities where your eyes could be hurt or exposed to toxic fumes, dust, or other irritants.",
            "Eat healthy. You may have heard that carrots are good for your eyes; they are because they contain beta-carotene, which your body converts into vitamin A. Vitamin A is a nutrient that supports eye health, and it can be found in a variety of fruits and vegetables. Foods with antioxidants also benefit your eyes—try leafy greens like spinach or kale."
        ]
    },
    {
        "name": "Preterm Labor",
        "link": "https://www.webmd.com/eye-health/eye-health-presbyopia-eyes",
        "symptoms": [
            "Backache, which usually will be in your lower back. This may be constant or come and go, but it won’t ease even if you change positions or do something else for comfort.",
            "Contractions, every 10 minutes or more often, that get faster and more severe",
            "Cramping in your lower abdomen or menstrual-like cramps. These can feel like gas pains that may come with diarrhea.",
            "Fluid leaking from your vagina",
            "Flu-like symptoms such as nausea, vomiting, or diarrhea. Call your doctor even about mild cases. If you can’t tolerate liquids for more than 8 hours, you must see your doctor.",
            "Increased pressure in your pelvis or vagina",
            "Increased vaginal discharge",
            "Vaginal bleeding, including light bleeding"
        ],
        "prevention": [
            "Try to reduce your stress. Set aside some quiet time every day and ask for help when you need it.",
            "Researchers have also found a link between gum disease and preterm birth, so brush and floss your teeth daily.",
            "If you smoke, quit."
        ]
    },
   
    {
        "name": "Primary Immunodeficiency",
        "link": "https://www.webmd.com/cancer/understanding-cancer-basics",
        "causes": [
            "Has four or more infections a year in the ears, lungs, skin, eyes, mouth, or private parts",
            "Needs to get antibiotics through an IV for infections",
            "Gets more than one severe, fast-moving illness, like septicemia, a bacterial infection of the blood",
            "Has thrush (a fungal infection in the mouth) that doesn't go away",
            "Antibiotics don't work well",
            "Gets pneumonia more than once a year"
        ],
        "symptoms": [
            "Has four or more infections a year in the ears, lungs, skin, eyes, mouth, or private parts",
            "Needs to get antibiotics through an IV for infections",
            "Gets more than one severe, fast-moving illness, like septicemia, a bacterial infection of the blood",
            "Has thrush (a fungal infection in the mouth) that doesn't go away",
            "Antibiotics don't work well",
            "Gets pneumonia more than once a year"
        ] 
    },
    
    {
        "name": "Pulmonary Arterial Hypertension",
        "link": "https://www.webmd.com/skin-problems-and-treatments/psoriasis/default.htm",
        "causes": [
            "Congestive heart failure",
            "Blood clots in the lungs",
            "HIV",
            "Illegal drug use (like cocaine or methamphetamine)",
            "Liver disease (such as cirrhosis of the liver)",
            "Lupus, scleroderma, rheumatoid arthritis, and other autoimmune diseases",
            "A heart defect you're born with",
            "Lung diseases like emphysema, chronic bronchitis, or pulmonary fibrosis",
            "Sleep apnea"
        ],
        "symptoms": [
            "Chest pain",
            "Fatigue",
            "Passing out",
            "Swelling in your ankles and legs"
        ],
        "prevention": [
            "Pills: ambrisentan (Letairis), bosentan (Tracleer), macitentan (Opsumit), riociguat (Adempas), selexipag (Uptravi), sildenafil (Revatio), tadalafil (Adcirca), treprostinil (Orenitram)",
            "Inhalers: Iloprost tromethamine (Ventavis), treprostinil (Tyvaso)",
            "IV drugs: epoprostenol sodium (Flolan, Veletri), treprostinil (Remodulin)"
        ]
    },
    
    {
        "name": "Paroxysmal Positional Nystagmus",
        "link": "https://www.webmd.com/skin-problems-and-treatments/henoch-schonlein-purpura-causes-symptoms-treatment",
        "causes": [
            "Being passed down from your parents",
            "Other eye issues, like cataracts or strabismus",
            "Diseases like stroke, multiple sclerosis, or Meniere's disease",
            "Head injuries",
            "Albinism (lack of skin pigment)",
            "Inner ear problems",
            "Certain medications, like lithium or drugs for seizures",
            "Alcohol or drug use"
        ],
        "symptoms": [
            "Ear exam",
            "Neurological exam",
            "Brain MRI",
            "Brain CT scan",
            "Recording your eye movement"
        ] 
    },
    {
        "name": "Paroxysmal Sleep",
        "link": "https://www.webmd.com/eye-health/nystagmus",
        "symptoms": [
            "Cataplexy: This can cause problems ranging from slurred speech to total body collapse, depending on the muscles involved. It’s often triggered by intense emotions such as surprise, laughter, or anger.",
            "Hallucinations: These delusions can happen at any time and are often vivid and frightening. They’re mostly visual, but any of the other senses can be involved. If they happen as you’re falling asleep, they’re called hypnagogic hallucinations. If they happen when you’re waking up, they’re called hypnopompic hallucinations.",
            "Sleep paralysis: You may be unable move or speak while falling asleep or waking up. These episodes usually last a few seconds to several minutes.",
            "Disrupted sleep: You might have a hard time staying asleep at night because of things like vivid dreams, breathing problems, or body movements."
        ],
        "causes": [
            "Polysomnogram (PSG): This is done in a sleep disorder clinic or a sleep lab. It’s an overnight test that takes constant measurements while you’re asleep to record problems in your sleep cycle. A PSG can help reveal whether you go into REM sleep at unusual times in your sleep cycle. It can rule out other problems that might be causing your symptoms.",
            "Multiple sleep latency test (MSLT): This is also done at a special clinic or lab. The test takes place during the day to measure your tendency to fall asleep and find out whether certain elements of REM sleep happen at unusual times during the day. You’ll take four or five short naps, usually 2 hours apart.",
            "Lumbar puncture. You get this procedure, sometimes called a spinal tap, in a hospital or outpatient facility. A doctor or nurse uses a needle to remove a small amount of spinal fluid from your back. The fluid is then tested to check the levels of hypocretin. Low levels could mean you have narcolepsy."
        ],
        "prevention": [
            "Stimulants to treat sleepiness",
            "Antidepressants to treat problems with REM sleep",
            "Sodium oxybate (Xyrem, Xywav) to treat cataplexy",
            "Pitolisant (Wakix) or Solriamfetol (Sunosi) to help you stay awake for longer periods"
        ]
    },
    {
        "name": "Pfeiffer Syndrome Type I",
        "link": "https://www.webmd.com/sleep-disorders/narcolepsy",
        "causes": [
            "A beaked-shaped nose",
            "Crowded, crooked teeth",
            "Eyes that appear larger and set wider apart than normal",
            "A head that’s short from front to back",
            "A high forehead",
            "A very small upper jaw"
        ],
        "symptoms": [
            "A beaked-shaped nose",
            "Crowded, crooked teeth",
            "Eyes that appear larger and set wider apart than normal",
            "A head that’s short from front to back",
            "A high forehead",
            "A very small upper jaw"
        ],
        "prevention": [
            "Your child can wear a special mask while sleeping. It’s called a “continuous positive airway pressure mask” -- CPAP for short. This is a standard treatment for sleep apnea.",
            "Midface surgery can help remove blockages.",
            "A surgeon can remove the tonsils or adenoids (tissues in the back of the nose that help fight infection)."
        ]
    },
    {
        "name": "Phakomatosis TS",
        "link": "https://www.webmd.com/children/what-is-pfeiffer-syndrome",
        "causes": [
            "Seizures, which can be mild at first",
            "Behavior changes, such as temper tantrums, anxiety, or sleep problems",
            "Nausea or headaches",
            "Problems such as autism and developmental delays"
        ],
        "symptoms": [
            "Seizures, which can be mild at first",
            "Behavior changes, such as temper tantrums, anxiety, or sleep problems",
            "Nausea or headaches",
            "Problems such as autism and developmental delays"
        ] 
    },
    {
        "name": "Pharmacogenic Myopathy",
        "link": "https://www.webmd.com/children/tuberous-sclerosis",
        "causes": [
            "Chlorpromazine (Thorazine)",
            "Fluphenazine (Prolixin)",
            "Haloperidol (Haldol)",
            "Loxapine (Loxitane)",
            "Perphenazine (Etrafon)",
            "Thioridazine (Mellaril)"
        ],
        "symptoms": [
            "High fever (102 to 104 F)",
            "Muscle stiffness",
            "Sweating a lot",
            "Anxiety or other changes in mental state",
            "Fast or abnormal heartbeat",
            "Quick breathing",
            "More saliva than usual"
        ],
        "prevention": [
            "Drugs that relax tight muscles, such as dantrolene (Dantrium)",
            "Parkinson's disease drugs that make your body produce more dopamine, such as amantadine (Symmetrel) or bromocriptine (Parlodel)"
        ]
    },
    {
        "name": "Phenylketonuria (PKU)",
        "link": "https://www.webmd.com/schizophrenia/what-is-neuroleptic-malignant-syndrome",
        "prevention": [
            "Dairy",
            "Eggs",
            "Meat, poultry, and fish",
            "Nuts",
            "Beans",
            "Foods or drinks with the artificial sweetener aspartame"
        ]
    },
    
    {
        "name": "Physical Urticaria, Cholinergic Type",
        "link": "https://www.webmd.com/pain-management/what-is-physical-therapy",
        "causes": [
            "Apply cool compresses or wet cloths to the affected areas.",
            "Try to work and sleep in a cool room.",
            "Wear loose-fitting lightweight clothes."
        ],
        "prevention": [
            "Apply cool compresses or wet cloths to the affected areas.",
            "Try to work and sleep in a cool room.",
            "Wear loose-fitting lightweight clothes."
        ]
    },
    {
        "name": "PI",
        "link": "https://www.webmd.com/skin-problems-and-treatments/hives-urticaria-angioedema",
        "symptoms": [
            "Wheezing or whistling sounds when you breathe",
            "Having colds often ",
            "Feeling tired",
            "A fast heartbeat when you stand up",
            "Weight loss"
        ],
        "prevention": [
            "Gene therapy. This involves replacing the faulty gene responsible for AAT deficiency with a healthy one. Research into gene therapy for AAT deficiency has been mixed. The results of one study showed the treatment is safe and worked to keep AAT levels in the normal range. But the results of another study showed lower AAT levels.",
            "Stem cell therapy. This treatment replaces damaged cells with healthy stem cells. The stem cells come from people with AAT, which scientists use to study and create treatments for the disease.",
            "Small molecule therapy. These are drugs that target specific molecules involved in disease. In AAT deficiency, they could help slow liver damage by stopping the protein from building up in liver cells. This type of therapy shows promise but needs more research."
        ]
    },
    {
        "name": "Pick's Disease",
        "link": "https://www.webmd.com/lung/copd/alpha-1-antitrypsin-deficiency-rare",
        "causes": [
            "Act aggressively toward others",
            "Be uninterested in everyday activities",
            "Be very aware of everything you do all the time",
            "Feel irritable or agitated",
            "Have drastic and quick mood swings",
            "Have trouble feeling warmth, sympathy, or concern for others",
            "Have trouble with unplanned activities",
            "Make rash decisions",
            "Repeat actions over and over",
            "Say and do inappropriate things"
        ],
        "symptoms": [
            "Act aggressively toward others",
            "Be uninterested in everyday activities",
            "Be very aware of everything you do all the time",
            "Feel irritable or agitated",
            "Have drastic and quick mood swings",
            "Have trouble feeling warmth, sympathy, or concern for others",
            "Have trouble with unplanned activities",
            "Make rash decisions",
            "Repeat actions over and over",
            "Say and do inappropriate things"
        ] 
    },
    
    {
        "name": "Pilonidal Disease",
        "link": "https://www.webmd.com/teens/teen-girls-body-ear-piercing",
        "causes": [
            "Pain, redness, and swelling at the bottom of the spine",
            "Pus or blood draining out of it",
            "Bad smell from the pus",
            "Tenderness to the touch",
            "Fever"
        ],
        "symptoms": [
            "Pain, redness, and swelling at the bottom of the spine",
            "Pus or blood draining out of it",
            "Bad smell from the pus",
            "Tenderness to the touch",
            "Fever"
        ],
        "prevention": [
            "Try to keep the area clean.",
            "Check for any signs of a new infection, such as redness, pus, or pain.",
            "Keep your follow-up appointments with your doctor so they can see how your cyst is healing."
        ]
    },
    {
        "name": "Pneumonia",
        "link": "https://www.webmd.com/skin-problems-and-treatments/pilondial-cyst",
        "symptoms": [
            "Chest pain when you breathe or cough",
            "Cough that produces phlegm or mucus",
            "Fatigue and loss of appetite",
            "Fever, sweating, and chills",
            "Nausea, vomiting, and diarrhea",
            "Shortness of breath"
        ],
        "causes": [
            "Flu viruses",
            "Cold viruses",
            "RSV virus (the top cause of pneumonia in babies age 1 or younger)",
            "Bacteria called Streptococcus pneumoniae and Mycoplasma pneumoniae"
        ],
        "prevention": [
            "What Is Pneumonia?",
            "Symptoms",
            "Types",
            "Complications",
            "Reducing Your Risk",
            "How to Feel Better",
            "Pneumonia or Bronchitis?"
        ]
    },
    {
        "name": "Polycystic Ovary Syndrome (PCOS)",
        "link": "https://www.webmd.com/lung/understanding-pneumonia-basics",
        "symptoms": [
            "Hair loss. PCOS can cause the hair on your head to get thinner, especially if you're middle-aged or older.",
            "Excess face and body hair (hirsutism). At the same time, hair may grow in places you don’t want it, like your face, chest, belly, arms, fingers, and toes.",
            "Oily skin. Extra androgens can lead to oilier skin.",
            "Acne. You might have breakouts on your face, chest, and/or back.",
            "Darkened skin. Patches of skin that look darker than the surrounding area can show up under your breasts or arms, or on your neck.",
            "Skin tags. These little flaps of excess skin most often appear on your neck or armpits.",
            "PCOS pain. You may have pain in your lower-belly (pelvic) area during your period and occasionally at other times.",
            "Weight gain (PCOS belly). About 50% of those with PCOS have weight gain, especially in the abdominal (belly) area.",
            "Ovarian cysts. When you have an ultrasound, your doctor might notice that your ovaries look bigger or have lots of egg sac cysts (follicles).",
            "Mood changes. PCOS raises your risk of mood swings and feelings of depression or anxiety. This can be caused by hormonal changes as well as the strain of dealing with PCOS symptoms."
        ],
        "causes": [
            "Excess weight. The link between weight and PCOS is complicated. Weight gain plays a role in the development of the condition. But PCOS can alsocontribute to weight gain.",
            "High levels of androgens. This condition, called hyperandrogenism, affects most people with PCOS.",
            "Insulin resistance. Extra insulin can affect your ovaries and their ability to release eggs (ovulate). It can also make it easier to gain weight and harder to lose it.",
            "Long-term, low-grade inflammation. This also contributes to your body's overproduction of androgens."
        ],
        "prevention": [
            "Hormonal birth control. If you aren’t planning to get pregnant, your doctor might prescribe hormonal birth control, such as the patch, pill, shot, or hormonal IUD. They might contain estrogen, progesterone, or both. They can get your periods on track, help with acne and extra body hair, and lower your risk of endometrial cancer.",
            "Progestin therapy. This hormone can help normalize your menstrual cycle and reduce your odds of uterine cancer. It doesn't prevent pregnancy or reduce levels of androgens.",
            "Insulin-sensitizing medications. Metformin, a drug used to treat type 2 diabetes, helps lower insulin and androgen levels. While it's not FDA-approved to treat PCOS, it can help with ovulation and period problems.",
            "Androgen blockers. These drugs block the effects of the extra male hormones that cause issues such as unwanted hair growth and acne. But don't take them if you're pregnant or plan to get pregnant, because they can cause birth defects. While you're on them, you should use two different types of birth control."
        ]
    },
    {
        "name": "Polymyositis",
        "link": "https://www.webmd.com/women/what-is-pcos",
        "causes": [
            "Lupus",
            "Rheumatoid arthritis",
            "Scleroderma",
            "Sjogren’s syndrome"
        ],
        "symptoms": [
            "Muscle aches",
            "Fever",
            "Weight loss",
            "Fatigue",
            "Joint pain",
            "Trouble breathing"
        ],
        "prevention": [
            "Physical therapy. A physical therapist will guide you through helpful exercises. These exercises will make you stronger and help you move better. ",
            "Speech therapy. Polymyositis can weaken the muscles you use to speak. A speech therapist can help with your pronunciation so you can speak more clearly.",
            "Dietetic assessment. Over time, muscle weakness can make it difficult to chew and swallow. A nutritionist or registered dietitian can help you plan soft and nutritious meals."
        ]
    },
    {
        "name": "Pornography Addiction",
        "link": "https://www.webmd.com/arthritis/polymyositis",
        "causes": [
            "A brain chemical imbalance. Chemicals like serotonin and norepinephrine control your moods. High levels are often tied to compulsive sexual behavior, like heavy porn use.",
            "Brain pathway changes. If you do get addicted, it could change the way circuits in your brain work. An addiction means you’ll have to view porn over and over again to get the same level of enjoyment.",
            "Brain disease. Conditions like epilepsy and dementia, and treatment for Parkinson’s with dopamine, can damage the part of your brain that controls sexual behavior."
        ],
        "prevention": [
            "Cognitive behavioral therapy (CBT) a type of psychotherapy or talk therapy. You’ll work with a mental health professional to identify problem areas in your life and learn ways to overcome them.",
            "Acceptance and commitment therapy is a form of CBT that emphasizes accepting your thoughts and urges and a committing to actions that are more in line with other values.",
            "Psychodynamic psychotherapy focuses on becoming more aware of unconscious thoughts and behaviors, learning about your motivations, and resolving conflicts."
        ]
    },
   
    {
        "name": "PPH",
        "link": "https://www.webmd.com/a-to-z-guides/pet-scan",
        "causes": [
            "Congestive heart failure",
            "Blood clots in the lungs",
            "HIV",
            "Illegal drug use (like cocaine or methamphetamine)",
            "Liver disease (such as cirrhosis of the liver)",
            "Lupus, scleroderma, rheumatoid arthritis, and other autoimmune diseases",
            "A heart defect you're born with",
            "Lung diseases like emphysema, chronic bronchitis, or pulmonary fibrosis",
            "Sleep apnea"
        ],
        "symptoms": [
            "Chest pain",
            "Fatigue",
            "Passing out",
            "Swelling in your ankles and legs"
        ],
        "prevention": [
            "Pills: ambrisentan (Letairis), bosentan (Tracleer), macitentan (Opsumit), riociguat (Adempas), selexipag (Uptravi), sildenafil (Revatio), tadalafil (Adcirca), treprostinil (Orenitram)",
            "Inhalers: Iloprost tromethamine (Ventavis), treprostinil (Tyvaso)",
            "IV drugs: epoprostenol sodium (Flolan, Veletri), treprostinil (Remodulin)"
        ]
    },
    
    {
        "name": "Prader Willi Syndrome",
        "link": "https://www.webmd.com/children/vaccines/polio-vaccine-ipv",
        "causes": [
            "Poor muscle tone or limbs that hang loosely when you hold them",
            "Inability to suck or nurse well, so they gain weight slowly",
            "Eyes that cross or wander",
            "Appearance of being tired all the time",
            "Weak or soft cry",
            "Poor response to you"
        ],
        "symptoms": [
            "Poor muscle tone or limbs that hang loosely when you hold them",
            "Inability to suck or nurse well, so they gain weight slowly",
            "Eyes that cross or wander",
            "Appearance of being tired all the time",
            "Weak or soft cry",
            "Poor response to you"
        ],
        "prevention": [
            "Babies: High-calorie formula may help an infant stay at a healthy weight if they can't eat well because of weak muscle tone. You also can use special nipples or a Gavage feeding tube, which puts breast milk or formula directly in your baby's stomach, to make sure they get enough food.",
            "Older kids and teens: Set clear limits on how and when your child eats to avoid too much weight gain. A low-calorie, balanced diet and lots of exercise can help them stay at a healthy weight. Some kids with PWS may need to take extra vitamin D or calcium."
        ]
    },
    {
        "name": "Prader-Labhart-Willi Fancone Syndrome",
        "link": "https://www.webmd.com/parenting/baby/prader-willi-syndrome",
        "causes": [
            "Poor muscle tone or limbs that hang loosely when you hold them",
            "Inability to suck or nurse well, so they gain weight slowly",
            "Eyes that cross or wander",
            "Appearance of being tired all the time",
            "Weak or soft cry",
            "Poor response to you"
        ],
        "symptoms": [
            "Poor muscle tone or limbs that hang loosely when you hold them",
            "Inability to suck or nurse well, so they gain weight slowly",
            "Eyes that cross or wander",
            "Appearance of being tired all the time",
            "Weak or soft cry",
            "Poor response to you"
        ],
        "prevention": [
            "Babies: High-calorie formula may help an infant stay at a healthy weight if they can't eat well because of weak muscle tone. You also can use special nipples or a Gavage feeding tube, which puts breast milk or formula directly in your baby's stomach, to make sure they get enough food.",
            "Older kids and teens: Set clear limits on how and when your child eats to avoid too much weight gain. A low-calorie, balanced diet and lots of exercise can help them stay at a healthy weight. Some kids with PWS may need to take extra vitamin D or calcium."
        ]
    },
    
    {
        "name": "Prealbumin Tyr-77 Amyloidosis",
        "link": "https://www.webmd.com/mental-health/features/medicine-integrate-spiritual-religious-practice",
        "causes": [
            "Changes in skin color",
            " Severe fatigue",
            "Feeling of fullness",
            " Joint pain ",
            "Low red blood cell count (anemia)",
            "Shortness of breath",
            "Swelling of the tongue ",
            "Tingling and numbness in legs and feet",
            "Weak hand grip",
            "Severe weakness ",
            "Sudden weight loss "
        ],
        "symptoms": [
            "Changes in skin color",
            " Severe fatigue",
            "Feeling of fullness",
            " Joint pain ",
            "Low red blood cell count (anemia)",
            "Shortness of breath",
            "Swelling of the tongue ",
            "Tingling and numbness in legs and feet",
            "Weak hand grip",
            "Severe weakness ",
            "Sudden weight loss "
        ],
        "prevention": [
            "High-dose chemotherapy with stem cell transplant can help remove the substance that leads to amyloid formation in some people with primary AL amyloidosis. Chemotherapy medicines alone may be used to treat other patients with primary AL amyloidosis.",
            "Secondary (AA) amyloidosis is treated by controlling the underlying disorder and with powerful anti-inflammatory medicines called steroids, which fight inflammation.",
            "A liver transplant may treat the disease if you have certain types of hereditary amyloidosis.",
            "New therapies can slow the production of the abnormal protein TTR.",
            "Your doctor might also recommend a kidney transplant."
        ]
    },
    {
        "name": "Precocious Puberty",
        "link": "https://www.webmd.com/cancer/lymphoma/amyloidosis-symptoms-causes-treatments",
        "symptoms": [
            "Breasts start to grow (often the first sign)",
            "Menstruation (typically not until 2-3 years after the earlier symptoms start)"
        ],
        "causes": [
            "Tumors and other growths, which are often noncancerous (benign)",
            "Brain injury, either from surgery or a blow to the head, that affects hormonal balances",
            "Genetic conditions",
            "Seriously underactive thyroid"
        ],
        "prevention": [
            "Watchful waiting. In many cases, your doctor won't be able to find a cause. They may suggest watching your kid for a few months.",
            "GnRH analogue therapy. If your child has central precocious puberty and no other conditions, the doctor may suggest GnRH analogue therapy. This is a medication your child gets once a month in a shot, until they reach the normal age for puberty. It stops sexual development while they take it.",
            "Histrelin implant (Vantas). Your child would need a minor surgery to get this implant. The doctor puts it under the skin of the inside part of their upper arm. It also delays development but doesn't require monthly shots. The implant lasts a year.",
            "Treatment of another condition. If your kid has a condition that's causing precocious puberty, treating that will usually stop it."
        ]
    },
    {
        "name": "Pregnancy, Cervical",
        "link": "https://www.webmd.com/children/precocious-puberty",
        "symptoms": [
            "Smoke cigarettes",
            "Are older than 35",
            "Have a sexually transmitted infection",
            "Have scarring from pelvic surgery",
            "Had a previous ectopic pregnancy",
            "Tried to have tubal ligation (tubes tied) or tubal ligation reversal",
            "Had fertility treatments such as in vitro fertilization (IVF)"
        ],
        "causes": [
            "Smoke cigarettes",
            "Are older than 35",
            "Have a sexually transmitted infection",
            "Have scarring from pelvic surgery",
            "Had a previous ectopic pregnancy",
            "Tried to have tubal ligation (tubes tied) or tubal ligation reversal",
            "Had fertility treatments such as in vitro fertilization (IVF)"
        ],
        "prevention": [
            "Pain",
            "Bleeding",
            "Infection"
        ]
    },
    {
        "name": "Pregnancy-Induced Hypertension",
        "link": "https://www.webmd.com/baby/pregnancy-ectopic-pregnancy",
        "symptoms": [
            "Sudden weight gain over 1 or 2 days because of a large increase in bodily fluid",
            "Shoulder pain",
            "Belly pain, especially in the upper right side",
            "Severe headaches",
            "Change in reflexes or mental state",
            "Peeing less or not at all",
            "Dizziness",
            "Trouble breathing",
            "Severe vomiting and nausea",
            "Vision changes like flashing lights, floaters, or blurry vision"
        ],
        "causes": [
            "Gestational hypertension. This is high blood pressure that starts after the 20th week of pregnancy but doesn’t cause high amounts of protein in your urine. It usually goes away after delivery.",
            "Chronic hypertension. This is high blood pressure that starts before you get pregnant or before the 20th week of pregnancy.",
            "Chronic hypertension with superimposed preeclampsia. This is chronic high blood pressure that gets worse as pregnancy goes on, causing more protein in urine and other complications."
        ],
        "prevention": [
            "Lose some weight if you’re overweight",
            "Stop smoking",
            "Exercise regularly",
            "Get your blood pressure or blood sugar under control"
        ]
    },
    {
        "name": "Premature Ejaculation",
        "link": "https://www.webmd.com/baby/what-is-preeclampsia",
        "causes": [
            "Stress",
            "Depression",
            "Anxiety",
            "Guilt",
            "Relationship problems",
            "Lack of confidence or poor body image",
            "Concern over your sexual performance",
            "Negative feelings about the idea of sex (sexual repression)",
            "Early sexual experiences",
            "Sexual abuse"
        ],
        "prevention": [
            "Antidepressants.  A side effect of some selective serotonin reuptake inhibitors (SSRIs) is delayed orgasm. But these medications also have side effects that include nausea and drowsiness. They also can throw a wet blanket on your desire to have sex. So, you may be trading one problem for another. You and your doctor will decide what’s right for you.",
            "Tramadol. This is a pain reliever that can delay ejaculation. It may be prescribed if antidepressants don’t help. This medicine is addictive, so it may not be an option for you.",
            "Medications for erectile dysfunction. These drugs may also help you maintain an erection. They include sildenafil citrate (Viagra), tadalafil (Cialis), or vardenafil HCI (Levitra)."
        ]
    },
    {
        "name": "Premature Ovarian Failure",
        "link": "https://www.webmd.com/sex/what-is-premature-ejaculation",
        "causes": [
            "Autoimmune disorders",
            "Chemotherapy and radiation therapy",
            "Genetic and chromosomal disorders, including Fragile X syndrome and Turner syndrome",
            "Viral infections"
        ],
        "symptoms": [
            "Hot flashes",
            "Night sweats",
            "Anxiety, depression, or mood swings",
            "Concentration or memory problems",
            "Your sex drive isn’t what it used to be",
            "Trouble sleeping",
            "Vaginal dryness, which can make sex uncomfortable"
        ] 
    },
    {
        "name": "Premature Senility Syndrome",
        "link": "https://www.webmd.com/menopause/premature-ovarian-failure",
        "symptoms": [
            "Slow height and weight growth",
            "A bigger head",
            "Large eyes, which they can’t close all the way",
            "A small lower jaw",
            "A thin nose with a \"beaked\" tip",
            "Ears that stick out",
            "Veins you can see",
            "Slow and abnormal tooth growth",
            "A high-pitched voice",
            "Loss of body fat and muscle",
            "Hair loss, including eyelashes and eyebrows",
            "Thin, wrinkled skin that shows spots"
        ]  
    },
   
    {
        "name": "Presenile Tremor Syndrome",
        "link": "https://www.webmd.com/healthy-aging/staying-healthy",
        "causes": [
            "Shaking for brief periods of time that you can’t control",
            "Shaking voice",
            "Nodding head",
            "Tremors that get worse during emotional stress",
            "Tremors that get worse when you move on purpose",
            "Tremors that lessen with rest",
            "Balance problems (in rare cases)"
        ],
        "symptoms": [
            "Shaking for brief periods of time that you can’t control",
            "Shaking voice",
            "Nodding head",
            "Tremors that get worse during emotional stress",
            "Tremors that get worse when you move on purpose",
            "Tremors that lessen with rest",
            "Balance problems (in rare cases)"
        ] 
    },
    {
        "name": "Pressure Sores",
        "link": "https://www.webmd.com/brain/essential-tremor-basics",
        "causes": [
            "Head (where it rests against the pillow)",
            "Shoulder blades",
            "Hips",
            "Tailbone and butt",
            "Back of the knees",
            "Ankles",
            "Heels"
        ],
        "symptoms": [
            "When did the sore appear?",
            "Does it hurt?",
            "How often do you change positions?",
            "Have you ever had a pressure sore before?"
        ] 
    },
   
    {
        "name": "Preventing Poisoning in Young Children",
        "link": "https://www.webmd.com/a-to-z-guides/health-topics",
        "symptoms": [
            "A hard time breathing",
            "A hard time speaking",
            "Dizziness",
            "Unconsciousness",
            "Foaming or burning of the mouth",
            "Cramps",
            "Nausea",
            "Vomiting"
        ],
        "causes": [
            "Keep all medicines in their original containers, which usually have child safety caps. Nothing is childproof. ",
            "Store medicines high up, where children cannot reach or see. For dangerous medicines, consider locks on the cabinet.",
            "Children who crawl eat anything they find on the floor. If you drop a pill, don't stop looking until you find it.",
            "Get rid of unused medicines, using safe disposal methods.",
            "Know basic first aid and have the poison control center number available.",
            "If medication is dropped or spilled, sweep and/or vacuum the area to be sure no medicine was left out."
        ],
        "prevention": [
            "Keep chemical products in their original bottles or containers, which often have child safety lids or caps.",
            "Never use food containers to store cleaning or cosmetic products.",
            "Never leave children alone with household products or drugs. Use bathroom cleaners, drain cleaners, and other hazardous chemicals when children are away.",
            "Return household products and drugs to their storage place after use. Never leave them out where children can reach them."
        ]
    },
    {
        "name": "Primary Amyloidosis",
        "link": "https://www.webmd.com/children/what-are-common-causes-poisoning-in-children",
        "causes": [
            "Changes in skin color",
            " Severe fatigue",
            "Feeling of fullness",
            " Joint pain ",
            "Low red blood cell count (anemia)",
            "Shortness of breath",
            "Swelling of the tongue ",
            "Tingling and numbness in legs and feet",
            "Weak hand grip",
            "Severe weakness ",
            "Sudden weight loss "
        ],
        "symptoms": [
            "Changes in skin color",
            " Severe fatigue",
            "Feeling of fullness",
            " Joint pain ",
            "Low red blood cell count (anemia)",
            "Shortness of breath",
            "Swelling of the tongue ",
            "Tingling and numbness in legs and feet",
            "Weak hand grip",
            "Severe weakness ",
            "Sudden weight loss "
        ],
        "prevention": [
            "High-dose chemotherapy with stem cell transplant can help remove the substance that leads to amyloid formation in some people with primary AL amyloidosis. Chemotherapy medicines alone may be used to treat other patients with primary AL amyloidosis.",
            "Secondary (AA) amyloidosis is treated by controlling the underlying disorder and with powerful anti-inflammatory medicines called steroids, which fight inflammation.",
            "A liver transplant may treat the disease if you have certain types of hereditary amyloidosis.",
            "New therapies can slow the production of the abnormal protein TTR.",
            "Your doctor might also recommend a kidney transplant."
        ]
    },
    {
        "name": "Primary Biliary Cirrhosis (PBC)",
        "link": "https://www.webmd.com/cancer/lymphoma/amyloidosis-symptoms-causes-treatments",
        "causes": [
            "Yellow skin and eyes (jaundice)",
            "Swollen feet and ankles",
            "Pain and swelling in your abdomen",
            "Bone, muscle, or joint pain",
            "Darkened skin"
        ],
        "symptoms": [
            "Yellow skin and eyes (jaundice)",
            "Swollen feet and ankles",
            "Pain and swelling in your abdomen",
            "Bone, muscle, or joint pain",
            "Darkened skin"
        ] 
    },
    
    {
        "name": "Primary Cutaneous Amyloidosis",
        "link": "https://www.webmd.com/children/default.htm",
        "causes": [
            "Changes in skin color",
            " Severe fatigue",
            "Feeling of fullness",
            " Joint pain ",
            "Low red blood cell count (anemia)",
            "Shortness of breath",
            "Swelling of the tongue ",
            "Tingling and numbness in legs and feet",
            "Weak hand grip",
            "Severe weakness ",
            "Sudden weight loss "
        ],
        "symptoms": [
            "Changes in skin color",
            " Severe fatigue",
            "Feeling of fullness",
            " Joint pain ",
            "Low red blood cell count (anemia)",
            "Shortness of breath",
            "Swelling of the tongue ",
            "Tingling and numbness in legs and feet",
            "Weak hand grip",
            "Severe weakness ",
            "Sudden weight loss "
        ],
        "prevention": [
            "High-dose chemotherapy with stem cell transplant can help remove the substance that leads to amyloid formation in some people with primary AL amyloidosis. Chemotherapy medicines alone may be used to treat other patients with primary AL amyloidosis.",
            "Secondary (AA) amyloidosis is treated by controlling the underlying disorder and with powerful anti-inflammatory medicines called steroids, which fight inflammation.",
            "A liver transplant may treat the disease if you have certain types of hereditary amyloidosis.",
            "New therapies can slow the production of the abnormal protein TTR.",
            "Your doctor might also recommend a kidney transplant."
        ]
    },
    {
        "name": "Pudendal Neuralgia",
        "link": "https://www.webmd.com/cancer/lymphoma/amyloidosis-symptoms-causes-treatments",
        "causes": [
            "A sharp or burning pain",
            "More sensitivity",
            "Numbness or a pins-and-needles feeling, like when your leg falls asleep",
            "A swollen feeling"
        ],
        "symptoms": [
            "A sharp or burning pain",
            "More sensitivity",
            "Numbness or a pins-and-needles feeling, like when your leg falls asleep",
            "A swollen feeling"
        ] 
    },
    {
        "name": "Pulmonary Arterial Hypertension",
        "link": "https://www.webmd.com/pain-management/pudendal-neuralgia",
        "causes": [
            "Congestive heart failure",
            "Blood clots in the lungs",
            "HIV",
            "Illegal drug use (like cocaine or methamphetamine)",
            "Liver disease (such as cirrhosis of the liver)",
            "Lupus, scleroderma, rheumatoid arthritis, and other autoimmune diseases",
            "A heart defect you're born with",
            "Lung diseases like emphysema, chronic bronchitis, or pulmonary fibrosis",
            "Sleep apnea"
        ],
        "symptoms": [
            "Chest pain",
            "Fatigue",
            "Passing out",
            "Swelling in your ankles and legs"
        ],
        "prevention": [
            "Pills: ambrisentan (Letairis), bosentan (Tracleer), macitentan (Opsumit), riociguat (Adempas), selexipag (Uptravi), sildenafil (Revatio), tadalafil (Adcirca), treprostinil (Orenitram)",
            "Inhalers: Iloprost tromethamine (Ventavis), treprostinil (Tyvaso)",
            "IV drugs: epoprostenol sodium (Flolan, Veletri), treprostinil (Remodulin)"
        ]
    },
    {
        "name": "Pulmonary Embolism",
        "link": "https://www.webmd.com/lung/pulmonary-arterial-hypertension",
        "prevention": [
            "Maintain a healthy weight.",
            "If you plan to take hormones, like birth control or replacement therapy, talk to your doctor about your risk for blood clots.",
            "If you have other health issues, like diabetes or heart failure, take your meds, watch what you eat, and talk to your doctor about any changes.",
            "Also talk to your doctor if you have a history of kidney disease or certain autoimmune diseases, or a family history of blood clots",
            "If you smoke, quit."
        ]
    },
    {
        "name": "Pulmonary Hypertension, Primary",
        "link": "https://www.webmd.com/lung/what-is-a-pulmonary-embolism",
        "causes": [
            "Congestive heart failure",
            "Blood clots in the lungs",
            "HIV",
            "Illegal drug use (like cocaine or methamphetamine)",
            "Liver disease (such as cirrhosis of the liver)",
            "Lupus, scleroderma, rheumatoid arthritis, and other autoimmune diseases",
            "A heart defect you're born with",
            "Lung diseases like emphysema, chronic bronchitis, or pulmonary fibrosis",
            "Sleep apnea"
        ],
        "symptoms": [
            "Chest pain",
            "Fatigue",
            "Passing out",
            "Swelling in your ankles and legs"
        ],
        "prevention": [
            "Pills: ambrisentan (Letairis), bosentan (Tracleer), macitentan (Opsumit), riociguat (Adempas), selexipag (Uptravi), sildenafil (Revatio), tadalafil (Adcirca), treprostinil (Orenitram)",
            "Inhalers: Iloprost tromethamine (Ventavis), treprostinil (Tyvaso)",
            "IV drugs: epoprostenol sodium (Flolan, Veletri), treprostinil (Remodulin)"
        ]
    },
    {
        "name": "Pulmonary Hypertension, Secondary",
        "link": "https://www.webmd.com/lung/pulmonary-arterial-hypertension",
        "causes": [
            "Congestive heart failure",
            "Blood clots in the lungs",
            "HIV",
            "Illegal drug use (like cocaine or methamphetamine)",
            "Liver disease (such as cirrhosis of the liver)",
            "Lupus, scleroderma, rheumatoid arthritis, and other autoimmune diseases",
            "A heart defect you're born with",
            "Lung diseases like emphysema, chronic bronchitis, or pulmonary fibrosis",
            "Sleep apnea"
        ],
        "symptoms": [
            "Chest pain",
            "Fatigue",
            "Passing out",
            "Swelling in your ankles and legs"
        ],
        "prevention": [
            "Pills: ambrisentan (Letairis), bosentan (Tracleer), macitentan (Opsumit), riociguat (Adempas), selexipag (Uptravi), sildenafil (Revatio), tadalafil (Adcirca), treprostinil (Orenitram)",
            "Inhalers: Iloprost tromethamine (Ventavis), treprostinil (Tyvaso)",
            "IV drugs: epoprostenol sodium (Flolan, Veletri), treprostinil (Remodulin)"
        ]
    },
    {
        "name": "Pulmonary Lymphangiomyomatosis",
        "link": "https://www.webmd.com/lung/pulmonary-arterial-hypertension",
        "causes": [
            "Chylous ascites: The flow of lymph is blocked by errant muscle cells. Chyle (milky lymph fluid) builds up in the belly.",
            "Angiomyolipomas: Noncancerous tumors may grow in the liver or kidneys. These can cause pain, bleeding, or kidney failure."
        ],
        "symptoms": [
            "Chylous ascites: The flow of lymph is blocked by errant muscle cells. Chyle (milky lymph fluid) builds up in the belly.",
            "Angiomyolipomas: Noncancerous tumors may grow in the liver or kidneys. These can cause pain, bleeding, or kidney failure."
        ],
        "prevention": [
            "Progesterone",
            "Tamoxifen (Nolvadex, Soltamox)",
            "Synthetic luteinizing hormone-releasing hormones (Leuprolide, Lupron)"
        ]
    },
    {
        "name": "Pump Lung",
        "link": "https://www.webmd.com/lung/lam-lung-disease-lymphangioleiomyomatosis",
        "causes": [
            "Pneumonia",
            "Bleeding that makes you need a transfusion",
            "Inflamed pancreas",
            "Drug overdose",
            "Near-drowning",
            "Burns",
            "Reactions to medications",
            "Breathing food into your lungs (aspiration)"
        ],
        "symptoms": [
            "Shortness of breath",
            "Low blood pressure",
            "Unusually fast breathing",
            "Fast heartbeat",
            "Cough",
            "Fever",
            "Chest pain, especially when breathing deeply",
            "Confusion and exhaustion",
            "Blue-tinted lips or nails from lack of oxygen in your blood",
            "Dizziness"
        ],
        "prevention": [
            "Nutrition and medicine through fluids injected into your blood",
            "Medication to prevent bleeding and blood clots",
            "Medication to keep you calm and comfortable"
        ]
    },
    {
        "name": "Pure Cutaneous Histiocytosis",
        "link": "https://www.webmd.com/lung/ards-acute-respiratory-distress-syndrome",
        "symptoms": [
            "X-rays of your lungs and bones",
            "Bone marrow biopsy to look for signs of LCH",
            "Blood chemistry test to check your kidneys, liver, thyroid, and immune system",
            "MRIs and PET and CT scans to get detailed images of your body",
            "Urinalysis to check levels of red and white cells, protein, and sugar in your pee"
        ],
        "causes": [
            "Smoking",
            "Parents who were exposed to environmental toxins, like benzene or wood dust",
            "Infections as a newborn",
            "Family history of thyroid disease"
        ],
        "prevention": [
            "Low-dose radiation to targeted part of the body",
            "Surgery to remove LCH lesions",
            "Steroids like prednisone or anti-inflammatory drugs",
            "Ultraviolet light therapy for skin conditions",
            "Stem cell transplant",
            "Bone marrow, liver, or lung transplants in very serious cases"
        ]
    },
    
    {
        "name": "Purpura, Thrombotic Thrombocytopenic",
        "link": "https://www.webmd.com/a-to-z-guides/idiopathic-thrombocytopenic-purpura",
        "symptoms": [
            "Bleeding. This happens most often from your gums or nose. Thrombocytopenia also can cause heavier or longer periods or breakthrough bleeding if you have a menstrual cycle. You may also see blood in your pee or poop.",
            "Blotches and bruises. You might have large areas of bleeding under the skin that don't turn white when you press on them. You also might see what looks like the bruises you get from a bump or after being hit. They could be blue or purple and change to yellow or green over time. These are caused from the inside by the sudden leaking from tiny blood vessels. The medical name for these is purpura.",
            "Red, flat spots on your skin. You'll see these spots the size of a pinhead mostly on your legs and feet, and they may appear in clumps. Your doctor may call them petechiae. Petechiae don't turn white when you put pressure on them.",
            "Fatigue. Low platelets by itself won't make you feel run down and tired. But other conditions that cause low platelets can leave you feeling fatigued.",
            "Enlarged spleen. You'll have this if your spleen is trapping platelets, which may be one reason for your low counts."
        ],
        "causes": [
            "Leukemia or other cancer types",
            "Certain anemias (when your blood doesn't have enough red blood cells)",
            "Viral infections, including hepatitis C or HIV",
            "Certain medicines or treatments, including chemotherapy or radiation",
            "Drinking too much alcohol ",
            "Toxins, including pesticides or arsenic"
        ],
        "prevention": [
            "Blood or platelet transfusions. Your doctor can give you more blood or platelets to replace those you've lost.",
            "Medicines. You may need medication for thrombocytopenia if the problem is with your immune system. Steroids or other medicines that target your immune system may help to keep your antibodies from attacking your platelets. ",
            "Surgery. If other options don't work, your doctor might suggest surgery to take out your spleen (splenectomy).",
            "Plasma exchange. If your low platelet counts are from TTP, plasma exchange can filter out the abnormal parts of your blood to help keep you from getting clots."
        ]
    },
    {
        "name": "Purulent Arthritis",
        "link": "https://www.webmd.com/a-to-z-guides/thrombocytopenia-symptoms-causes-treatments",
        "causes": [
            "Hepatitis A, B, and C",
            "Parvovirus B19",
            "HIV (AIDS virus)",
            "HTLV-1",
            "Adenovirus",
            "Coxsackie viruses",
            "Mumps",
            "Alphaviruses",
            "Flaviviruses"
        ],
        "symptoms": [
            "Chills",
            "Fatigue and generalized weakness",
            "Fever",
            "Inability to move the limb with the infected joint",
            "Severe pain in the affected joint, especially with movement",
            "Swelling (increased fluid within the joint)",
            "Warmth (the joint is red and warm to touch because of increased blood flow)"
        ] 
    },
    {
        "name": "PVD (Peripheral Vascular Disease)",
        "link": "https://www.webmd.com/arthritis/septic-arthritis-symptoms-diagnosis-and-treatment",
        "causes": [
            "Infection or inflammation of a blood vessel",
            "Injury to your arms or legs",
            "Irregular shape of your muscles or ligaments (the tissue that connects your bones or joints together)",
            "Exposure to radiation"
        ],
        "symptoms": [
            "Buttock and hip",
            "Calf (most common)",
            "Foot (less common)",
            "Thigh"
        ],
        "prevention": [
            "Regular exercise: Shoot for 30 minutes on most days of the week to start. Check with your doctor first if it’s been a while since you exercised.",
            "Healthy eating: Try proven approaches like the DASH diet or ask your doctor about the best diet for you.",
            "Stress control: Careful planning of your day can help keep stress down. Meditation, yoga, and regular downtime can help you unwind.",
            "Manage conditions: Treat or help prevent conditions that raise your PAD risk like high blood pressure, diabetes, and high cholesterol.  "
        ]
    }
]