[
    {
        "name": "UCE",
        "link": "https://www.webmd.com/children/urea-cycle-disorders",
        "symptoms": [
            "Fussy",
            "Sleepy or sluggish",
            "Can’t feed",
            "Vomits",
            "Low body temperature",
            "Problems with posture",
            "Seizures",
            "Fast breathing that becomes slow",
            "Coma"
        ],
        "prevention": [
            "Dialysis to remove ammonia from their blood",
            "Feeding them supplements of sugars, fats, and amino acids",
            "Medicines to remove extra nitrogen"
        ]
    },
    {
        "name": "Ulcer, Peptic",
        "link": "https://www.webmd.com/children/urea-cycle-disorders",
        "causes": [
            "Bacteria. It’s called Helicobacter pylori (H. pylori), and as many as half of us carry it. Most people infected with H. pylori do not get ulcers. But in others, it can raise the amount of acid, break down the protective mucus layer, and irritate the digestive tract. Experts aren’t sure how H. pylori infection spreads. They think it may pass from person to person through close contact, like kissing. You may also get it from unclean food and water.",
            "Certain pain relievers. If you’ve been taking aspirin often and for a long time, you’re more likely to get a peptic ulcer. The same is true for other nonsteroidal anti-inflammatory drugs (NSAIDs). They include ibuprofen and naproxen. NSAIDs block your body from making a chemical that helps protect the inner walls of your stomach and small intestine from stomach acid. Other types of pain meds, such as acetaminophen, won’t lead to peptic ulcers.",
            "Smoking cigarettes and drinking alcohol also can make you more likely to get ulcers.  Stress and eating a lot of spicy food don’t cause ulcers, as experts once thought. But they can make ulcers worse and harder to treat."
        ],
        "symptoms": [
            "Bloated feeling",
            "Burping",
            "Lack of appetite or weight loss",
            "Nausea",
            "Bloody or dark poop",
            "Vomiting"
        ],
        "prevention": [
            "Aspirin",
            "Ibuprofen",
            "Naproxen sodium"
        ]
    },
   
    {
        "name": "ULS (Upper Limb Spascity)",
        "link": "https://www.webmd.com/ibd-crohns-disease/ulcerative-colitis/default.htm",
        "causes": [
            "Strokes, which happen when an artery to your brain is blocked by a clot or it bursts. Without the blood and oxygen they need, brain cells can die, creating problems with some of the nerves in your body.",
            "Diseases like multiple sclerosis and cerebral palsy, which destroy the nervous system",
            "Injuries"
        ],
        "symptoms": [
            "Stiff arm muscles",
            "Twitches or movements that you can’t control",
            "Trouble using or moving your arms",
            "Tightness in the muscles in your elbows, wrists, or fingers",
            "Arms that get stuck in uncomfortable positions, such as pressed against your side.",
            "Rotated shoulders",
            "Bent elbows or wrists",
            "Hands clenched into fists",
            "Difficulty or pain when you move or straighten your arm, elbows, wrists, or fingers"
        ],
        "prevention": [
            "Exercises, like stretches, may help your joints and muscles become more flexible. A physical therapist can teach them to you.",
            "Braces or splints hold your muscles and joints in the right position and keep them from getting too tight.",
            "OnabotulinumtoxinA (Botox) and abobotulinumtoxinA (Dysport), used for the treatment of upper and lower limb spasticity, can relax muscles and ease spasms. Your doctor can give you a shot of it directly into your muscles. Botox and Dysport have some potentially serious side effects such as breathing and swallowing issues, so make sure to discuss them with your physician.",
            "Drugs like baclofen (Lioresal, Ozobax), clonazepam (Klonopin), diazepam (Valium), and tizanidine (Zanaflex) also make your muscles more relaxed.",
            "Nerve block injections, shots of drugs that numb the nerves that cause muscles to twitch, may stop spasms when other medicines don’t work.",
            "Surgery to cut connections between nerves or tendons and muscles that spasm. Your doctor may recommend this if other treatments don’t work."
        ]
    },
   
    {
        "name": "Umbilical Hernia in Children",
        "link": "https://www.webmd.com/parenting/baby/baby-umbilical-cord",
        "causes": [
            "Chronic cough",
            "Extra belly fluid",
            "Problems urinating because of a large prostate",
            "Constipation",
            "Obesity",
            "Straining in childbirth or weightlifting"
        ],
        "symptoms": [
            "Pain around the bellybutton area",
            "Swelling in the area",
            "Discoloration of the bellybutton area",
            "Vomiting"
        ],
        "prevention": [
            "Painful",
            "Larger than ½ to ¾ inch",
            "Large and doesn’t get smaller in the first 2 years of life",
            "Gets trapped or blocks intestines"
        ]
    },
    
    {
        "name": "Unconjugated Benign Bilirubinemia",
        "link": "https://www.webmd.com/parenting/baby/your-newborn-boys-genitals-care-of-penis",
        "causes": [
            "Nausea and diarrhea",
            "Abdominal discomfort",
            "Fatigue",
            "Dark urine"
        ],
        "symptoms": [
            "Nausea and diarrhea",
            "Abdominal discomfort",
            "Fatigue",
            "Dark urine"
        ],
        "prevention": [
            "Don't skip meals.",
            "Drink plenty of fluids.",
            "Use relaxation techniques or other methods to manage stress.",
            "Get a good night's sleep.",
            "Limit your alcoholic drinks.",
            "Skip long and strenuous workouts."
        ]
    },
    {
        "name": "Underactive Thyroid",
        "link": "https://www.webmd.com/children/what-is-gilbert-syndrome",
        "symptoms": [
            "Changes in the menstrual cycle",
            "Constipation",
            "Depression",
            "Dry hair and hair loss",
            "Dry skin",
            "Elevated cholesterol",
            "Fatigue",
            "Greater sensitivity to cold",
            "Hoarse voice",
            "Joint pain, stiffness, and swelling",
            "Problems with memory",
            "Muscle aches and stiffness",
            "Muscle weakness",
            "Puffy face",
            "Slow heart rate",
            "Swelling of the thyroid gland (goiter)",
            "Unexplained weight gain or difficulty losing weight",
            "Carpal tunnel syndrome"
        ],
        "causes": [
            "Radiation therapy to the neck area. Treating certain cancers, such as lymphoma, requires radiation to the neck. Radiation damages the cells in the thyroid. This makes it more difficult for the gland to produce hormones.",
            "Radioactive iodine treatment. This treatment is commonly prescribed to people who have an overactive thyroid gland, a condition known as hyperthyroidism. However, radiation destroys the cells in the thyroid gland. This usually leads to hypothyroidism.",
            "Use of certain medications. Certain medicines to treat heart problems, psychiatric conditions, and cancer can sometimes affect the production of thyroid hormone. These include amiodarone (Cordarone, Pacerone), interferon alpha, and interleukin-2.",
            "Thyroid surgery. Surgery to remove the thyroid will lead to hypothyroidism. If only part of the thyroid is removed, the remaining gland may still be able to produce enough hormone for the body's needs.",
            "Too little iodine in the diet. The thyroid needs iodine to produce thyroid hormone. Your body doesn't make iodine, so you need to get it through your diet. Iodized table salt is rich in iodine. Other food sources of iodine include shellfish, saltwater fish, eggs, dairy products, and seaweed. Iodine deficiency is rare in the U.S.",
            "Pregnancy. The reason isn’t clear, but sometimes, inflammation of the thyroid occurs after pregnancy. This is called postpartum thyroiditis. Women with this condition usually have a severe increase in thyroid hormone levels followed by a sharp drop in thyroid hormone production. Most women with postpartum thyroiditis will regain their normal thyroid function.",
            "Problems with the thyroid at birth. Some babies may be born with a thyroid gland that did not develop correctly or does not work properly. This type of hypothyroidism is called congenital hypothyroidism. Most hospitals in the U.S. screen babies at birth for this disease.",
            "Pituitary gland damage or disorder. Rarely, a problem with the pituitary gland can interfere with the production of thyroid hormone. The pituitary gland makes a hormone, called thyroid-stimulating hormone (TSH), which tells your thyroid how much hormone it should make and release.",
            "Disorder of the hypothalamus. An extremely rare form of hypothyroidism can occur if the hypothalamus in the brain does not produce enough of a hormone called TRH. TRH affects the release of TSH from the pituitary gland."
        ],
        "prevention": [
            "Appetite increases",
            "Can’t sleep",
            "Heart palpitations",
            "Shakiness"
        ]
    },
  
    {
        "name": "Undescended Testicle",
        "link": "https://www.webmd.com/a-to-z-guides/lab-test-results",
        "causes": [
            "Make a small opening in either the groin or lower belly to find the testicle.",
            "Gently move the testicle down.",
            "Make a small cut in the scrotum and stitch the testicle into place.",
            "Close the openings with stitches that dissolve on their own."
        ],
        "prevention": [
            "Make a small opening in either the groin or lower belly to find the testicle.",
            "Gently move the testicle down.",
            "Make a small cut in the scrotum and stitch the testicle into place.",
            "Close the openings with stitches that dissolve on their own."
        ]
    },
    {
        "name": "Unstable Angina",
        "link": "https://www.webmd.com/parenting/baby/what-is-an-undescended-testicle",
        "symptoms": [
            "Discomfort",
            "Pressure",
            "Tightness",
            "Burning",
            "Fullness",
            "Squeezing"
        ],
        "causes": [
            "A blockage in a major artery of your lungs (pulmonary embolism)",
            "An enlarged or thickened heart (hypertrophic cardiomyopathy)",
            "Narrowing of a valve in the main part of your heart (aortic stenosis)",
            "Swelling of the sac around your heart (pericarditis)",
            "Tearing in the wall of your aorta, the largest artery in your body (aortic dissection)"
        ],
        "prevention": [
            "Nitrates or calcium channel blockers to relax and widen blood vessels, letting more blood flow to your heart",
            "Beta-blockers to slow your heart down so it doesn't have to work as hard",
            "Blood thinners or antiplatelet medications to prevent blood clots",
            "Statins to lower your cholesterol levels and stabilize plaque"
        ]
    },
    {
        "name": "Unstable Kneecap",
        "link": "https://www.webmd.com/heart-disease/heart-disease-angina",
        "prevention": [
            "Wear the right shoes for your activity.",
            "Warm up before you work out.",
            "Do exercises to keep your thigh muscles (quadriceps and hamstrings) strong and flexible.",
            "If you’re going to make your workouts longer or more intense, do it gradually.",
            "Cut back on anything that causes knee pain.",
            "Stay at a healthy weight -- it lowers stress on your knees."
        ]
    },
    {
        "name": "Urea Cycle Disorders",
        "link": "https://www.webmd.com/pain-management/knee-pain/kneecap-problems-symptoms",
        "symptoms": [
            "Fussy",
            "Sleepy or sluggish",
            "Can’t feed",
            "Vomits",
            "Low body temperature",
            "Problems with posture",
            "Seizures",
            "Fast breathing that becomes slow",
            "Coma"
        ],
        "prevention": [
            "Dialysis to remove ammonia from their blood",
            "Feeding them supplements of sugars, fats, and amino acids",
            "Medicines to remove extra nitrogen"
        ]
    },
   
    {
        "name": "Urinary Incontinence in Men",
        "link": "https://www.webmd.com/cancer/what-is-urethral-cancer",
        "causes": [
            "Diabetes          ",
            "Stroke          ",
            "Alzheimer’s disease",
            "Parkinson’s disease"
        ]
    },
    {
        "name": "Urinary Incontinence in Women",
        "link": "https://www.webmd.com/urinary-incontinence-oab/causes-urinary-incontinence-men",
        "prevention": [
            "What Is Incontinence?",
            "Incontinence Types",
            "Incontinence Treatments",
            "Living With Incontinence",
            "Slideshow: Foods That Make You Go"
        ]
    },
    {
        "name": "Urinary Tract Infections",
        "link": "https://www.webmd.com/urinary-incontinence-oab/types-of-urinary-incontinence",
        "causes": [
            "What Is a Urinary Tract Infection?",
            "Urinary Tract Infection Symptoms",
            "Urinary Tract Infection Diagnosis",
            "Urinary Tract Infection Home Test",
            "Urinary Tract Infection Prevention",
            "Cranberries for UTI Prevention?",
            "Antibiotics for Urinary Tract Infections"
        ]
    },
    {
        "name": "Urticaria",
        "link": "https://www.webmd.com/a-to-z-guides/understanding-urinary-tract-infections-basics",
        "causes": [
            "Apply cool compresses or wet cloths to the affected areas.",
            "Try to work and sleep in a cool room.",
            "Wear loose-fitting lightweight clothes."
        ],
        "prevention": [
            "Apply cool compresses or wet cloths to the affected areas.",
            "Try to work and sleep in a cool room.",
            "Wear loose-fitting lightweight clothes."
        ]
    },
    {
        "name": "Uterine Bleeding",
        "link": "https://www.webmd.com/skin-problems-and-treatments/hives-urticaria-angioedema",
        "symptoms": [
            "Heavy period",
            "Bleeding between your periods, after sex, or during menopause",
            "Long periods (more than 7 days)",
            "Irregular periods"
        ],
        "causes": [
            "Birth control pills and other medicines like warfarin and hormone therapy",
            "Fast weight loss or gain",
            "Emotional or physical stress",
            "An intrauterine device (IUD)",
            "Polycystic ovary syndrome (PCOS)"
        ],
        "prevention": [
            "Hormones. Birth control pills and other hormone treatments may be able to give you regular menstrual cycles and lighter periods.",
            "Gonadotropin-releasing hormone agonists (GnRHa) and GnRHA antagonists. These control heavy bleeding by stopping your body from making certain hormones. They may shrink fibroids for a while. They’re usually used along with other treatments.",
            "NSAIDS. If you take anti-inflammatories like ibuprofen or naproxen a few days before your period starts, they may help lighten the bleeding.",
            "Tranexamic acid. This is a pill that helps your blood clot and can control heavy uterine bleeding.",
            "IUD. For some women, an IUD that releases a hormone called progestin can stop heavy bleeding. Many women who use one don’t get a period at all. They may not be right for you if you have fibroids in the cavity of your uterus rather than the wall. "
        ]
    },
    {
        "name": "Uterine Cancer",
        "link": "https://www.webmd.com/women/abnormal-uterine-bleeding",
        "prevention": [
            "What Is Endometrial Cancer?",
            "Endometrial Cancer Symptoms",
            "Endometrial Cancer Diagnosis & Treatment"
        ]
    },
    {
        "name": "Uterine Fibroids",
        "link": "https://www.webmd.com/cancer/understanding-endometrial-cancer-basics",
        "symptoms": [
            "Heavy, long, or painful periods",
            "Pain in the lower belly or back",
            "Painful sex",
            "Peeing often",
            "Discomfort in the rectum"
        ],
        "causes": [
            "Age",
            "Race",
            "Getting your period at a young age",
            "Birth control pill use before age 16",
            "Vitamin D deficiency",
            "Eating too much red meat and not enough green vegetables, fruit, or dairy",
            "Alcohol",
            "Family history"
        ],
        "prevention": [
            "Uterine Fibroids Overview",
            "Symptoms",
            "Diagnosis",
            "Treatments",
            "Surgery"
        ]
    },
    {
        "name": "Uveitis",
        "link": "https://www.webmd.com/women/uterine-fibroids/uterine-fibroids",
        "causes": [
            "AIDS",
            "Ankylosing spondylitis",
            "Behcet’s disease",
            "CMV retinitis",
            "Herpes zoster infection",
            "Histoplasmosis",
            "Kawasaki disease",
            "Multiple sclerosis",
            "Psoriasis and psoriatic arthritis",
            "Reactive arthritis",
            "Rheumatoid arthritis",
            "Sarcoidosis",
            "Syphilis",
            "Toxoplasmosis",
            "Tuberculosis",
            "Ulcerative colitis",
            "Vogt-Koyanagi-Harada disease"
        ],
        "symptoms": [
            "Eye redness",
            "Pain",
            "Blurry or lessened vision and sensitivity to light",
            "Floaters, those tiny dots or specks in your vision"
        ],
        "prevention": [
            "What Is Uveitis?",
            "Types of Uveitis",
            "Symptoms",
            "Diagnosis",
            "Complications",
            "Treatment"
        ]
    }
]