[
    {
        "name": "X-linked Mental Retardation",
        "link": "https://www.webmd.com/brain/what-are-motor-neuron-diseases",
        "symptoms": [
            "Trouble learning skills like sitting, crawling, or walking",
            "Problems with language and speech",
            "Hand-flapping and not making eye contact",
            " Temper tantrums ",
            "Poor impulse control",
            " Anxiety ",
            "Depression",
            "Obsessive-compulsive behaviors",
            "Extreme sensitivity to light or sound",
            "Hyperactivity and trouble paying attention",
            "Aggressive and self-destructive behavior in boys",
            "Trouble picking up on social cues",
            "Seizures",
            "Attention deficit disorder (ADD)",
            "Autism symptoms that affect communication and how they deal with other people"
        ],
        "prevention": [
            "Special education to help with learning (IEP and 504 are education plans that guide the school in providing support)",
            "Speech and language therapy",
            " Occupational therapy to help with daily tasks",
            "Behavior therapy",
            "Medicines to prevent seizures, manage ADD symptoms like hyperactivity, and treat other behavioral problems"
        ],
        "causes": [
            "Amniocentesis -- doctors check a sample of amniotic fluid for the FMR1 gene change",
            "Chorionic villus sampling (CVS) -- doctors test a sample of cells from the placenta to check for the FMR1 gene"
        ]
    },
    {
        "name": "XO Syndrome",
        "link": "https://www.webmd.com/children/what-is-fragile-x-syndrome",
        "symptoms": [
            "A wide or weblike neck with extra folds of skin",
            "Receding or small lower jaw and a high, narrow roof of the mouth (palate)",
            "Low-set ears and a low hairline",
            "Broad chest with widely spaced nipples",
            "Arms that turn outward at the elbows",
            "Short fingers and toes and narrow fingernails and toenails",
            "Delayed growth",
            "Heart defects",
            "Down-turning eyelids",
            "Short roots of teeth",
            "Kidney abnormalities",
            "Greater than usual number of moles on the skin"
        ],
        "prevention": [
            "Growth hormone, given as an injection a few times a week, to increase height as much as possible.",
            "Estrogen therapy, beginning around the time of puberty until a woman reaches the average age of menopause. This hormone treatment can help a woman grow and reach adult sexual development."
        ],
        "causes": [
            "A wide or weblike neck with extra folds of skin",
            "Receding or small lower jaw and a high, narrow roof of the mouth (palate)",
            "Low-set ears and a low hairline",
            "Broad chest with widely spaced nipples",
            "Arms that turn outward at the elbows",
            "Short fingers and toes and narrow fingernails and toenails",
            "Delayed growth",
            "Heart defects",
            "Down-turning eyelids",
            "Short roots of teeth",
            "Kidney abnormalities",
            "Greater than usual number of moles on the skin"
        ]
    },
    {
        "name": "XXY Males",
        "link": "https://www.webmd.com/hw-popup/xeroderma-pigmentosum",
        "symptoms": [
            "Hernia",
            "More quiet than usual",
            "Slower to learn to sit up, crawl, and talk",
            "Testicles that haven’t dropped into the scrotum",
            "Weaker muscles"
        ],
        "prevention": [
            "Counseling and support for mental health issues",
            "Fertility treatment (in some cases, using your own sperm to father a child)",
            "Occupational therapy and physical therapy to help with coordination and build muscles",
            "Plastic surgery to reduce breast size",
            "Speech therapy for children",
            "Support in school to help with social skills and learning delays"
        ],
        "causes": [
            "An extra X chromosome in every cell, which is the most common",
            "An extra X chromosome in only some cells, called mosaic Klinefelter, in which you don’t have as many symptoms",
            "More than one extra X chromosome, which is very rare and more severe"
        ]
    },
    {
        "name": "XXY Syndrome",
        "link": "https://www.webmd.com/men/klinefelter-syndrome",
        "symptoms": [
            "Hernia",
            "More quiet than usual",
            "Slower to learn to sit up, crawl, and talk",
            "Testicles that haven’t dropped into the scrotum",
            "Weaker muscles"
        ],
        "prevention": [
            "Counseling and support for mental health issues",
            "Fertility treatment (in some cases, using your own sperm to father a child)",
            "Occupational therapy and physical therapy to help with coordination and build muscles",
            "Plastic surgery to reduce breast size",
            "Speech therapy for children",
            "Support in school to help with social skills and learning delays"
        ],
        "causes": [
            "An extra X chromosome in every cell, which is the most common",
            "An extra X chromosome in only some cells, called mosaic Klinefelter, in which you don’t have as many symptoms",
            "More than one extra X chromosome, which is very rare and more severe"
        ]
    }
]