[
    {
        "name": "Yeast Infections",
        "link": "https://www.webmd.com/a-to-z-guides/health-topics?pg=y",
        "symptoms": [
            "Burning, redness, and swelling of the vagina and the vulva (the outer part of the female genitals)",
            "Pain or burning when you pee",
            "Pain during sex",
            "A thick, white, odorless discharge, similar to cottage cheese",
            "Watery discharge",
            "Vaginal rash",
            "Small cuts or tiny cracks in the skin of your vulva"
        ],
        "prevention": [
            "Wear cotton underwear.",
            "Keep your skin dry.",
            "Don't douche.",
            "Avoid feminine deodorants.",
            "Use scent-free tampons or pads.",
            "Use water-based sexual lubricants.",
            "Keep your blood sugar in check if you have diabetes."
        ],
        "causes": [
            "Hormones. Changes during pregnancy, breastfeeding, or menopause (or if you’re taking birth control pills) can change the balance in your vagina.",
            "Diabetes. If your diabetes is not well-controlled, the increase in sugar in the mucous membranes of your vagina can create a place for yeast to grow.",
            "Antibiotics. These drugs can kill off many of the good bacteria that live in your vagina.",
            "Douches and vaginal sprays. The use of these products can change the balance in your vagina.",
            "A weakened immune system. If you are HIV-positive or have another immune system disorder, the yeast may also grow uncontrolled.",
            "Sex. Though a yeast infection is not considered a sexually transmitted infection, it can be passed from person to person through sexual contact.",
            "Stress. Research shows that the candida fungus, like other organisms, responds to stress. Our knowledge of this response mostly comes from lab studies where scientists grow it in glucose. But in the human body, the fungus faces different conditions and is exposed to many stresses at once, which impacts its ability to cause disease."
        ]
    }
]