[
    {
        "name": "A1AT Deficiency",
        "link": "https://www.webmd.com/lung/copd/alpha-1-antitrypsin-deficiency-rare",
        "symptoms": [
            "Wheezing or whistling sounds when you breathe",
            "Having colds often ",
            "Feeling tired",
            "A fast heartbeat when you stand up",
            "Weight loss"
        ],
        "prevention": [
            "Gene therapy. This involves replacing the faulty gene responsible for AAT deficiency with a healthy one. Research into gene therapy for AAT deficiency has been mixed. The results of one study showed the treatment is safe and worked to keep AAT levels in the normal range. But the results of another study showed lower AAT levels.",
            "Stem cell therapy. This treatment replaces damaged cells with healthy stem cells. The stem cells come from people with AAT, which scientists use to study and create treatments for the disease.",
            "Small molecule therapy. These are drugs that target specific molecules involved in disease. In AAT deficiency, they could help slow liver damage by stopping the protein from building up in liver cells. This type of therapy shows promise but needs more research."
        ]
    },
    {
        "name": "AAT",
        "link": "https://www.webmd.com/lung/copd/alpha-1-antitrypsin-deficiency-rare",
        "symptoms": [
            "Wheezing or whistling sounds when you breathe",
            "Having colds often ",
            "Feeling tired",
            "A fast heartbeat when you stand up",
            "Weight loss"
        ],
        "prevention": [
            "Gene therapy. This involves replacing the faulty gene responsible for AAT deficiency with a healthy one. Research into gene therapy for AAT deficiency has been mixed. The results of one study showed the treatment is safe and worked to keep AAT levels in the normal range. But the results of another study showed lower AAT levels.",
            "Stem cell therapy. This treatment replaces damaged cells with healthy stem cells. The stem cells come from people with AAT, which scientists use to study and create treatments for the disease.",
            "Small molecule therapy. These are drugs that target specific molecules involved in disease. In AAT deficiency, they could help slow liver damage by stopping the protein from building up in liver cells. This type of therapy shows promise but needs more research."
        ]
    },
    {
        "name": "AAT Deficiency",
        "link": "https://www.webmd.com/lung/copd/alpha-1-antitrypsin-deficiency-rare",
        "symptoms": [
            "Wheezing or whistling sounds when you breathe",
            "Having colds often ",
            "Feeling tired",
            "A fast heartbeat when you stand up",
            "Weight loss"
        ],
        "prevention": [
            "Gene therapy. This involves replacing the faulty gene responsible for AAT deficiency with a healthy one. Research into gene therapy for AAT deficiency has been mixed. The results of one study showed the treatment is safe and worked to keep AAT levels in the normal range. But the results of another study showed lower AAT levels.",
            "Stem cell therapy. This treatment replaces damaged cells with healthy stem cells. The stem cells come from people with AAT, which scientists use to study and create treatments for the disease.",
            "Small molecule therapy. These are drugs that target specific molecules involved in disease. In AAT deficiency, they could help slow liver damage by stopping the protein from building up in liver cells. This type of therapy shows promise but needs more research."
        ]
    },
    {
        "name": "Abdominal Migraine",
        "link": "https://www.webmd.com/lung/copd/alpha-1-antitrypsin-deficiency-rare",
        "causes": [
            "Inner ear infection",
            "Carbon monoxide poisoning",
            "West Nile virus",
            "Toxic shock syndrome",
            "Dengue fever",
            "Black widow bite",
            "Cluster headaches",
            "Brain bleeding",
            "Brain injury",
            "Brain tumor",
            "Brain infection",
            "Acoustic neuroma (tumor around the nerves that connect your inner ear and your brain)",
            "Malaria and yellow fever",
            "Hepatitis A",
            "Fifth disease",
            "Kidney disease"
        ],
        "prevention": [
            "Reduce your stress. Stress is a common trigger for nauseating headaches. Find ways to cut it, and your attacks could get less severe and happen less often. ",
            "Quit smoking.",
            "Keep a diary to identify any foods that trigger your headaches. Common culprits include chocolate and alcohol.",
            "Get plenty of sleep and rest. ",
            "Take your meds. Your doctor might prescribe drugs to help prevent your headaches, especially if you’re diagnosed with migraines. Meds may also help stop your headache after it starts, or ease your symptoms. You can also take anti-nausea medications during your headaches. They come in different forms, like pills, nasal sprays, suppositories, syrups, and shots. They have a number of side effects, so work with your doctor to find the best one for you.",
            "Try complementary treatments. Some evidence shows that biofeedback and acupuncture may help ease migraines and other kinds of headaches and related symptoms, such as nausea. "
        ]
    },
    {
        "name": "Abercrombie Syndrome",
        "link": "https://www.webmd.com/migraines-headaches/headaches-migraines-and-nausea",
        "causes": [
            "Changes in skin color",
            " Severe fatigue",
            "Feeling of fullness",
            " Joint pain ",
            "Low red blood cell count (anemia)",
            "Shortness of breath",
            "Swelling of the tongue ",
            "Tingling and numbness in legs and feet",
            "Weak hand grip",
            "Severe weakness ",
            "Sudden weight loss "
        ],
        "symptoms": [
            "Changes in skin color",
            " Severe fatigue",
            "Feeling of fullness",
            " Joint pain ",
            "Low red blood cell count (anemia)",
            "Shortness of breath",
            "Swelling of the tongue ",
            "Tingling and numbness in legs and feet",
            "Weak hand grip",
            "Severe weakness ",
            "Sudden weight loss "
        ],
        "prevention": [
            "High-dose chemotherapy with stem cell transplant can help remove the substance that leads to amyloid formation in some people with primary AL amyloidosis. Chemotherapy medicines alone may be used to treat other patients with primary AL amyloidosis.",
            "Secondary (AA) amyloidosis is treated by controlling the underlying disorder and with powerful anti-inflammatory medicines called steroids, which fight inflammation.",
            "A liver transplant may treat the disease if you have certain types of hereditary amyloidosis.",
            "New therapies can slow the production of the abnormal protein TTR.",
            "Your doctor might also recommend a kidney transplant."
        ]
    },
    {
        "name": "Abnormal Pap Test",
        "link": "https://www.webmd.com/cancer/lymphoma/amyloidosis-symptoms-causes-treatments"
    },
    {
        "name": "Abortion",
        "link": "https://www.webmd.com/women/pap-smear"
    },
    {
        "name": "Abruptio Placenta",
        "link": "https://www.webmd.com/women/abortion-procedures",
        "symptoms": [
            "Pain in your belly or back",
            "Tenderness or quick, repeated contractions in your uterus",
            "Problems with the baby’s heart rate"
        ],
        "causes": [
            "Placental abruptions in previous pregnancies. If you’ve had it before, you’ve got about a 10% chance of it happening again.",
            "Smoking. One study showed that women who smoked before getting pregnant raised their chances of placental abruption by 40% for each year they smoked.",
            "Cocaine or other drug use. Abruption occurs in up to 10% of women who use cocaine in the last trimester of pregnancy.",
            "High blood pressure. Whether your blood pressure was high before or after you got pregnant, work with your doctor to manage it.",
            "Problems with your amniotic sac. This sac cushions your baby inside your uterus. It’s filled with fluid. If something breaks it or makes it leak before you’re ready to give birth, the possibility of placental abruption increases.",
            "Getting pregnant later in life. Your chances of having a placental abruption are higher if you’re 35 or older. In most cases, the mother is over 40.",
            "Carrying more than one baby. Sometimes, delivering the first baby can make the placenta separate before the next baby is ready to be born.",
            "Abdominal trauma. This could happen if you fall and hit your belly. It could also happen in a traffic accident if your abdomen is injured, so always remember to buckle up."
        ],
        "prevention": [
            "If you’re less than 34 weeks pregnant: You might have be admitted into the hospital for monitoring -- as long as your baby’s heart rate is normal and the placental abruption doesn’t seem to be severe. If your baby appears to be doing fine and you stop bleeding, you eventually might be able to go home. You might also be given steroids to help your baby’s lungs develop faster in case you do go into labor early.",
            "If you’re more than 34 weeks pregnant: You might still be able to have a vaginal delivery if the abruption doesn’t seem severe. If it is, and it’s putting your health or your baby’s health at risk, you’ll need a C-section right away. You might also need a blood transfusion."
        ]
    },
    {
        "name": "Abruption, Placental",
        "link": "https://www.webmd.com/baby/what-is-placental-abruption",
        "symptoms": [
            "Pain in your belly or back",
            "Tenderness or quick, repeated contractions in your uterus",
            "Problems with the baby’s heart rate"
        ],
        "causes": [
            "Placental abruptions in previous pregnancies. If you’ve had it before, you’ve got about a 10% chance of it happening again.",
            "Smoking. One study showed that women who smoked before getting pregnant raised their chances of placental abruption by 40% for each year they smoked.",
            "Cocaine or other drug use. Abruption occurs in up to 10% of women who use cocaine in the last trimester of pregnancy.",
            "High blood pressure. Whether your blood pressure was high before or after you got pregnant, work with your doctor to manage it.",
            "Problems with your amniotic sac. This sac cushions your baby inside your uterus. It’s filled with fluid. If something breaks it or makes it leak before you’re ready to give birth, the possibility of placental abruption increases.",
            "Getting pregnant later in life. Your chances of having a placental abruption are higher if you’re 35 or older. In most cases, the mother is over 40.",
            "Carrying more than one baby. Sometimes, delivering the first baby can make the placenta separate before the next baby is ready to be born.",
            "Abdominal trauma. This could happen if you fall and hit your belly. It could also happen in a traffic accident if your abdomen is injured, so always remember to buckle up."
        ],
        "prevention": [
            "If you’re less than 34 weeks pregnant: You might have be admitted into the hospital for monitoring -- as long as your baby’s heart rate is normal and the placental abruption doesn’t seem to be severe. If your baby appears to be doing fine and you stop bleeding, you eventually might be able to go home. You might also be given steroids to help your baby’s lungs develop faster in case you do go into labor early.",
            "If you’re more than 34 weeks pregnant: You might still be able to have a vaginal delivery if the abruption doesn’t seem severe. If it is, and it’s putting your health or your baby’s health at risk, you’ll need a C-section right away. You might also need a blood transfusion."
        ]
    },
    {
        "name": "Abscessed Tooth",
        "link": "https://www.webmd.com/baby/what-is-placental-abruption",
        "causes": [
            "A deep cavity or tooth decay",
            "Gum disease, also known as periodontal disease",
            "A cracked tooth"
        ],
        "symptoms": [
            "Swelling",
            "Gum redness",
            "Bad taste",
            "Swollen lymph nodes",
            "Sensitivity to hot or cold temperatures",
            "Puffy gums",
            "A bad odor when you chew with that tooth",
            "A rush of fluid in your mouth that's salty, bad-tasting, or foul-smelling, followed by an easing of your pain. That means your abscess has ruptured.",
            "The tooth feels loose"
        ],
        "prevention": [
            "Get regular dental checkups and teeth cleanings.",
            "Brush your teeth twice daily for 2 minutes with a fluoride toothpaste.",
            "Floss daily to clean hard-to-reach spots between your teeth and gums.",
            "Make a dentist appointment as soon as possible if you have a loose or cracked tooth.",
            "Limit sugary foods and drinks. Sweets and sodas lead to cavities, which can cause an abscess.",
            "Cut down on snacks between meals."
        ]
    },
    {
        "name": "Absence of Menstruation, Primary",
        "link": "https://www.webmd.com/oral-health/abscessed-tooth",
        "symptoms": [
            "Pain in your pelvic area",
            "Changes in your vision",
            "Headaches",
            "Acne",
            "Hair loss",
            "More hair growth on your face",
            "A milky discharge from your nipples",
            "No breast development (in primary amenorrhea)"
        ],
        "causes": [
            "Failure of the ovaries",
            "Problems in the central nervous system (brain and spinal cord) or the pituitary gland (a gland in the brain that makes the hormones involved in menstruation)",
            "Problems with reproductive organs"
        ],
        "prevention": []
    },
    {
        "name": "Absence Seizure",
        "link": "https://www.webmd.com/infertility-and-reproduction/absence-periods",
        "causes": []
    },
    {
        "name": "Abuse, Child",
        "link": "https://www.webmd.com/epilepsy/understanding-absence-seizure-basics"
    },
    {
        "name": "Acantholysis Bullosa",
        "link": "https://www.webmd.com/children/child-abuse-signs",
        "causes": [],
        "symptoms": [],
        "prevention": []
    },
    {
        "name": "Acanthosis Bullosa",
        "link": "https://www.webmd.com/skin-problems-and-treatments/epidermolysis-bullosa-what-is",
        "causes": [],
        "symptoms": [],
        "prevention": []
    },
    {
        "name": "Acanthosis Nigricans",
        "link": "https://www.webmd.com/skin-problems-and-treatments/epidermolysis-bullosa-what-is",
        "causes": [
            "Addison's disease, a condition caused by a deficiency of hormones from the adrenal gland",
            "Disorders of the pituitary gland within the brain",
            "Growth hormone therapy",
            "Hypothyroidism (low levels of thyroid hormone caused by decreased activity of the thyroid gland)",
            "Oral contraceptives"
        ],
        "prevention": []
    },
    {
        "name": "ACC -- Adenoid Cystic Carcinoma",
        "link": "https://www.webmd.com/skin-problems-and-treatments/acanthosis-nigricans-overview",
        "symptoms": [
            "MRI (magnetic resonance imaging): Powerful magnets and radio waves are used to make detailed images.",
            "CT scan (computerized tomography): Several X-rays taken from different angles are put together to show more information.",
            "PET scan (positron emission tomography): Radiation is used to make 3-dimensional color images."
        ],
        "prevention": [
            "External beam radiation focuses high-energy X-rays or protons on cancer cells to destroy them. Your doctor will try to do as little damage as possible to the surrounding parts of your body.",
            "Internal radiation therapy is also known as brachytherapy. Your doctor will put small radioactive \"seeds\" at or near the tumor. This is often used when cancer has spread to the lungs. The radioactivity of the seeds lessens after a few weeks.",
            "Neutron therapy can target small tumors by heating up the cells with 100 times more energy than regular radiation treatment. That often kills cancer cells while letting the normal cells around them recover."
        ]
    },
    {
        "name": "ACC -- Agenesis of Corpus Callosum",
        "link": "https://www.webmd.com/cancer/adenoid-cystic-carcinoma-facts"
    },
    {
        "name": "ACC -- Aplasia Cutis Congenita",
        "link": "https://www.webmd.com/epilepsy/corpus-callosotomy"
    },
    {
        "name": "ACH",
        "link": "https://www.webmd.com/skin-problems-and-treatments/hair-loss/congenital-hypotrichosis",
        "symptoms": [
            "Adults typically are about 4 feet tall",
            "Average-size torso and very short limbs, especially in the upper halves of arms and legs",
            "Short fingers",
            "Wide spaces between the middle and ring fingers",
            "Limited elbow mobility",
            "Disproportionately large head",
            "Prominent forehead",
            "Flattened bridge of the nose",
            "Bowing of legs that progressively worsens over time",
            "Swaying of the back that progressively worsens over time"
        ],
        "causes": [
            "A large head with a prominent forehead",
            "A flattened bridge of the nose",
            "Protruding jaw",
            "Crowded and misaligned teeth",
            "Forward curvature of the lower spine",
            "Bowed legs",
            "Flat, short, broad feet",
            "\"Double-jointedness\""
        ],
        "prevention": [
            "Insertion of a shunt to drain excess fluid and relieve pressure on the brain",
            "A tracheotomy to improve breathing through small airways",
            "Corrective surgeries for deformities such as cleft palate, club foot, or bowed legs",
            "Surgery to remove tonsils or adenoids to improve breathing problems related to large tonsils, small facial structures, and/or a small chest",
            "Surgery to widen the spinal canal (the opening through which the spinal cord passes) to relieve spinal cord compression",
            "Extended limb lengthening, a controversial surgery, due in part to its risks, involves several procedures. It is only done on adults."
        ]
    },
    {
        "name": "Achalasia",
        "link": "https://www.webmd.com/children/dwarfism-causes-treatments",
        "causes": [
            "It’s passed down from your parents (genetics)",
            "Autoimmune problems",
            "A viral infection",
            "A loss of nerve function (neurodegenerative)"
        ],
        "symptoms": [
            "Chest pain, especially after eating",
            "Food coming back up into the throat",
            "Heartburn and belching",
            "Weight loss",
            "Nighttime coughing",
            "Vomiting",
            "Pneumonia from breathing food into the lungs"
        ],
        "prevention": []
    },
    {
        "name": "Achilles Tendon Problems",
        "link": "https://www.webmd.com/digestive-disorders/achalasia-what-to-know",
        "symptoms": [
            "Tight Achilles tendon in the morning",
            "Stiffness or pain along your Achilles tendon",
            "Pain that gets worse with activity",
            "Heel pain when you wear shoes",
            "Severe pain the day after physical activity",
            "Thickening",
            "Bone spurs (bony growths)",
            "Swelling that doesn't go away, or gets better then returns"
        ],
        "causes": [
            "Running",
            "Gymnastics",
            "Dance",
            "Football",
            "Soccer",
            "Baseball",
            "Softball",
            "Basketball",
            "Tennis",
            "Volleyball"
        ],
        "prevention": [
            "Stretch and strengthen your calves.",
            "Take time to warm up and cool down after a workout.",
            "Avoid running or doing other types of exercise on uneven surfaces.",
            "Increase the length or intensity of your workouts little by little.",
            "Wear shoes with good support that fit well.",
            "Stop exercising if you feel pain or tightness in the back of your calf or heel."
        ]
    },
    {
        "name": "Achondroplasia",
        "link": "https://www.webmd.com/fitness-exercise/achilles-tendon-injury",
        "symptoms": [
            "Adults typically are about 4 feet tall",
            "Average-size torso and very short limbs, especially in the upper halves of arms and legs",
            "Short fingers",
            "Wide spaces between the middle and ring fingers",
            "Limited elbow mobility",
            "Disproportionately large head",
            "Prominent forehead",
            "Flattened bridge of the nose",
            "Bowing of legs that progressively worsens over time",
            "Swaying of the back that progressively worsens over time"
        ],
        "causes": [
            "A large head with a prominent forehead",
            "A flattened bridge of the nose",
            "Protruding jaw",
            "Crowded and misaligned teeth",
            "Forward curvature of the lower spine",
            "Bowed legs",
            "Flat, short, broad feet",
            "\"Double-jointedness\""
        ],
        "prevention": [
            "Insertion of a shunt to drain excess fluid and relieve pressure on the brain",
            "A tracheotomy to improve breathing through small airways",
            "Corrective surgeries for deformities such as cleft palate, club foot, or bowed legs",
            "Surgery to remove tonsils or adenoids to improve breathing problems related to large tonsils, small facial structures, and/or a small chest",
            "Surgery to widen the spinal canal (the opening through which the spinal cord passes) to relieve spinal cord compression",
            "Extended limb lengthening, a controversial surgery, due in part to its risks, involves several procedures. It is only done on adults."
        ]
    },
    {
        "name": "Achondroplastic Dwarfism",
        "link": "https://www.webmd.com/children/dwarfism-causes-treatments",
        "symptoms": [
            "Adults typically are about 4 feet tall",
            "Average-size torso and very short limbs, especially in the upper halves of arms and legs",
            "Short fingers",
            "Wide spaces between the middle and ring fingers",
            "Limited elbow mobility",
            "Disproportionately large head",
            "Prominent forehead",
            "Flattened bridge of the nose",
            "Bowing of legs that progressively worsens over time",
            "Swaying of the back that progressively worsens over time"
        ],
        "causes": [
            "A large head with a prominent forehead",
            "A flattened bridge of the nose",
            "Protruding jaw",
            "Crowded and misaligned teeth",
            "Forward curvature of the lower spine",
            "Bowed legs",
            "Flat, short, broad feet",
            "\"Double-jointedness\""
        ],
        "prevention": [
            "Insertion of a shunt to drain excess fluid and relieve pressure on the brain",
            "A tracheotomy to improve breathing through small airways",
            "Corrective surgeries for deformities such as cleft palate, club foot, or bowed legs",
            "Surgery to remove tonsils or adenoids to improve breathing problems related to large tonsils, small facial structures, and/or a small chest",
            "Surgery to widen the spinal canal (the opening through which the spinal cord passes) to relieve spinal cord compression",
            "Extended limb lengthening, a controversial surgery, due in part to its risks, involves several procedures. It is only done on adults."
        ]
    },
    {
        "name": "Acne",
        "link": "https://www.webmd.com/children/dwarfism-causes-treatments"
    },
    {
        "name": "Acquired Lipodystrophy",
        "link": "https://www.webmd.com/skin-problems-and-treatments/acne/default.htm",
        "causes": [
            "An infection, such as measles, pneumonia, infectious mononucleosis, or hepatitis",
            "A disease where your immune system attacks your body (called an autoimmune disease)",
            "Repeated injections in or pressure on the same place on your body",
            "An injury"
        ],
        "symptoms": [
            "Where it happens",
            "How much fat is lost",
            "Other effects on their body"
        ],
        "prevention": []
    },
    {
        "name": "Acromegaly",
        "link": "https://www.webmd.com/diabetes/acquired-lipodystrophy",
        "causes": [
            "Achy joints, possibly leading to arthritis",
            "Stiff, rough body hair",
            "Hoarser, deeper voice",
            "Pinched nerve problems",
            "Skin that’s oily or thick",
            "Skin tags",
            "Sweating a lot with body odor",
            "Headaches",
            "Snoring and sleep apnea, a breathing problem that happens during sleep",
            "Weakness and being tired",
            "Tingling or pain in fingers (carpal tunnel syndrome)",
            "Vision problems",
            "Lower sex drive",
            "Changes in menstrual cycle and breast discharge in women",
            "Erectile dysfunction in men"
        ],
        "symptoms": [
            "Achy joints, possibly leading to arthritis",
            "Stiff, rough body hair",
            "Hoarser, deeper voice",
            "Pinched nerve problems",
            "Skin that’s oily or thick",
            "Skin tags",
            "Sweating a lot with body odor",
            "Headaches",
            "Snoring and sleep apnea, a breathing problem that happens during sleep",
            "Weakness and being tired",
            "Tingling or pain in fingers (carpal tunnel syndrome)",
            "Vision problems",
            "Lower sex drive",
            "Changes in menstrual cycle and breast discharge in women",
            "Erectile dysfunction in men"
        ],
        "prevention": [
            "Surgery",
            "Medicine",
            "Radiation"
        ]
    },
    {
        "name": "ADD/ADHD",
        "link": "https://www.webmd.com/a-to-z-guides/acromegaly-causes-symptoms-treatment"
    },
    {
        "name": "Addiction Recovery",
        "link": "https://www.webmd.com/add-adhd/default.htm"
    },
    {
        "name": "Adenosine Deaminase Severe Combined Immunodeficiency (ADA-SCID)",
        "link": "https://www.webmd.com/mental-health/addiction/default.htm"
    },
    {
        "name": "ADHD in Children",
        "link": "https://www.webmd.com/children/default.htm"
    },
    {
        "name": "Adult Vaccines",
        "link": "https://www.webmd.com/add-adhd/childhood-adhd/default.htm"
    },
    {
        "name": "Aganglionic Megacolon",
        "link": "https://www.webmd.com/vaccines/default.htm",
        "causes": [],
        "symptoms": [],
        "prevention": []
    },
    {
        "name": "Agenesis of Commissura Magna Cerebri",
        "link": "https://www.webmd.com/children/what-is-hirschsprungs-disease"
    },
    {
        "name": "Agenesis of Corpus Callosum",
        "link": "https://www.webmd.com/epilepsy/corpus-callosotomy"
    },
    {
        "name": "Age-Related Macular Degeneration",
        "link": "https://www.webmd.com/epilepsy/corpus-callosotomy",
        "symptoms": [
            "Worse or less clear vision. Your vision might be blurry, and it may be hard to read fine print, drive, or recognize faces.",
            "Dark, blurry areas in the center of your vision",
            "Straight lines look wavy",
            "Worse or different color perception"
        ],
        "causes": [
            "Smoking",
            "High blood pressure or high cholesterol ",
            "Eating lots of saturated fat",
            "Having obesity",
            "Being assigned female at birth",
            "Having light skin"
        ],
        "prevention": [
            "If you smoke, consider quitting.",
            "Take charge of any other health conditions you have, like high blood pressure.",
            "Stay at a healthy weight and get regular exercise.",
            "Eat a balanced diet full of fruit, vegetables, and foods with omega-3 fatty acids (which are in certain fish and nuts)."
        ]
    },
    {
        "name": "Aging",
        "link": "https://www.webmd.com/eye-health/macular-degeneration/age-related-macular-degeneration-overview"
    },
    {
        "name": "Aging, Sexuality and Physical Changes",
        "link": "https://www.webmd.com/healthy-aging/default.htm"
    },
    {
        "name": "Agnogenic Myeloid Metaplasia (AMM)",
        "link": "https://www.webmd.com/healthy-aging/normal-aging",
        "symptoms": [
            "Fatigue, weakness, shortness of breath, or pale skin because of a low number of red blood cells (anemia)",
            "Frequent infections because of a low white blood cell count (neutropenia)",
            "Easy bleeding or bruising because of a lack of platelets in your blood (thrombocytopenia)",
            "Swollen liver (hepatomegaly) or spleen (splenomegaly)",
            "Night sweats",
            "Itchy skin",
            "Fever",
            "Bone or joint pain",
            "Weight loss",
            "Blood clots",
            "Bleeding in your stomach or esophagus",
            "High blood pressure in the vein from your spleen to your liver (portal hypertension)"
        ],
        "causes": [
            "Red blood cells bring oxygen to your organs and tissues like your muscles. If you have too few, you might feel weak, short of breath, lightheaded, or really tired. You might have bone pain.",
            "White blood cells help you fight off infections. If you have too many, your body can’t defend you from illness like it’s supposed to.",
            "Platelets make your blood clot when you get a cut so you can form a scab and heal. Without enough working platelets, it may be hard for you to stop bleeding."
        ],
        "prevention": [
            "Glucocorticoid drugs such as prednisone",
            "Human-made male hormones (androgens) like danazol (Danocrine)",
            "Drugs that affect your immune system (immunomodulators) such as interferon alfa (Intron A, Pegasys, Roferon-A), lenalidomide (Revlimid), or thalidomide (Thalomid)",
            "An oral kinase inhibitor such as fedratinib (Inrebic), pacritinib (Vonjo), or ruxolitinib (Jakafi)",
            "Chemotherapy drugs like cladribine (Leustatin, Mavenclad) and hydroxyurea (Hydrea)",
            "Blood transfusions"
        ]
    },
    {
        "name": "Agnosia, Primary Visual",
        "link": "https://www.webmd.com/cancer/myelofibrosis-causes-risk-factors",
        "prevention": [
            "Reducing your number of daily obligations",
            "Taking a walk or adding some form of exercise to your routine",
            "Eating a healthful diet",
            "Taking a break when you need it",
            "Practicing meditation",
            "Spending time in nature"
        ]
    },
    {
        "name": "Agnosis, Primary",
        "link": "https://www.webmd.com/mental-health/signs-nervous-breakdown",
        "prevention": [
            "Reducing your number of daily obligations",
            "Taking a walk or adding some form of exercise to your routine",
            "Eating a healthful diet",
            "Taking a break when you need it",
            "Practicing meditation",
            "Spending time in nature"
        ]
    },
    {
        "name": "Agoraphobia",
        "link": "https://www.webmd.com/mental-health/signs-nervous-breakdown",
        "causes": [
            "Panic disorder, especially if it’s not treated",
            "Other phobias",
            "A family member who has agoraphobia",
            "A history of very stressful or traumatic events"
        ],
        "symptoms": [
            "Fast, pounding heart",
            "Sweating, trembling, shaking",
            "Breathing problems",
            "Feeling hot or cold",
            "Nausea or diarrhea",
            "Chest pain",
            "Problems swallowing",
            "Dizziness or feeling faint"
        ],
        "prevention": [
            "Get help when you need it. Family and friends can help you work through your fears, and a support group lets you connect with people who are going through the same things you are.",
            "Manage anxiety and stress. Talk with your therapist about ways to calm yourself and find relaxation techniques that work for you.",
            "Follow your doctor’s guidance. It’s really important to take medication as directed and keep your therapy appointments. Stay in touch with your health team so they can do their best for you.   "
        ]
    },
    {
        "name": "AIDS (Acquired Immunodeficiency Syndrome)",
        "link": "https://www.webmd.com/anxiety-panic/agoraphobia"
    },
    {
        "name": "Airsickness",
        "link": "https://www.webmd.com/hiv-aids/default.htm",
        "causes": [
            "Dizziness",
            "Increase in saliva production",
            "Loss of appetite",
            "Pale skin"
        ],
        "symptoms": [
            "Dizziness",
            "Increase in saliva production",
            "Loss of appetite",
            "Pale skin"
        ]
    },
    {
        "name": "Albinism",
        "link": "https://www.webmd.com/cold-and-flu/ear-infection/motion-sickness"
    },
    {
        "name": "Albinismus",
        "link": "https://www.webmd.com/skin-problems-and-treatments/hyperpigmentation-hypopigmentation"
    },
    {
        "name": "Alcohol Abuse",
        "link": "https://www.webmd.com/skin-problems-and-treatments/hyperpigmentation-hypopigmentation"
    },
    {
        "name": "Alcohol Abuse, Teen",
        "link": "https://www.webmd.com/mental-health/addiction/default.htm"
    },
    {
        "name": "Alcohol Effects on a Fetus",
        "link": "https://www.webmd.com/teens/default.htm",
        "causes": [
            "Miscarriage. You can lose your baby during the early few months of pregnancy.",
            "Stillbirth. You can lose your baby in the womb during the second half of your pregnancy.",
            "Preterm labor. Drinking can make your baby arrive too early. Premature babies can have many health problems. Those often include breathing trouble and other issues linked to  immature lungs or developmental problems due to underdeveloped brain or brain abnormalities.",
            "Birth defects. Some babies are born with heart or kidney problems. Others may have trouble seeing or hearing or other health issues."
        ],
        "symptoms": [
            "Small head and brain size",
            "Vision or hearing problems",
            "Joint, limb, and finger deformities",
            "Distinctive facial features like small eyes, thin upper lip, and a ridge between the nose and upper lip"
        ],
        "prevention": [
            "If you think you have a problem with alcohol, get help before you get pregnant. There are professionals who specialize in addiction treatment.",
            "Don’t drink alcohol while you’re trying to get pregnant. If you are still drinking when you find out you are pregnant or think you might be pregnant, stop immediately.",
            "Avoid alcohol while you’re pregnant. Children of mothers who don’t drink alcohol while they’re pregnant won’t develop fetal alcohol syndrome.",
            "If you’re sexually active and having unprotected sex, think about giving up alcohol entirely. "
        ]
    },
    {
        "name": "Alcohol Poisoning",
        "link": "https://www.webmd.com/baby/fetal-alcohol-syndrome",
        "causes": [
            "12 ounces of beer (5% alcohol)",
            "5 ounces of wine (12% alcohol)",
            "1.5 ounces (shot) of 80-proof liquor (gin, rum, whiskey, etc.), which is 40% alcohol",
            "1.5 ounces (jigger) of brandy or cognac (40% alcohol)"
        ],
        "prevention": [
            "Drink in moderation. It’s best for men to have no more than two drinks a day and for women to have only one.",
            "Alternate alcoholic drinks with nonalcoholic ones, ideally water.",
            "Don’t drink on an empty stomach. Food slows down the absorption of alcohol to some extent, though it can't prevent alcohol poisoning if you're drinking a lot.",
            "Don’t drink while you’re taking prescription medications or other drugs. Some drugs interact badly with alcohol. ",
            "Don’t play drinking games or use funnels or beer bongs.",
            "Store alcohol safely. If you have small kids, keep products containing alcohol (such as mouthwashes and cold medicines) out of their reach. If you have teens, consider locking up your liquor cabinet."
        ]
    },
    {
        "name": "ALD",
        "link": "https://www.webmd.com/mental-health/addiction/alcohol-poisoning-overview",
        "symptoms": [
            "Balance and mobility problems",
            "Behavioral and learning disabilities",
            "Bladder issues",
            "Breathing difficulties",
            "Developmental delays",
            "Hearing, speech, and vision problems",
            "Muscle control disorders",
            "Seizures"
        ],
        "causes": [
            "Blood and urine analysis",
            "CT scans",
            "Genetic testing",
            "MRI scans",
            "Psychological and cognitive tests"
        ],
        "prevention": []
    },
    {
        "name": "Aldosteronism With Normal Blood Pressure",
        "link": "https://www.webmd.com/brain/leukodystrophy-types",
        "symptoms": [
            "Constipation",
            "Frequent urination",
            "Generally feeling unwell",
            "Muscle weakness and cramping",
            "Salt cravings",
            "Severe thirst",
            "Slower than normal growth and development"
        ],
        "causes": [
            "Too little salt can cause dehydration, constipation, and frequent peeing.",
            "Too little calcium can weaken bones and cause frequent kidney stones.",
            "Low blood levels of potassium can cause muscle weakness, cramping, and fatigue."
        ],
        "prevention": [
            "Indomethacin, an anti-inflammatory drug that helps their body make less urine",
            "Potassium-sparing diuretics, which help them keep potassium",
            "RAAS inhibitors, which help keep them from losing potassium",
            "Calcium, potassium or magnesium supplements or a combination of them",
            "Food high in salt, water, and potassium",
            "Fluids put directly into a vein (for infants with severe forms)"
        ]
    },
    {
        "name": "Alexander Disease",
        "link": "https://www.webmd.com/children/bartter-syndrome-facts",
        "symptoms": [
            "Balance and mobility problems",
            "Behavioral and learning disabilities",
            "Bladder issues",
            "Breathing difficulties",
            "Developmental delays",
            "Hearing, speech, and vision problems",
            "Muscle control disorders",
            "Seizures"
        ],
        "causes": [
            "Blood and urine analysis",
            "CT scans",
            "Genetic testing",
            "MRI scans",
            "Psychological and cognitive tests"
        ],
        "prevention": []
    },
    {
        "name": "Algodystrophy",
        "link": "https://www.webmd.com/brain/leukodystrophy-types",
        "causes": [
            "Amputation",
            "Bruises",
            "Burns",
            "Cuts",
            "Fractures",
            "Minor surgery",
            "Needle sticks",
            "Radiation therapy",
            "Sprains"
        ],
        "symptoms": [
            "Amputation",
            "Bruises",
            "Burns",
            "Cuts",
            "Fractures",
            "Minor surgery",
            "Needle sticks",
            "Radiation therapy",
            "Sprains"
        ],
        "prevention": [
            "Anesthetic creams like lidocaine",
            "Antidepressants",
            "Anti-inflammatory drugs, called NSAIDs",
            "Anti-seizure medications that may help treat pain",
            "Nasal spray that treats bone loss",
            "Nerve blocking injections",
            " ",
            "Over-the-counter options like aspirin, ibuprofen, or naproxen for pain"
        ]
    },
    {
        "name": "Algoneurodystrophy",
        "link": "https://www.webmd.com/brain/what-is-reflex-sympathetic-dystrophy-syndrome",
        "causes": [
            "Amputation",
            "Bruises",
            "Burns",
            "Cuts",
            "Fractures",
            "Minor surgery",
            "Needle sticks",
            "Radiation therapy",
            "Sprains"
        ],
        "symptoms": [
            "Amputation",
            "Bruises",
            "Burns",
            "Cuts",
            "Fractures",
            "Minor surgery",
            "Needle sticks",
            "Radiation therapy",
            "Sprains"
        ],
        "prevention": [
            "Anesthetic creams like lidocaine",
            "Antidepressants",
            "Anti-inflammatory drugs, called NSAIDs",
            "Anti-seizure medications that may help treat pain",
            "Nasal spray that treats bone loss",
            "Nerve blocking injections",
            " ",
            "Over-the-counter options like aspirin, ibuprofen, or naproxen for pain"
        ]
    },
    {
        "name": "Allergies",
        "link": "https://www.webmd.com/brain/what-is-reflex-sympathetic-dystrophy-syndrome"
    },
    {
        "name": "Allergies to Insect Stings",
        "link": "https://www.webmd.com/allergies/default.htm",
        "symptoms": [
            "Pain",
            "Redness",
            "Pimple-like spots",
            "Mild to moderate swelling",
            "Warmth",
            "Itching"
        ],
        "prevention": [
            "Allergic Reactions to Bug Bites",
            "Are Allergy Shots Worth It?"
        ]
    },
    {
        "name": "Allergy Shots",
        "link": "https://www.webmd.com/allergies/insect-stings",
        "symptoms": [
            "Allergic Reactions to Bug Bites",
            "Are Allergy Shots Worth It?"
        ]
    },
    {
        "name": "Allergy to Natural Rubber (Latex)",
        "link": "https://www.webmd.com/allergies/should-i-get-allergy-shots",
        "prevention": [
            "Antihistamines",
            "Corticosteroid medicines",
            "Soothing lotion like calamine or a 1% hydrocortisone cream"
        ]
    },
    {
        "name": "Allergy Triggers Slideshow",
        "link": "https://www.webmd.com/allergies/latex-allergies"
    },
    {
        "name": "AloBar Holoprosencephaly",
        "link": "https://www.webmd.com/allergies/ss/slideshow-common-allergy-triggers",
        "causes": [
            "Fever",
            "Drowsiness, lethargy, and possibly coma",
            "Headaches",
            "Personality changes, irritability, or emotional outbursts",
            "Confusion",
            "Weakness in one or more areas of the body",
            "Seizures",
            "Bulging soft spots in infants"
        ],
        "symptoms": [
            "Fever",
            "Drowsiness, lethargy, and possibly coma",
            "Headaches",
            "Personality changes, irritability, or emotional outbursts",
            "Confusion",
            "Weakness in one or more areas of the body",
            "Seizures",
            "Bulging soft spots in infants"
        ],
        "prevention": []
    },
    {
        "name": "Alopecia Areata",
        "link": "https://www.webmd.com/a-to-z-guides/understanding-encephalitis-basics",
        "symptoms": [
            "Small bald patches on your scalp or other parts of your body",
            "Patches may get larger and grow together into a bald spot",
            "Hair grows back in one spot and falls out in another",
            "You lose a lot of hair over a short time",
            "More hair loss in cold weather",
            "Fingernails and toenails become red, brittle, and pitted"
        ],
        "causes": [
            "A family member who has it",
            "Asthma",
            "Down syndrome",
            "Pernicious anemia",
            "Seasonal allergies",
            "Thyroid disease",
            "Vitiligo"
        ],
        "prevention": []
    },
    {
        "name": "Alopecia Celsi",
        "link": "https://www.webmd.com/skin-problems-and-treatments/alopecia-areata",
        "symptoms": [
            "Small bald patches on your scalp or other parts of your body",
            "Patches may get larger and grow together into a bald spot",
            "Hair grows back in one spot and falls out in another",
            "You lose a lot of hair over a short time",
            "More hair loss in cold weather",
            "Fingernails and toenails become red, brittle, and pitted"
        ],
        "causes": [
            "A family member who has it",
            "Asthma",
            "Down syndrome",
            "Pernicious anemia",
            "Seasonal allergies",
            "Thyroid disease",
            "Vitiligo"
        ],
        "prevention": []
    },
    {
        "name": "Alopecia Cicatrisata",
        "link": "https://www.webmd.com/skin-problems-and-treatments/alopecia-areata",
        "symptoms": [
            "Small bald patches on your scalp or other parts of your body",
            "Patches may get larger and grow together into a bald spot",
            "Hair grows back in one spot and falls out in another",
            "You lose a lot of hair over a short time",
            "More hair loss in cold weather",
            "Fingernails and toenails become red, brittle, and pitted"
        ],
        "causes": [
            "A family member who has it",
            "Asthma",
            "Down syndrome",
            "Pernicious anemia",
            "Seasonal allergies",
            "Thyroid disease",
            "Vitiligo"
        ],
        "prevention": []
    },
    {
        "name": "Alopecia Circumscripta",
        "link": "https://www.webmd.com/skin-problems-and-treatments/alopecia-areata",
        "symptoms": [
            "Small bald patches on your scalp or other parts of your body",
            "Patches may get larger and grow together into a bald spot",
            "Hair grows back in one spot and falls out in another",
            "You lose a lot of hair over a short time",
            "More hair loss in cold weather",
            "Fingernails and toenails become red, brittle, and pitted"
        ],
        "causes": [
            "A family member who has it",
            "Asthma",
            "Down syndrome",
            "Pernicious anemia",
            "Seasonal allergies",
            "Thyroid disease",
            "Vitiligo"
        ],
        "prevention": []
    },
    {
        "name": "Alpha-1",
        "link": "https://www.webmd.com/skin-problems-and-treatments/alopecia-areata",
        "symptoms": [
            "Wheezing or whistling sounds when you breathe",
            "Having colds often ",
            "Feeling tired",
            "A fast heartbeat when you stand up",
            "Weight loss"
        ],
        "prevention": [
            "Gene therapy. This involves replacing the faulty gene responsible for AAT deficiency with a healthy one. Research into gene therapy for AAT deficiency has been mixed. The results of one study showed the treatment is safe and worked to keep AAT levels in the normal range. But the results of another study showed lower AAT levels.",
            "Stem cell therapy. This treatment replaces damaged cells with healthy stem cells. The stem cells come from people with AAT, which scientists use to study and create treatments for the disease.",
            "Small molecule therapy. These are drugs that target specific molecules involved in disease. In AAT deficiency, they could help slow liver damage by stopping the protein from building up in liver cells. This type of therapy shows promise but needs more research."
        ]
    },
    {
        "name": "Alpha-1-Antitrypsin Deficiency",
        "link": "https://www.webmd.com/lung/copd/alpha-1-antitrypsin-deficiency-rare",
        "symptoms": [
            "Wheezing or whistling sounds when you breathe",
            "Having colds often ",
            "Feeling tired",
            "A fast heartbeat when you stand up",
            "Weight loss"
        ],
        "prevention": [
            "Gene therapy. This involves replacing the faulty gene responsible for AAT deficiency with a healthy one. Research into gene therapy for AAT deficiency has been mixed. The results of one study showed the treatment is safe and worked to keep AAT levels in the normal range. But the results of another study showed lower AAT levels.",
            "Stem cell therapy. This treatment replaces damaged cells with healthy stem cells. The stem cells come from people with AAT, which scientists use to study and create treatments for the disease.",
            "Small molecule therapy. These are drugs that target specific molecules involved in disease. In AAT deficiency, they could help slow liver damage by stopping the protein from building up in liver cells. This type of therapy shows promise but needs more research."
        ]
    },
    {
        "name": "Altitude Headache",
        "link": "https://www.webmd.com/lung/copd/alpha-1-antitrypsin-deficiency-rare",
        "causes": [],
        "symptoms": [],
        "prevention": []
    },
    {
        "name": "Alzheimer's",
        "link": "https://www.webmd.com/migraines-headaches/altitude-headache-overview"
    },
    {
        "name": "Anaplastic Large-cell Lymphoma",
        "link": "https://www.webmd.com/alzheimers/default.htm",
        "causes": [
            "Fatigue",
            "Fever",
            "Loss of appetite",
            "Night sweats",
            "Weight loss"
        ],
        "symptoms": [
            "Fatigue",
            "Fever",
            "Loss of appetite",
            "Night sweats",
            "Weight loss"
        ],
        "prevention": [
            "Radiation, which uses high-energy rays to kill cancer cells",
            "Surgery to remove the tumors"
        ]
    },
    {
        "name": "Angina",
        "link": "https://www.webmd.com/cancer/lymphoma/anaplastic-large-cell-lymphoma",
        "symptoms": [
            "Discomfort",
            "Pressure",
            "Tightness",
            "Burning",
            "Fullness",
            "Squeezing"
        ],
        "causes": [
            "A blockage in a major artery of your lungs (pulmonary embolism)",
            "An enlarged or thickened heart (hypertrophic cardiomyopathy)",
            "Narrowing of a valve in the main part of your heart (aortic stenosis)",
            "Swelling of the sac around your heart (pericarditis)",
            "Tearing in the wall of your aorta, the largest artery in your body (aortic dissection)"
        ],
        "prevention": [
            "Nitrates or calcium channel blockers to relax and widen blood vessels, letting more blood flow to your heart",
            "Beta-blockers to slow your heart down so it doesn't have to work as hard",
            "Blood thinners or antiplatelet medications to prevent blood clots",
            "Statins to lower your cholesterol levels and stabilize plaque"
        ]
    },
    {
        "name": "Anorexia Nervosa",
        "link": "https://www.webmd.com/heart-disease/heart-disease-angina"
    },
    {
        "name": "Anxiety & Panic",
        "link": "https://www.webmd.com/mental-health/eating-disorders/anorexia-nervosa/default.htm"
    },
    {
        "name": "Apert Syndrome",
        "link": "https://www.webmd.com/anxiety-panic/default.htm",
        "causes": [
            "A head that is long, with a high forehead",
            "Wide-set, bulging eyes, often with poorly-closing eyelids",
            "A sunken middle face"
        ],
        "symptoms": [
            "A head that is long, with a high forehead",
            "Wide-set, bulging eyes, often with poorly-closing eyelids",
            "A sunken middle face"
        ],
        "prevention": [
            "Eyedrops during the day, with lubricating eye ointment at night; these drops can prevent the dangerous eye drying that can occur in Apert syndrome.",
            "Continuous positive airway pressure (CPAP); a child with Apert syndrome and obstructive sleep apnea may wear a mask at night, attached to a small machine. The machine delivers pressure that keeps the child's airways open during sleep.",
            "Antibiotics. Children with Apert syndrome are prone to ear and sinus infections caused by bacteria, requiring antibiotic therapy.",
            "Surgical tracheostomy, or placement of a breathing tube in the neck; this surgery may be done for children with severe obstructive sleep apnea due to Apert syndrome.",
            "Surgical placement of ear tubes (myringotomy), for children with repeated ear infections due to Apert syndrome"
        ]
    },
    {
        "name": "APLS",
        "link": "https://www.webmd.com/children/apert-syndrome-symptoms-treatments-prognosis",
        "symptoms": [],
        "prevention": []
    },
    {
        "name": "Apnea, Infantile",
        "link": "https://www.webmd.com/dvt/what-is-antiphospholipid-syndrome",
        "prevention": [
            "Loud snoring, often with gasping, choking, and snorts",
            "Long pauses in breathing while sleeping (longer than two breath cycles)",
            "Excessive sweating at night because of the strain of trying to breathe",
            "Waking up with headaches and daytime sleepiness, irritability, hyperactivity, and difficulty concentrating"
        ],
        "symptoms": [
            "Loud snoring, often with gasping, choking, and snorts",
            "Long pauses in breathing while sleeping (longer than two breath cycles)",
            "Excessive sweating at night because of the strain of trying to breathe",
            "Waking up with headaches and daytime sleepiness, irritability, hyperactivity, and difficulty concentrating"
        ]
    },
    {
        "name": "Appalachian Type Amyloidosis",
        "link": "https://www.webmd.com/sleep-disorders/sleep-apnea/features/could-your-child-have-sleep-apnea",
        "causes": [
            "Changes in skin color",
            " Severe fatigue",
            "Feeling of fullness",
            " Joint pain ",
            "Low red blood cell count (anemia)",
            "Shortness of breath",
            "Swelling of the tongue ",
            "Tingling and numbness in legs and feet",
            "Weak hand grip",
            "Severe weakness ",
            "Sudden weight loss "
        ],
        "symptoms": [
            "Changes in skin color",
            " Severe fatigue",
            "Feeling of fullness",
            " Joint pain ",
            "Low red blood cell count (anemia)",
            "Shortness of breath",
            "Swelling of the tongue ",
            "Tingling and numbness in legs and feet",
            "Weak hand grip",
            "Severe weakness ",
            "Sudden weight loss "
        ],
        "prevention": [
            "High-dose chemotherapy with stem cell transplant can help remove the substance that leads to amyloid formation in some people with primary AL amyloidosis. Chemotherapy medicines alone may be used to treat other patients with primary AL amyloidosis.",
            "Secondary (AA) amyloidosis is treated by controlling the underlying disorder and with powerful anti-inflammatory medicines called steroids, which fight inflammation.",
            "A liver transplant may treat the disease if you have certain types of hereditary amyloidosis.",
            "New therapies can slow the production of the abnormal protein TTR.",
            "Your doctor might also recommend a kidney transplant."
        ]
    },
    {
        "name": "Appendicitis",
        "link": "https://www.webmd.com/cancer/lymphoma/amyloidosis-symptoms-causes-treatments",
        "causes": [
            "Pain in your lower right belly or pain near your navel that moves lower. This is usually the first sign.",
            "Loss of appetite",
            "Nausea and vomiting soon after belly pain begins",
            "Swollen belly",
            "Fever of 99-102 F",
            "Can’t pass gas"
        ],
        "symptoms": [
            "Pain in your lower right belly or pain near your navel that moves lower. This is usually the first sign.",
            "Loss of appetite",
            "Nausea and vomiting soon after belly pain begins",
            "Swollen belly",
            "Fever of 99-102 F",
            "Can’t pass gas"
        ],
        "prevention": []
    },
    {
        "name": "Apraxia",
        "link": "https://www.webmd.com/digestive-disorders/digestive-diseases-appendicitis",
        "symptoms": [
            "Facial movements such as coughing or winking",
            "Precise movements using your finger, arm, or leg",
            "Using specific tools for specific tasks",
            "Moving your eyes",
            "Carrying out complicated tasks such as brushing your teeth or tying your shoe",
            "Mimicking movements with your head, arms, or legs",
            "Taking small steps",
            "Copying simple drawings"
        ],
        "causes": [
            "Evaluation by a doctor: Your doctor will ask you to do familiar tasks that you’ve learned, such as brushing your teeth or cutting out a shape. An evaluation will also include a physical exam to see if your symptoms are due to problems with your muscles or joints. Your doctor may talk to your family members as well to find out how well you're able to do your normal daily activities.",
            "Brain function tests: Your doctor may use neuropsychologic tests to check how your brain is working in areas such as problem-solving, memory, language, attention, and processing.",
            "Imaging tests: If your doctor believes your apraxia is caused by damage to your brain, you may have imaging tests such as a CT scan or MRI to find the extent and location of the damage."
        ],
        "prevention": [
            "Repeatedly practicing forming and pronouncing sounds and words",
            "Practicing stringing together sounds to make speech",
            "Working with rhythms or melodies",
            "Using multisensory approaches, such as watching in a mirror while trying to form words or touching the face while talking"
        ]
    },
    {
        "name": "APS",
        "link": "https://www.webmd.com/brain/apraxia-symptoms-causes-tests-treatments",
        "symptoms": [],
        "prevention": []
    },
    {
        "name": "Arachnitis",
        "link": "https://www.webmd.com/dvt/what-is-antiphospholipid-syndrome",
        "symptoms": [
            "Weakness, numbness or tingling in the legs",
            "Pins and needles sensation (paresthesia)",
            "Joint pain",
            "Ringing in the ears (tinnitus)",
            "Fatigue",
            "Bladder problems"
        ],
        "causes": [
            "Spinal cord injury: In most cases, it is related to complications from spinal surgery or procedure such as epidural injection and spinal tap.",
            "Infection: Viruses or bacteria such as bacterial meningitis of the spine can trigger the inflammation.",
            "Spinal nerve compression: Chronic degenerative disc disease or advanced spinal stenosis (narrowing of spinal column) can lead to compression of the spinal nerves, triggering inflammation of the arachnoid."
        ],
        "prevention": []
    },
    {
        "name": "Arachnodactyly",
        "link": "https://www.webmd.com/pain-management/pain-management-arachnoiditis",
        "prevention": [
            "Maintaining a healthy weight; lose weight if you are overweight.",
            "Exercising more",
            "Eating foods low in salt",
            "Eating healthy foods like fruits and vegetables",
            "Drinking alcoholic beverages in moderation, if you drink at all"
        ]
    },
    {
        "name": "Arachnoidal Fibroblastoma",
        "link": "https://www.webmd.com/heart-disease/heart-disease-prevent",
        "causes": [
            "Exposure to radiation",
            "Neurofibromatosis type 2, a genetic disorder"
        ],
        "symptoms": [
            "Headaches",
            "Seizures",
            "Blurred vision",
            "Weakness in arms or legs",
            "Numbness",
            "Speech problems"
        ],
        "prevention": []
    },
    {
        "name": "Arachnoiditis",
        "link": "https://www.webmd.com/cancer/brain-cancer/meningioma-causes-symptoms-treatment",
        "symptoms": [
            "Weakness, numbness or tingling in the legs",
            "Pins and needles sensation (paresthesia)",
            "Joint pain",
            "Ringing in the ears (tinnitus)",
            "Fatigue",
            "Bladder problems"
        ],
        "causes": [
            "Spinal cord injury: In most cases, it is related to complications from spinal surgery or procedure such as epidural injection and spinal tap.",
            "Infection: Viruses or bacteria such as bacterial meningitis of the spine can trigger the inflammation.",
            "Spinal nerve compression: Chronic degenerative disc disease or advanced spinal stenosis (narrowing of spinal column) can lead to compression of the spinal nerves, triggering inflammation of the arachnoid."
        ],
        "prevention": []
    },
    {
        "name": "Arbovirus A Chikungunya Type",
        "link": "https://www.webmd.com/pain-management/pain-management-arachnoiditis",
        "prevention": [
            "Aspirin",
            "Ibuprofen",
            "Naproxen sodium"
        ]
    },
    {
        "name": "ARDS",
        "link": "https://www.webmd.com/a-to-z-guides/what-is-chikungunya",
        "causes": [
            "Pneumonia",
            "Bleeding that makes you need a transfusion",
            "Inflamed pancreas",
            "Drug overdose",
            "Near-drowning",
            "Burns",
            "Reactions to medications",
            "Breathing food into your lungs (aspiration)"
        ],
        "symptoms": [
            "Shortness of breath",
            "Low blood pressure",
            "Unusually fast breathing",
            "Fast heartbeat",
            "Cough",
            "Fever",
            "Chest pain, especially when breathing deeply",
            "Confusion and exhaustion",
            "Blue-tinted lips or nails from lack of oxygen in your blood",
            "Dizziness"
        ],
        "prevention": [
            "Nutrition and medicine through fluids injected into your blood",
            "Medication to prevent bleeding and blood clots",
            "Medication to keep you calm and comfortable"
        ]
    },
    {
        "name": "Aregenerative Anemia",
        "link": "https://www.webmd.com/lung/ards-acute-respiratory-distress-syndrome"
    },
    {
        "name": "ARG Deficiency",
        "link": "https://www.webmd.com/a-to-z-guides/anemia-rare-types",
        "symptoms": [
            "Fussy",
            "Sleepy or sluggish",
            "Can’t feed",
            "Vomits",
            "Low body temperature",
            "Problems with posture",
            "Seizures",
            "Fast breathing that becomes slow",
            "Coma"
        ],
        "prevention": [
            "Dialysis to remove ammonia from their blood",
            "Feeding them supplements of sugars, fats, and amino acids",
            "Medicines to remove extra nitrogen"
        ]
    },
    {
        "name": "Arginase Deficiency",
        "link": "https://www.webmd.com/children/urea-cycle-disorders",
        "symptoms": [
            "Fussy",
            "Sleepy or sluggish",
            "Can’t feed",
            "Vomits",
            "Low body temperature",
            "Problems with posture",
            "Seizures",
            "Fast breathing that becomes slow",
            "Coma"
        ],
        "prevention": [
            "Dialysis to remove ammonia from their blood",
            "Feeding them supplements of sugars, fats, and amino acids",
            "Medicines to remove extra nitrogen"
        ]
    },
    {
        "name": "Argininemia",
        "link": "https://www.webmd.com/children/urea-cycle-disorders",
        "symptoms": [
            "Fussy",
            "Sleepy or sluggish",
            "Can’t feed",
            "Vomits",
            "Low body temperature",
            "Problems with posture",
            "Seizures",
            "Fast breathing that becomes slow",
            "Coma"
        ],
        "prevention": [
            "Dialysis to remove ammonia from their blood",
            "Feeding them supplements of sugars, fats, and amino acids",
            "Medicines to remove extra nitrogen"
        ]
    },
    {
        "name": "Arhinencephaly",
        "link": "https://www.webmd.com/children/urea-cycle-disorders",
        "causes": [
            "Fever",
            "Drowsiness, lethargy, and possibly coma",
            "Headaches",
            "Personality changes, irritability, or emotional outbursts",
            "Confusion",
            "Weakness in one or more areas of the body",
            "Seizures",
            "Bulging soft spots in infants"
        ],
        "symptoms": [
            "Fever",
            "Drowsiness, lethargy, and possibly coma",
            "Headaches",
            "Personality changes, irritability, or emotional outbursts",
            "Confusion",
            "Weakness in one or more areas of the body",
            "Seizures",
            "Bulging soft spots in infants"
        ],
        "prevention": []
    },
    {
        "name": "Arnold-Chiari Malformation",
        "link": "https://www.webmd.com/a-to-z-guides/understanding-encephalitis-basics",
        "causes": [
            "injury",
            "infection",
            "exposure to toxic substances"
        ],
        "symptoms": [
            "Pain in the lower back of the head into the neck; it usually develops quickly and intensifies with any activity that increases pressure in the brain, such as coughing and sneezing.",
            "Dizziness and problems with balance and coordination",
            "Swallowing difficulties",
            "Sleep apnea"
        ],
        "prevention": [
            "balance",
            "touch",
            "reflexes",
            "sensation",
            "motor skills"
        ]
    },
    {
        "name": "Aromatherapy (Essential Oils Therapy)",
        "link": "https://www.webmd.com/brain/chiari-malformation-symptoms-types-treatment"
    },
    {
        "name": "Arrhythmia",
        "link": "https://www.webmd.com/balance/stress-management/aromatherapy-overview",
        "symptoms": [
            "Palpitations (a feeling of skipped heartbeats, fluttering, or “flip-flops”)",
            "Pounding in your chest",
            "Dizziness or feeling lightheaded",
            "Fainting",
            "Shortness of breath",
            "Chest pain or tightness",
            "Weakness or fatigue (feeling very tired)",
            "Anxiety",
            "Blurry vision",
            "Sweating",
            "Rapid heartbeat",
            "Slow heartbeat"
        ],
        "causes": [
            "Heart disease",
            "The wrong balance of electrolytes (such as sodium or potassium) in your blood",
            "Heart injury or changes such as reduced blood flow or stiff heart tissue",
            "The healing process after heart surgery",
            "Infection or fever",
            "Certain medications, including antidepressants, decongestants, and high blood pressure medications",
            "Problems with electrical signals in your heart",
            "Strong emotions, stress, or surprise",
            "Things in your daily life such as alcohol, tobacco, caffeine, or exercise",
            "Diabetes",
            "High blood pressure",
            "COVID-19 infection",
            "Sleep apnea",
            "Problems with your thyroid gland",
            "Anxiety",
            "Cardiomyopathy ",
            "Changes in hormone levels"
        ],
        "prevention": [
            "Eat a healthy diet. Get plenty of fruits and vegetables, fish, and plant-based proteins. Avoid saturated and trans fats.",
            "Keep cholesterol and blood pressure under control.",
            "Don’t smoke.",
            "Keep a healthy weight.",
            "Exercise regularly.",
            "Manage stress.",
            "Limit alcohol and caffeine."
        ]
    },
    {
        "name": "Arteriovenous Malformation",
        "link": "https://www.webmd.com/heart-disease/atrial-fibrillation/heart-disease-abnormal-heart-rhythm",
        "prevention": []
    },
    {
        "name": "Arteritis, Takayasu",
        "link": "https://www.webmd.com/a-to-z-guides/what-is-pros",
        "symptoms": [
            "A complete medical history and careful physical exam to exclude other illnesses that may have similar symptoms",
            "Imaging studies (such as MRI, X-rays, and angiograms), which show location and severity of vessel damage",
            "Presence of a bruit. Significant narrowing of blood vessels may result in turbulent blood flow through the narrowed area that creates an unusual sound called a \"bruit.\""
        ],
        "causes": [
            "A complete medical history and careful physical exam to exclude other illnesses that may have similar symptoms",
            "Imaging studies (such as MRI, X-rays, and angiograms), which show location and severity of vessel damage",
            "Presence of a bruit. Significant narrowing of blood vessels may result in turbulent blood flow through the narrowed area that creates an unusual sound called a \"bruit.\""
        ],
        "prevention": []
    },
    {
        "name": "Arthritic Rheumatoid Disease",
        "link": "https://www.webmd.com/heart-disease/takayasus-arteritis",
        "symptoms": [
            "Severe headaches, the most common symptom",
            "Scalp tenderness",
            "Jaw or facial soreness, especially with chewing",
            "Vision changes or distorted vision that's caused by decreased blood flow to the eye",
            "Stroke (rare)",
            "Fatigue ",
            "Fever",
            "Weight loss",
            "Night sweats",
            "Depression",
            "Feeling ill "
        ],
        "prevention": []
    },
    {
        "name": "Arthritis",
        "link": "https://www.webmd.com/arthritis/polymyalgia-rheumatica-temporal-arteritis"
    },
    {
        "name": "Arthritis (Osteoarthritis)",
        "link": "https://www.webmd.com/arthritis/default.htm"
    },
    {
        "name": "Arthritis Urethritica",
        "link": "https://www.webmd.com/osteoarthritis/default.htm",
        "causes": [
            "Mouth ulcers",
            "Inflammation of the eye",
            "Keratoderma blennorrhagica (patches of scaly skin on the palms, soles, trunk, or scalp)",
            "Back pain from sacroiliac (SI) joint involvement",
            "Pain from inflammation of the ligaments and tendons at the sites of their insertion into the bone (enthesitis)"
        ],
        "symptoms": [
            "Mouth ulcers",
            "Inflammation of the eye",
            "Keratoderma blennorrhagica (patches of scaly skin on the palms, soles, trunk, or scalp)",
            "Back pain from sacroiliac (SI) joint involvement",
            "Pain from inflammation of the ligaments and tendons at the sites of their insertion into the bone (enthesitis)"
        ],
        "prevention": []
    },
    {
        "name": "Arthritis, Infectious",
        "link": "https://www.webmd.com/arthritis/arthritis-reactive-arthritis",
        "causes": [
            "Hepatitis A, B, and C",
            "Parvovirus B19",
            "HIV (AIDS virus)",
            "HTLV-1",
            "Adenovirus",
            "Coxsackie viruses",
            "Mumps",
            "Alphaviruses",
            "Flaviviruses"
        ],
        "symptoms": [
            "Chills",
            "Fatigue and generalized weakness",
            "Fever",
            "Inability to move the limb with the infected joint",
            "Severe pain in the affected joint, especially with movement",
            "Swelling (increased fluid within the joint)",
            "Warmth (the joint is red and warm to touch because of increased blood flow)"
        ],
        "prevention": []
    },
    {
        "name": "Arthritis, Juvenile Rheumatoid",
        "link": "https://www.webmd.com/arthritis/septic-arthritis-symptoms-diagnosis-and-treatment",
        "causes": [
            "Fevers of 103 F or higher",
            "Pink rash that comes and goes",
            "Eye inflammation",
            "Joint pain or stiffness",
            "Limping",
            "Swelling in joints",
            "Being less active",
            "Trouble with movements of hands or fingers, affecting things like handwriting or coloring",
            "Problems with bone development and growth"
        ],
        "symptoms": [
            "Fevers of 103 F or higher",
            "Pink rash that comes and goes",
            "Eye inflammation",
            "Joint pain or stiffness",
            "Limping",
            "Swelling in joints",
            "Being less active",
            "Trouble with movements of hands or fingers, affecting things like handwriting or coloring",
            "Problems with bone development and growth"
        ],
        "prevention": [
            "Stop inflammation",
            "Ease pain and swelling",
            "Strengthen joints and help them move better",
            "Prevent joint damage and other complications"
        ]
    },
    {
        "name": "Arthritis, Psoriatic",
        "link": "https://www.webmd.com/rheumatoid-arthritis/juvenile-idiopathic-arthritis",
        "symptoms": [
            "Swollen fingers and toes",
            "Foot pain",
            "Lower back pain",
            "Fatigue",
            "Swelling and pain around tendons",
            "Stiffness and tiredness in the morning",
            "Less range of motion",
            "Nail changes",
            "Eye redness and pain",
            "Scaly skin, especially on your knees, elbows, and scalp"
        ],
        "causes": [
            "Genes. Having a parent with psoriasis triples your chance of getting psoriasis and makes you more likely to have psoriatic arthritis.",
            "Infection. An infection that sets off your immune system could be to blame. Psoriasis, for example, is often triggered by strep throat."
        ],
        "prevention": [
            "Nonsteroidal anti-inflammatory drugs (NSAIDs). These are over-the-counter medications like ibuprofen and naproxen.",
            "Disease-modifying antirheumatic drugs (DMARDs). These can slow or stop pain, swelling, and joint and tissue damage. If NSAIDs don’t work, your doctor will try DMARDs. They may take longer to work.",
            "Immunosuppressants. If you can’t take a DMARD, you might get a type of drug called an immunosuppressant. These drugs curb your immune system, which is what’s causing the problem in an autoimmune condition like PsA. But they can also make it more likely that you’ll get an infection.",
            "UV light. Therapy with UVA light can ease skin symptoms in people who have severe psoriasis. But it may also raise your chances of skin cancer.",
            "Biologics. If immune suppression doesn't work, your doctor may prescribe a biologic. These are a newer type of DMARD. Rather than weaken your entire immune system, these medications block a protein that causes inflammation.",
            "Enzyme inhibitor. This works by blocking a certain enzyme, a kind of protein, called PDE-4. That helps slow other reactions that lead to inflammation.",
            "Steroids. These can help control inflammation, but doctors don’t use them often for PsA because they can make your skin rash worse. Doctors prescribe steroids only when you really need them. If you use them for a long time, you could have serious side effects such as brittle bones, weight gain, hypertension, and diabetes.",
            "Surgery. A severely damaged joint can be replaced with a new one made from metal and plastic."
        ]
    },
    {
        "name": "Arthritis, Rheumatoid",
        "link": "https://www.webmd.com/arthritis/psoriatic-arthritis/psoriatic-arthritis-the-basics"
    },
    {
        "name": "Asthma",
        "link": "https://www.webmd.com/rheumatoid-arthritis/default.htm"
    },
    {
        "name": "Atrial Fibrillation",
        "link": "https://www.webmd.com/asthma/default.htm"
    },
    {
        "name": "Autism",
        "link": "https://www.webmd.com/heart-disease/atrial-fibrillation/default.htm"
    },
    {
        "name": "Autogenic Training",
        "link": "https://www.webmd.com/brain/autism/default.htm"
    },
    {
        "name": "Autoimmune Thyroiditis",
        "link": "https://www.webmd.com/pain-management/hypnosis-meditation-and-relaxation-for-pain-treatment",
        "causes": [
            "Are a woman",
            "Are middle-aged",
            "Have another autoimmune disorder like lupus, type 1 diabetes, or rheumatoid arthritis",
            "Are related to someone who has autoimmune thyroiditis",
            "Have been exposed to environmental radiation"
        ],
        "symptoms": [
            "Tiredness",
            "Sensitivity to cold",
            "Puffy face",
            "Trouble pooping",
            "Enlarged tongue",
            "Pale, dry skin and brittle nails",
            "Hair loss",
            "Weight gain",
            "Muscle aches and joint pain",
            "Depression",
            "Memory lapse",
            "Heavy menstrual bleeding"
        ],
        "prevention": [
            "Iron supplements",
            "A cholesterol medicine called cholestyramine (Locholest, Prevalite, Questran)",
            "Antacids that have aluminum hydroxide",
            "An ulcer medicine called sucralfate (Carafate)",
            "Calcium supplements"
        ]
    },
    {
        "name": "Autosomal Dominant Polycystic Kidney Disease",
        "link": "https://www.webmd.com/women/whatis-autoimmune-thyroiditis",
        "symptoms": [
            "Pain in your back or sides, often because of a burst cyst, a kidney stone, or a urinary tract infection",
            "Blood in your pee",
            "Swelling in your belly as the cysts grow"
        ],
        "causes": [
            "What kind of symptoms are you having? When did they start?",
            "How often do you feel that way?",
            "Do you know your blood pressure?",
            "Have you been having any pain? If so, where?",
            "Have you ever had kidney stones? How often do you get them?",
            "Has anyone in your family been diagnosed with kidney disease?",
            "Have you ever had a genetic test?"
        ],
        "prevention": [
            "Medicine to prevent kidney failure. Tolvaptan (Jynarque) can slow the decline of kidney function for adults whose disease is at risk of quickly getting worse.",
            "Medicines to lower your blood pressure",
            "Antibiotics to treat urinary tract infections",
            "Pain medicines"
        ]
    },
    {
        "name": "Avascular Necrosis of Bone",
        "link": "https://www.webmd.com/digestive-disorders/autosomal-dominant-polycystic-kidney-disease",
        "symptoms": [
            "Alcohol. Several drinks a day can cause fat deposits to form in your blood, which lower the blood supply to your bones.",
            "Bisphosphonates. These medications that boost bone density could lead to osteonecrosis of the jaw. This could be more likely if you’re taking them for multiple myeloma or metastatic breast cancer.",
            "Medical treatments. Radiation therapy for cancer can weaken bones. Other conditions linked to AVN include organ transplants, like kidney transplants.",
            "Steroid drugs. Long-term use of these inflammation-fighting drugs, either by mouth or in a vein, leads to 35% of all cases of nontraumatic AVN. Doctors don’t know why, but longtime use of medications like prednisone can lead to AVN. They think the meds can raise fat levels in your blood, which lowers blood flow.",
            "Trauma. Breaking or dislocating a hip can damage nearby blood vessels and cut the blood supply to your bones. AVN may affect 20% or more of people who dislocate a hip.",
            "Blood clots, inflammation, and damage to your arteries. All of these can block blood flow to your bones."
        ],
        "causes": [
            "Alcohol. Several drinks a day can cause fat deposits to form in your blood, which lower the blood supply to your bones.",
            "Bisphosphonates. These medications that boost bone density could lead to osteonecrosis of the jaw. This could be more likely if you’re taking them for multiple myeloma or metastatic breast cancer.",
            "Medical treatments. Radiation therapy for cancer can weaken bones. Other conditions linked to AVN include organ transplants, like kidney transplants.",
            "Steroid drugs. Long-term use of these inflammation-fighting drugs, either by mouth or in a vein, leads to 35% of all cases of nontraumatic AVN. Doctors don’t know why, but longtime use of medications like prednisone can lead to AVN. They think the meds can raise fat levels in your blood, which lowers blood flow.",
            "Trauma. Breaking or dislocating a hip can damage nearby blood vessels and cut the blood supply to your bones. AVN may affect 20% or more of people who dislocate a hip.",
            "Blood clots, inflammation, and damage to your arteries. All of these can block blood flow to your bones."
        ],
        "prevention": [
            "Cut back on alcohol. Heavy drinking is a leading risk factor for AVN.",
            "Keep your cholesterol in check. Small bits of fat are the most common thing blocking blood supply to you bones.",
            "Use steroids carefully. Your doctor should keep tabs on you while you’re taking these medications. Let them know if you’ve used them in the past. Taking them over and over again can worsen bone damage.",
            "Don't smoke. It boosts your AVN risk."
        ]
    },
    {
        "name": "Avian Influenza (Bird Flu)",
        "link": "https://www.webmd.com/arthritis/avascular-necrosis-osteonecrosis-symptoms-treatments",
        "symptoms": [
            "Gut problems: Nausea, belly pain, diarrhea, and vomiting.",
            "Breathing problems: Shortness of breath, serious  respiratory distress or failure, pneumonia, and other respiratory diseases.",
            "Brain or nervous system changes: You might notice shifts in behavior, thinking, or even organ function. Seizures are possible in serious cases."
        ],
        "prevention": []
    },
    {
        "name": "AVM",
        "link": "https://www.webmd.com/cold-and-flu/what-know-about-bird-flu",
        "prevention": []
    },
    {
        "name": "Avoiding Mercury in Fish",
        "link": "https://www.webmd.com/a-to-z-guides/what-is-pros",
        "symptoms": [
            "Anxiety",
            "Mood swings",
            "Memory issues",
            "Tremors ",
            "Depression",
            "Numbness or feeling of pins and needles",
            "Loss of motor skills",
            "Trouble breathing",
            "Vision and speech impairment",
            "Muscle weakness",
            "Trouble with walking "
        ]
    },
    {
        "name": "Axonal Neuropathy, Giant",
        "link": "https://www.webmd.com/diet/mercury-in-fish",
        "causes": [
            "Which muscles are giving you trouble?",
            "Is it worse on one side of your body?",
            "How long have you been feeling this way?",
            "Do you have any numbness or tingling?",
            "Does anything make your symptoms better? What makes them worse?"
        ],
        "symptoms": [
            "Which muscles are giving you trouble?",
            "Is it worse on one side of your body?",
            "How long have you been feeling this way?",
            "Do you have any numbness or tingling?",
            "Does anything make your symptoms better? What makes them worse?"
        ],
        "prevention": []
    },
    {
        "name": "Ayurveda",
        "link": "https://www.webmd.com/brain/multifocal-motor-neuropathy",
        "prevention": [
            "Herbal medicine. A key component of ayurveda, it's used in different combinations, depending on your dosha, and includes licorice, red clover, ginger, and turmeric.",
            "Yoga",
            "Meditation ",
            "Purification programs. Also known as panchakarma, these are used to cleanse your body of undigested food through practices like blood purification, massage, medical oils, herbs, enemas, and laxatives.",
            "Counseling. Your practitioner will help you understand your dosha, how it impacts your life, and how you can change your lifestyle to create more balance and harmony."
        ]
    }
]