[
    {
        "name": "Babesiosis",
        "link": "https://www.webmd.com/a-to-z-guides/babesiosis-blood-infection",
        "symptoms": [
            "Body aches",
            "Chills",
            "Fatigue",
            "Fever",
            "Headache",
            "Loss of appetite",
            "Sweating"
        ],
        "prevention": [
            "Stay away from overgrown grasses and leaf piles, where ticks are likely to be.",
            "Wear long pants tucked into your socks and a long-sleeve shirt when you're near where ticks thrive.",
            "Wear light-colored clothes so you can easily spot ticks.",
            "Use bug repellant that has DEET in it on your skin and clothing.",
            "Before going indoors, check your clothing and pets for ticks.",
            "Once inside, check your entire body for ticks using a full-length or hand-held mirror.",
            "Remove any ticks with pointed tweezers."
        ]
    },
    {
        "name": "Baby",
        "link": "https://www.webmd.com/a-to-z-guides/babesiosis-blood-infection"
    },
    {
        "name": "Baby Hygiene",
        "link": "https://www.webmd.com/parenting/baby/default.htm"
    },
    {
        "name": "Baby Safety",
        "link": "https://www.webmd.com/parenting/baby/baths-hair-and-nails",
        "prevention": [
            "NEVER put strings or cords around your baby's neck (such as to hold a pacifier) or near your baby's crib. Be cautious of strings or buttons on clothing; make sure they are not in danger of choking your baby.",
            "Secure cords on blinds and drapes out of reach to prevent accidental strangulation.",
            "Put away small objects -- even display items -- that can cause injury or choking if swallowed."
        ]
    },
    {
        "name": "Back Pain",
        "link": "https://www.webmd.com/parenting/baby-safety"
    },
    {
        "name": "Bacterial Arthritis",
        "link": "https://www.webmd.com/back-pain/default.htm",
        "causes": [
            "Hepatitis A, B, and C",
            "Parvovirus B19",
            "HIV (AIDS virus)",
            "HTLV-1",
            "Adenovirus",
            "Coxsackie viruses",
            "Mumps",
            "Alphaviruses",
            "Flaviviruses"
        ],
        "symptoms": [
            "Chills",
            "Fatigue and generalized weakness",
            "Fever",
            "Inability to move the limb with the infected joint",
            "Severe pain in the affected joint, especially with movement",
            "Swelling (increased fluid within the joint)",
            "Warmth (the joint is red and warm to touch because of increased blood flow)"
        ],
        "prevention": []
    },
    {
        "name": "Bacterial Meningitis",
        "link": "https://www.webmd.com/arthritis/septic-arthritis-symptoms-diagnosis-and-treatment",
        "symptoms": [
            "Confusion",
            "Fever",
            "Headache",
            "Numbness in your face",
            "Sensitivity to light",
            "Stiff neck so that you can’t lower your chin to your chest",
            "Upset stomach or vomiting",
            "Severe headache with nausea or vomiting",
            "A hard time concentrating",
            "Seizures",
            "Sleepiness or a hard time waking up",
            "Lack of appetite",
            "Lack of thirst"
        ],
        "causes": [
            "Autoimmune disorders",
            "Cancer medications",
            "Syphilis",
            "Tuberculosis"
        ],
        "prevention": [
            "Wash your hands often. Rinse well. Also, teach your kids to wash their hands often, especially after eating, using the toilet, or when they’re in public places.",
            "Don’t share items such as toothbrushes, eating utensils, or lipstick.",
            "Don’t share food items or drinks with other people.",
            "Cover your mouth and nose when you cough or sneeze.",
            "Stay healthy. Eat a healthy diet, get plenty of exercise, and rest at night.",
            "If you’re pregnant, eat well-cooked food.Avoid foods made from unpasteurized milk and raw or undercooked meats, fish, and eggs. ",
            "Get immunized. Follow your doctor’s advice on getting immunization shots for diseases that may cause meningitis, including flu and pneumonia vaccines."
        ]
    },
    {
        "name": "Bacterial Meningococcal Meningitis",
        "link": "https://www.webmd.com/children/understanding-meningitis-basics",
        "causes": [
            "General poor feeling",
            "Sudden high fever",
            "Severe, persistent headache",
            "Neck stiffness",
            "Nausea or vomiting",
            "Discomfort in bright lights",
            "Drowsiness or difficulty awakening",
            "Joint pain",
            "Confusion or other mental changes"
        ],
        "symptoms": [
            "General poor feeling",
            "Sudden high fever",
            "Severe, persistent headache",
            "Neck stiffness",
            "Nausea or vomiting",
            "Discomfort in bright lights",
            "Drowsiness or difficulty awakening",
            "Joint pain",
            "Confusion or other mental changes"
        ],
        "prevention": [
            "You notice symptoms of meningococcal meningitis.",
            "Symptoms do not improve with treatment.",
            "You think you have been exposed to meningococcal meningitis."
        ]
    },
    {
        "name": "Bacterial Vaginosis",
        "link": "https://www.webmd.com/children/meningococcal-meningitis-symptoms-causes-treatments-and-vaccines",
        "symptoms": [
            "Pain, burning, or itching in the vagina",
            "Burning sensation when you pee",
            "Fishy smell that gets stronger after sex",
            "Thin white, gray, or green discharge",
            "Stomach pain",
            "Higher vaginal pH"
        ],
        "causes": [
            "Smoke.",
            "Are sexually active. Being sexually active is a risk factor, especially if you don’t use condoms or dental dams. BV isn’t sexually transmitted, but researchers think that sex may change the balance of bacteria in your vagina, which makes an overgrowth of unhealthy bacteria more likely.",
            "Use a douche. Douching upsets the natural balance of bacteria. So can scented soaps, bubble baths, and vaginal deodorants.",
            "Have a new or multiple sex partners. Having a new sex partner, or more than one, makes it more likely for you to develop BV. It isn’t clear why, but people with vaginas who have female partners are most at risk. You can get BV from oral, vaginal, and anal sex.",
            "Are in your reproductive years. Children and people who have never had sex or who are not sexually active rarely get BV. More research is needed to know how common BV is after menopause.",
            "Use an intrauterine device (IUD). Using an IUD, which is a form of birth control that fits inside your uterus, has also been linked to BV, especially if you have irregular bleeding. But it isn’t clear whether it’s a direct cause.",
            "Have a naturally low level of lactobacilli bacteria in your vagina.",
            "Are taking antibiotics."
        ],
        "prevention": [
            "Clean sex toys after every use.",
            "Get tested for STDs, and make sure your sex partners are tested.",
            "Limit your number of sex partners.",
            "Use a condom or dental dam during sex.",
            "Use only water or mild unscented soap to wash your vagina."
        ]
    },
    {
        "name": "Bad or Changed Breath",
        "link": "https://www.webmd.com/women/what-is-bacterial-vaginosis",
        "causes": [
            "Seasonal allergies",
            "Respiratory tract infections such as pneumonia or bronchitis",
            "Long-term (chronic) sinus infections",
            "Postnasal drip",
            "Diabetes",
            "Chronic acid reflux",
            "Gastrointestinal issues",
            "Chronic lung infection",
            "Liver or kidney problems"
        ],
        "prevention": []
    },
    {
        "name": "Balance",
        "link": "https://www.webmd.com/oral-health/bad-breath"
    },
    {
        "name": "Baldness",
        "link": "https://www.webmd.com/balance/default.htm",
        "causes": [
            "Hormones, such as abnormal levels of androgens (male hormones normally produced by both men and women)",
            "Genes, from both male and female parents, may influence a person's predisposition to male or female pattern baldness.",
            "Stress, illness, and childbirth can cause temporary hair loss. Ringworm caused by a fungal infection can also cause hair loss. Learn what you can do to help reverse hair loss caused by stress.",
            "Drugs, including chemotherapy drugs used in cancer treatment, blood thinners, beta-adrenergic blockers used to control blood pressure, and birth control pills, can cause temporary hair loss.",
            "Burns, injuries, and X-rays can cause temporary hair loss. In such cases, normal hair growth usually returns once the injury heals unless a scar is produced. Then, hair will never regrow.",
            "Autoimmune disease may cause alopecia areata. In alopecia areata, the immune system revs up for unknown reasons and affects the hair follicles. In most people with alopecia areata, the hair grows back, although it may temporarily be very fine and possibly a lighter color before normal coloration and thickness return.",
            "Cosmetic procedures, such as shampooing too often, perms, bleaching, and dyeing hair can contribute to overall hair thinning by making hair weak and brittle. Tight braiding, using rollers or hot curlers, and running hair picks through tight curls can also damage and break hair. However, these procedures don't cause baldness. In most instances hair grows back normally if the source of the problem is removed. Still, severe damage to the hair or scalp sometimes causes permanent bald patches.",
            "Medical conditions. Thyroid disease, lupus, diabetes, iron deficiency anemia, eating disorders, and anemia can cause hair loss. Most times, when the underlying condition is treated, the hair will return unless there is scarring as in some forms of lupus, lichen planus, or follicular disorders.",
            "Diet. A low-protein diet or severely calorie-restricted diet can also cause temporary hair loss. Get information about foods that can help prevent hair loss.",
            "Vitamin deficiencies. Deficiencies in vitamins A, B, C, D, and E, as well as iron and zinc, have been associated with hair loss."
        ]
    },
    {
        "name": "Balo Disease",
        "link": "https://www.webmd.com/skin-problems-and-treatments/hair-loss/understanding-hair-loss-basics",
        "symptoms": [
            "Headaches",
            "Seizures",
            "Muscle pain and spasms",
            "Muscle weakness",
            "Paralysis over time",
            "Trouble speaking",
            "Trouble thinking or understanding others",
            "Changes in behavior"
        ],
        "causes": [],
        "prevention": []
    },
    {
        "name": "Barrett Esophagus",
        "link": "https://www.webmd.com/multiple-sclerosis/balos-disease",
        "symptoms": [
            "Trouble swallowing food",
            "Frequent heartburn",
            "Chest pain",
            "A sour or burning feeling in the throat",
            "An ongoing cough",
            "Blood in their poop",
            "Weight loss",
            "Nausea",
            "Laryngitis"
        ],
        "prevention": [
            "Proton pump inhibitors (PPIs) that block the production of stomach acid and help control GERD symptoms long-term. They can also prevent further damage to your esophagus and, in some cases, heal existing damage.",
            "Antacids to neutralize stomach acid. These are particularly helpful for occasional reflux. Antacids can worsen the problem if taken too much, because they tend to cause your body to make more acid.",
            "Histamine 2 (H2)blockers that lessen the release of stomach acid. These also heal esophagus damage in about 50% of people.",
            "Promotility agents, which are drugs that speed up the movement of food from the stomach to the intestines. They may be coupled with antacids.",
            "Baclofen, which is a muscle relaxer, may reduce how often you have acid reflux. ",
            "GERD treatment. Your doctor may consider anti-reflux surgery if you have GERD symptoms and medicines aren't working for you. This could include procedures to correct hiatal hernia or to tighten the LES."
        ]
    },
    {
        "name": "Bartholin Gland Cyst",
        "link": "https://www.webmd.com/heartburn-gerd/barretts-esophagus-symptoms-causes-and-treatments",
        "symptoms": [
            "Swelling in the area",
            "Redness",
            "Drainage",
            "Growth in size",
            "Fever and chills (if you have an abscess)"
        ],
        "causes": [
            "Injury to the area or after childbirth, with or without an episiotomy",
            "Sexually transmitted infections (STIs) like gonorrhea or chlamydia (in rare cases)",
            "Bacterial infections like E. coli. "
        ],
        "prevention": []
    },
    {
        "name": "Bartter's Syndrome",
        "link": "https://www.webmd.com/women/bartholins-gland-cyst",
        "symptoms": [
            "Constipation",
            "Frequent urination",
            "Generally feeling unwell",
            "Muscle weakness and cramping",
            "Salt cravings",
            "Severe thirst",
            "Slower than normal growth and development"
        ],
        "causes": [
            "Too little salt can cause dehydration, constipation, and frequent peeing.",
            "Too little calcium can weaken bones and cause frequent kidney stones.",
            "Low blood levels of potassium can cause muscle weakness, cramping, and fatigue."
        ],
        "prevention": [
            "Indomethacin, an anti-inflammatory drug that helps their body make less urine",
            "Potassium-sparing diuretics, which help them keep potassium",
            "RAAS inhibitors, which help keep them from losing potassium",
            "Calcium, potassium or magnesium supplements or a combination of them",
            "Food high in salt, water, and potassium",
            "Fluids put directly into a vein (for infants with severe forms)"
        ]
    },
    {
        "name": "Basal Cell Carcinoma",
        "link": "https://www.webmd.com/children/bartter-syndrome-facts",
        "symptoms": [
            "An open sore that doesn't heal. It might ooze liquid or blood or form a crust. It might go away and then come back.",
            "A reddish, irritated-looking patch of skin. This could be on your face, chest, shoulder, arm, or leg. It might not bother you at all. Or it could itch or form a crust.",
            "A shiny bump. On white skin, it might appear pearly, clear, pink, red, or white. On darker skin, it might be tan, black or brown. If you have darker skin, you might mistake it for a mole.",
            "A small pink growth with a slightly raised edge and a crusty dent in the middle. You might see tiny blood vessels on the surface. ",
            "An area that looks like a scar. It could be white, yellow, or waxy. The skin may be shiny and tight. The area might not have obvious borders."
        ],
        "causes": [
            "Exposure to UV rays, either from the sun or indoor tanning",
            "History of skin cancer, including other types such as squamous cell carcinoma and melanoma ",
            "Your age. People older than 50 get basal cell carcinoma more often.",
            "Fair skin. Anyone can get basal cell carcinoma. But the chances are higher if you have skin that burns or freckles easily. ",
            "Being a man or assigned male at birth. Women, or people assigned female at birth, are less likely to get basal cell carcinoma.",
            "Ongoing skin infections and inflammation from burns, scars, or other problems."
        ],
        "prevention": [
            "Large",
            "In a sensitive area of your body",
            "Has been there for a long time",
            "Came back after you had other treatments"
        ]
    },
    {
        "name": "Basic Dental Care",
        "link": "https://www.webmd.com/melanoma-skin-cancer/basal-cell-carcinoma"
    },
    {
        "name": "Basic Metabolic Panel",
        "link": "https://www.webmd.com/oral-health/teeth-and-gum-care"
    },
    {
        "name": "Batten Disease",
        "link": "https://www.webmd.com/a-to-z-guides/comprehensive-metabolic-panel",
        "symptoms": [
            "Seizures",
            "Changes in personality and behavior",
            "Dementia",
            "Speech and motor skills problems that get worse over time"
        ],
        "prevention": []
    },
    {
        "name": "B-Cell Acute Lymphoblastic Leukemia for Adults",
        "link": "https://www.webmd.com/children/batten-disease",
        "causes": [
            "Shortness of breath",
            "Repeated infections",
            "Bruise easily",
            "Frequent bleeding, such as nosebleeds or from your gums"
        ],
        "symptoms": [
            "Shortness of breath",
            "Repeated infections",
            "Bruise easily",
            "Frequent bleeding, such as nosebleeds or from your gums"
        ],
        "prevention": []
    },
    {
        "name": "BD",
        "link": "https://www.webmd.com/cancer/lymphoma/b-cell-acute-lymphoblastic-leukemia-adults",
        "symptoms": [
            "Sores on the lips, tongue, and inside of the cheek",
            "Mouth pain"
        ],
        "causes": [
            "Age: Although you can get it at any age, it usually shows up when you’re in your 20s or 30s.",
            "Genes: Certain genes (a portion of your DNA) are linked to this condition.",
            "Sex: Although anyone can get it, it affects more men, more severely, than women.",
            "Where you live: Behcet’s syndrome is very rare in the U.S. It’s more common in the Middle East and Asia."
        ],
        "prevention": []
    },
    {
        "name": "Beauty",
        "link": "https://www.webmd.com/skin-problems-and-treatments/behcet-syndrome"
    },
    {
        "name": "Bilateral Acoustic Neurofibromatosis",
        "link": "https://www.webmd.com/beauty/default.htm",
        "symptoms": [
            "\n\n\n\n\n\n\n\n\n\n\n\t\t\t\t\t\t\t\t\t\t\t\t\t\tNeurofibromatosis. Also called Recklinghausen’s disease, neurofibromatosis is characterized by areas of pigmentation like this café au lait spot on a 16-year-old. NF1 is a genetic disorder of the nervous system causing neurofibromas (tumors) to grow on the fibrous covering of nerves. Spots like this one can appear on the skin and can sometimes be accompanied by physical deformation. Most are benign but they can become malignant and those with NF1 have a predisposition to brain tumors and various forms of cancer. People with this disorder should seek genetic counseling before planning a child. Dermatologists look for more than six cafe au lait macules greater than 5mm in greatest diameter in pre-pubescent kids and greater than 15 mm in postpubertal people to initiate a workup for Neurofibromatosis 1.\n\t\t\t\t\t\t\t\t\t\t\t\t\t\n\n\n\nSeveral (usually 6 or more) café au lait spots",
            "Multiple freckles in the armpit or groin area",
            "Tiny growths in the iris (colored area) of the eye; these are called Lisch nodules and usually do not affect eyesight.",
            "Neurofibromas that occur on or under the skin, sometimes even deep within the body. These are benign (harmless) tumors. But in rare cases, they can turn malignant or cancerous.",
            "Bone deformities, including a twisted spine (scoliosis) or bowed legs",
            "Tumors along the optic nerve, which may cause eyesight problems",
            "Nerve-related pain",
            "High blood pressure",
            "Osteoporosis",
            "Learning disabilities",
            "Large head size",
            "Short stature"
        ],
        "causes": [
            "Neurofibromatosis 1 (NF1): The NF1 gene on chromosome 17 makes a protein called neurofibromin that controls your cells’ growth. The mutation of this gene causes a neurofibromin loss and uncontrolled cell growth.",
            "Neurofibromatosis 2 (NF2): The NF2 gene on chromosome 22 makes a protein called merlin or schwannomin. It suppresses tumors. Changes to this gene cause a loss of merlin and uncontrolled cell growth.",
            "Schwannomatosis: Mutations of the two known genes linked to schwannomatosis, SMARCB1 and LZTR1, which both suppress tumors, are associated with this type of neurofibromatosis."
        ],
        "prevention": [
            "Surgery to remove problem growths or tumors",
            "Treatment that includes chemotherapy or radiation if a tumor has turned malignant, or cancerous",
            "Surgery for bone problems, like scoliosis",
            "Therapy (including physical therapy, counseling, or support groups)",
            "Cataract removal surgery",
            "Aggressive treatment of pain linked to the condition",
            "Stereotactic radiosurgery",
            "Auditory brainstem and cochlear implants"
        ]
    },
    {
        "name": "Bilateral Acoustic Neuroma",
        "link": "https://www.webmd.com/pain-management/neurofibromatosis",
        "symptoms": [
            "Problems with balance",
            "Vertigo (feeling like the world is spinning)",
            "Facial numbness and tingling, which may be constant or come and go",
            "Facial weakness",
            "Taste changes",
            "Difficulty swallowing and hoarseness",
            "Headaches",
            "Clumsiness or unsteadiness",
            "Confusion"
        ],
        "causes": [
            "Observation",
            "Surgery",
            "Radiation therapy"
        ],
        "prevention": [
            "Observation",
            "Surgery",
            "Radiation therapy"
        ]
    },
    {
        "name": "Bilateral Polycystic Ovarian Syndrome",
        "link": "https://www.webmd.com/brain/acoustic-neuroma-causes-symptoms-treatments",
        "symptoms": [
            "Hair loss. PCOS can cause the hair on your head to get thinner, especially if you're middle-aged or older.",
            "Excess face and body hair (hirsutism). At the same time, hair may grow in places you don’t want it, like your face, chest, belly, arms, fingers, and toes.",
            "Oily skin. Extra androgens can lead to oilier skin.",
            "Acne. You might have breakouts on your face, chest, and/or back.",
            "Darkened skin. Patches of skin that look darker than the surrounding area can show up under your breasts or arms, or on your neck.",
            "Skin tags. These little flaps of excess skin most often appear on your neck or armpits.",
            "PCOS pain. You may have pain in your lower-belly (pelvic) area during your period and occasionally at other times.",
            "Weight gain (PCOS belly). About 50% of those with PCOS have weight gain, especially in the abdominal (belly) area.",
            "Ovarian cysts. When you have an ultrasound, your doctor might notice that your ovaries look bigger or have lots of egg sac cysts (follicles).",
            "Mood changes. PCOS raises your risk of mood swings and feelings of depression or anxiety. This can be caused by hormonal changes as well as the strain of dealing with PCOS symptoms."
        ],
        "causes": [
            "Excess weight. The link between weight and PCOS is complicated. Weight gain plays a role in the development of the condition. But PCOS can alsocontribute to weight gain.",
            "High levels of androgens. This condition, called hyperandrogenism, affects most people with PCOS.",
            "Insulin resistance. Extra insulin can affect your ovaries and their ability to release eggs (ovulate). It can also make it easier to gain weight and harder to lose it.",
            "Long-term, low-grade inflammation. This also contributes to your body's overproduction of androgens."
        ],
        "prevention": [
            "Hormonal birth control. If you aren’t planning to get pregnant, your doctor might prescribe hormonal birth control, such as the patch, pill, shot, or hormonal IUD. They might contain estrogen, progesterone, or both. They can get your periods on track, help with acne and extra body hair, and lower your risk of endometrial cancer.",
            "Progestin therapy. This hormone can help normalize your menstrual cycle and reduce your odds of uterine cancer. It doesn't prevent pregnancy or reduce levels of androgens.",
            "Insulin-sensitizing medications. Metformin, a drug used to treat type 2 diabetes, helps lower insulin and androgen levels. While it's not FDA-approved to treat PCOS, it can help with ovulation and period problems.",
            "Androgen blockers. These drugs block the effects of the extra male hormones that cause issues such as unwanted hair growth and acne. But don't take them if you're pregnant or plan to get pregnant, because they can cause birth defects. While you're on them, you should use two different types of birth control."
        ]
    },
    {
        "name": "Biliary Atresia, Extrahepatic",
        "link": "https://www.webmd.com/women/what-is-pcos",
        "causes": [
            "Change in a gene",
            "Problem with the immune system",
            "Problem with the way the liver or bile ducts develop in the womb",
            "Toxic substances",
            "Viral or bacterial infection after birth"
        ],
        "symptoms": [
            "X-rays: A small amount of radiation creates a picture that's recorded on film or a computer. This checks for an enlarged liver and spleen.",
            "Ultrasound: High-frequency sound waves show detailed images of their organs.",
            "Liver scans: Special X-rays use chemicals to create an image of their liver and bile ducts. This can show if and where the flow of bile is blocked.",
            "Liver biopsy: Their doctor will take a small sample of tissue so it can be looked at under a microscope. This can show if it's likely they have biliary atresia and help rule out other liver problems such as hepatitis.",
            "Diagnostic surgery: They'll be given medicine to make them sleep, and their doctor will make a small cut in their stomach area so they can look at their liver and bile ducts."
        ],
        "prevention": []
    },
    {
        "name": "Biliary Cirrhosis, Primary",
        "link": "https://www.webmd.com/parenting/baby/biliary-atresia",
        "causes": [
            "Yellow skin and eyes (jaundice)",
            "Swollen feet and ankles",
            "Pain and swelling in your abdomen",
            "Bone, muscle, or joint pain",
            "Darkened skin"
        ],
        "symptoms": [
            "Yellow skin and eyes (jaundice)",
            "Swollen feet and ankles",
            "Pain and swelling in your abdomen",
            "Bone, muscle, or joint pain",
            "Darkened skin"
        ],
        "prevention": []
    },
    {
        "name": "Binge Drinking",
        "link": "https://www.webmd.com/digestive-disorders/primary-biliary-cirrhosis",
        "prevention": [
            "Limit how much you have at one time. If you drink, experts recommend an average of no more than one drink per day for women and two for men.",
            "Drink more slowly.",
            "Have some food while you drink.",
            "Alternate alcoholic drinks with nonalcoholic ones. Water is best.",
            "Make a plan. Drink with people you trust, and know how you’ll get home safely."
        ]
    },
    {
        "name": "Binge Eating Disorder",
        "link": "https://www.webmd.com/mental-health/addiction/binge-drinking"
    },
    {
        "name": "Binge-Purge Disorder",
        "link": "https://www.webmd.com/mental-health/eating-disorders/binge-eating-disorder/default.htm",
        "causes": [
            "Being female",
            "Depression and anxiety disorders",
            "Substance use disorders",
            "Traumatic events",
            "Stress",
            "Frequent dieting"
        ],
        "symptoms": [
            "Dental problems",
            "Sore throat",
            "Swollen glands in your neck and face",
            "Heartburn, indigestion, bloating",
            "Irregular periods",
            "Weakness, exhaustion, bloodshot eyes",
            "Calluses on your knuckles or backs of your hands from making yourself vomit",
            "Gaining and losing weight often. Your weight is usually in the normal range, but you may be overweight.",
            "Dizziness or fainting",
            "Feeling cold all the time",
            "Sleep problems",
            "Dry skin, and dry and brittle nails"
        ],
        "prevention": [
            "Have regular family mealtimes as often as possible.",
            "Don't talk about weight with your children. Instead, focus on healthy habits.",
            "Try to promote a healthy, realistic body image in your kids.",
            "Discourage fad dieting."
        ]
    },
    {
        "name": "Biofeedback",
        "link": "https://www.webmd.com/mental-health/eating-disorders/bulimia-nervosa/mental-health-bulimia-nervosa"
    },
    {
        "name": "Bioterrorism",
        "link": "https://www.webmd.com/pain-management/biofeedback-therapy-uses-benefits"
    },
    {
        "name": "Bipolar Disorder",
        "link": "https://www.webmd.com/first-aid/first-aid-kits-treatment"
    },
    {
        "name": "Bipolar Disorder in Child and Teens",
        "link": "https://www.webmd.com/bipolar-disorder/default.htm"
    },
    {
        "name": "Bird Flu (Avian Influenza)",
        "link": "https://www.webmd.com/bipolar-disorder/bipolar-children-teens",
        "symptoms": [
            "Gut problems: Nausea, belly pain, diarrhea, and vomiting.",
            "Breathing problems: Shortness of breath, serious  respiratory distress or failure, pneumonia, and other respiratory diseases.",
            "Brain or nervous system changes: You might notice shifts in behavior, thinking, or even organ function. Seizures are possible in serious cases."
        ],
        "prevention": []
    },
    {
        "name": "Birth Control",
        "link": "https://www.webmd.com/cold-and-flu/what-know-about-bird-flu"
    },
    {
        "name": "Birth Defects Testing",
        "link": "https://www.webmd.com/sex/birth-control/default.htm"
    },
    {
        "name": "Birthmarks",
        "link": "https://www.webmd.com/baby/your-guide-prenatal-testing",
        "causes": [],
        "prevention": [],
        "symptoms": []
    },
    {
        "name": "Birthmarks Slideshow",
        "link": "https://www.webmd.com/skin-problems-and-treatments/birthmarks"
    },
    {
        "name": "Biting",
        "link": "https://www.webmd.com/skin-problems-and-treatments/ss/slideshow-birthmarks"
    },
    {
        "name": "Black Death",
        "link": "https://www.webmd.com/parenting/stop-children-from-biting",
        "symptoms": [
            "Bleeding under your skin or from your mouth, nose, or bottom",
            "Blackened skin, especially on your nose, fingers, and toes",
            "Belly pain, diarrhea, vomiting, and shock"
        ],
        "causes": [
            "Touch a living or dead animal that might have been infected, like a rat, mouse, squirrel, rabbit, or chipmunk",
            "Work with animals regularly",
            "Spend a lot of time outdoors working, hiking, camping, or hunting",
            "Spend time with someone who has the plague"
        ],
        "prevention": [
            "Fill holes and gaps in your home to stop mice, rats, and squirrels from getting in.",
            "Clean up your yard. Get rid of piles of leaves, wood, and rocks where animals might make their homes.",
            "Use bug repellent with DEET to prevent flea bites when you hike or camp.",
            "Wear gloves if you have to touch wild animals, alive or dead.",
            "Use flea control sprays or other treatments on your pets.",
            "Don’t let outdoor pets like cats or dogs sleep in your bed."
        ]
    },
    {
        "name": "Black Eye",
        "link": "https://www.webmd.com/a-to-z-guides/plague-faq",
        "symptoms": [
            "There was loss of consciousness as a result of the injury.",
            "Black eyes appear that affect one or both eyes after a head injury; you should be checked by a doctor for possible skull fracture.",
            "You have blurry or double vision.",
            "You can't move your eyeball in all directions."
        ],
        "causes": [
            "There was loss of consciousness as a result of the injury.",
            "Black eyes appear that affect one or both eyes after a head injury; you should be checked by a doctor for possible skull fracture.",
            "You have blurry or double vision.",
            "You can't move your eyeball in all directions."
        ]
    },
    {
        "name": "Black Hairy Tongue",
        "link": "https://www.webmd.com/eye-health/understanding-black-eye-basics",
        "causes": [
            "poor oral hygiene",
            "smoking tobacco",
            "drinking a lot of coffee or tea",
            "using antibiotics (which may disrupt the normal balance of bacteria in the mouth)",
            "being dehydrated",
            "taking medications that contain the chemical bismuth (such as Pepto-Bismol for upset stomach)",
            "not producing enough saliva",
            "regularly using mouthwash that contains peroxide, witch hazel, or menthol",
            "getting radiation therapy to the head and neck"
        ],
        "symptoms": [
            "If you smoke, quit.",
            "Add more roughage to your diet. Soft foods won't clean off the tongue effectively."
        ],
        "prevention": [
            "If you smoke, quit.",
            "Add more roughage to your diet. Soft foods won't clean off the tongue effectively."
        ]
    },
    {
        "name": "Black Lung Disease",
        "link": "https://www.webmd.com/oral-health/black-hairy-tongue"
    },
    {
        "name": "Black Widow Spider Bite",
        "link": "https://www.webmd.com/lung/lung-diseases-overview",
        "symptoms": [
            "Muscles that begin to hurt and get stiff, usually within 8 hours",
            "Nausea or vomiting",
            "Trouble breathing",
            "Serious belly pain or cramping",
            "Heavy sweating",
            "Rash and itching",
            "Swollen eyelids",
            "Weakness or shaking",
            "You can't move your legs"
        ],
        "prevention": []
    },
    {
        "name": "Bladder Cancer",
        "link": "https://www.webmd.com/skin-problems-and-treatments/black-widow-spider-bite"
    },
    {
        "name": "Bladder Infections in Children",
        "link": "https://www.webmd.com/cancer/bladder-cancer/default.htm",
        "symptoms": [
            "Burning or pain when your child pees",
            "Foul-smelling or cloudy pee",
            "An urgent need to go, and then only peeing a few drops",
            "Fever",
            "Nausea or vomiting",
            "Diarrhea"
        ],
        "prevention": []
    },
    {
        "name": "Bladder Infections in Teens and Adults",
        "link": "https://www.webmd.com/children/if-your-child-gets-a-uti",
        "causes": [
            "Basics",
            "Symptoms",
            "Diagnosis and Treatment",
            "Prevention"
        ]
    },
    {
        "name": "Bleeding from a Minor Head Wound",
        "link": "https://www.webmd.com/a-to-z-guides/understanding-bladder-infections-basic-information",
        "causes": [
            "Car or motorcycle accidents ",
            "Falls",
            "Child abuse",
            "Acts of violence"
        ],
        "symptoms": [
            "Confusion",
            "Depression",
            "Dizziness or balance problems",
            "Double or fuzzy vision",
            "Feeling foggy or groggy",
            "Feeling sluggish or tired",
            "Headache",
            "Memory loss",
            "Nausea",
            "Sensitivity to light or noise",
            "Sleep disturbance",
            "Trouble concentrating",
            "Trouble remembering"
        ],
        "prevention": [
            "Baseball and softball",
            "Cycling",
            "Football",
            "Hockey",
            "Horseback riding",
            "Riding powered recreational vehicles",
            "Skateboarding and riding scooters",
            "Skiing",
            "Snowboarding",
            "Wrestling"
        ]
    },
    {
        "name": "Blepharitis",
        "link": "https://www.webmd.com/fitness-exercise/head-injuries-causes-and-treatments",
        "symptoms": [
            "Feeling like something is in your eye",
            "A burning feeling in your eye",
            "Sensitivity to light",
            "Blurry vision",
            "Dry eyes",
            "Red eyes",
            "Watery eyes",
            "Crusty eyelashes when you wake up in the morning"
        ],
        "causes": [
            "Excess bacteria",
            "A blocked oil gland on your eyelid",
            "Hormone problems",
            "Allergies",
            "Infection with a virus",
            "Skin conditions such as seborrheic dermatitis, rosacea, and eczema",
            "Tiny insects called mites"
        ],
        "prevention": [
            "Keep your eyelids clean.",
            "Remove all eye makeup before bed.",
            "Don’t use eyeliner on the back edges of your eyelids, behind the lashes.",
            "If you’re in the early stages of treating blepharitis, prevent further irritation by not using makeup.",
            "Once you start to use it again, replace products that you use in or near your eyelids. They may be contaminated."
        ]
    },
    {
        "name": "Blisters",
        "link": "https://www.webmd.com/eye-health/blepharitis",
        "causes": [
            "Pemphigus vulgaris, a possibly life-threatening skin disease, causes painful blisters in the mouth or skin. They become raw and crusted over after they burst.",
            "Bullous pemphigoid causes less severe blisters that heal faster and are not life-threatening. It mostly happens in elderly people.",
            "Dermatitis herpetiformis causes small, itchy blisters. It's a long-term condition that usually starts when you're a young adult. It's linked to gluten sensitivity."
        ],
        "prevention": [
            "Pus leaking out",
            "Swelling",
            "Redness"
        ]
    },
    {
        "name": "Blocked Tear Ducts",
        "link": "https://www.webmd.com/skin-problems-and-treatments/understanding-blisters-basics",
        "causes": [
            "The holes in the corners of the eyes, the puncta, narrow due to age.",
            "Trauma cuts the drainage duct.",
            "Harmless debris or small particles get stuck in the duct.",
            "A broken nose or other injury leaves scar tissue that presses on the tear duct.",
            "Small, rounded growths called polyps form in the nose and block the duct.",
            "An infection in the eye or nose causes swelling around the tear duct. Conjunctivitis (pinkeye), an infection of the conjunctiva, the clear membrane that covers the eye, is one common infection that can cause blocked tear ducts.",
            "A tumor presses on the drainage system.",
            "Sinus surgery damages the tear ducts or the holes that drain to them.",
            "Eye drops to treat glaucoma make the conjunctiva and the tear ducts swell.",
            "Radioactive iodine and chemotherapy treatment for cancer cause swelling in the tear ducts."
        ],
        "prevention": [
            "Massage. Rubbing the corners of your, or your baby's, eyes twice a day can release fluid and open up the tissue that covers the tear ducts.",
            "Tear duct probing. If a tear duct doesn't open on its own by your baby's first birthday, the doctor can place a thin probe into the puncta to open the tissue covering the duct.",
            "Balloon catheter dilation. The doctor threads a thin tube called a catheter into the tear duct. A pump inflates a balloon at the end of the tube to widen the duct.",
            "Intubation. A tiny tube is threaded through the tear ducts to the inside of the nose. The tubes stay in place for 3 to 6 months to open up the ducts and let tears drain.",
            "Surgery. Dacryocystorhinostomy is a type of surgery to bypass the blocked tear duct in adults who haven't gotten better with other treatments. It creates a new route for tears to drain from the eye."
        ]
    },
    {
        "name": "Blood Transfusion",
        "link": "https://www.webmd.com/eye-health/what-are-blocked-tear-ducts"
    },
    {
        "name": "BMI Calculator",
        "link": "https://www.webmd.com/a-to-z-guides/blood-transfusion-what-to-know"
    },
    {
        "name": "Body Piercings",
        "link": "https://www.webmd.com/diet/body-bmi-calculator"
    },
    {
        "name": "Bone Spurs",
        "link": "https://www.webmd.com/teens/teen-girls-body-ear-piercing",
        "causes": [
            "Overuse – for example, if you run or dance a lot over a long period of time",
            "Genes",
            "Diet",
            "Obesity",
            "Bone problems that you were born with",
            "Narrowing of the spine (spinal stenosis)"
        ],
        "symptoms": [
            "Pain in the affected joint",
            "Pain or stiffness when you try to bend or move the affected joint",
            "Weakness, numbness, or tingling in your arms or legs if the bone spur presses on nerves in your spine",
            "Muscle spasms, cramps, or weakness",
            "Bumps under your skin, seen mainly in the hands and fingers",
            "Trouble controlling your bladder or bowels if the bone spur presses on certain nerves in your spine (a symptom that's seen very rarely)"
        ],
        "prevention": [
            "Wear shoes with a wide toe box, good arch support, and enough cushion to pad each step. Get your shoes fitted by a professional so they don't rub against your feet when you walk. Wear thick socks to prevent your shoes from rubbing.",
            "Eat a well-rounded diet with plenty of calcium and vitamin D to protect your bones.",
            "Do regular weight-bearing exercises like walking or stair climbing to keep your bones strong.",
            "Try to keep the extra pounds off."
        ]
    },
    {
        "name": "Bone Tumor-Epidermoid Cyst-Polyposis",
        "link": "https://www.webmd.com/pain-management/what-are-bone-spurs",
        "causes": [
            "Other diseases. Colorectal cancer is strongly associated with certain other diseases. Those people considered at high risk include anyone with a personal or family history of colon polyps or colon cancer, inflammatory disease of the colon such as ulcerative colitis or Crohn's disease, and cancers of the pancreas, breast, ovaries, or uterus.",
            "Heredity. As with any cancer, susceptibility to colorectal cancer is at least partly determined by genetic makeup. A few people inherit medical conditions, such as familial adenomatous polyposis (FAP), MYH-associated polyposis (MAP), Gardner's syndrome, Turcot's syndrome, Peutz-Jagher's syndrome, juvenile polyposis, and Cowden's disease. In all of these disorders, colon polyps develop at an early age, and unless treated, these people are at high risk of developing colorectal cancer.",
            "Hereditary nonpolyposis colon cancer. The disease extends from generation to generation and causes a person to develop colon cancer. This disease is associated with other cancers including endometrial, ovarian, stomach, small intestine, pancreas, kidney, ureter, brain, and bile duct.",
            "Diet. Diet also contributes to the risk of colorectal cancer, although the cause-and-effect relationship is still unclear. People whose diets are high in fruits and vegetables seem to have a reduced risk. Many studies implicate animal fat and protein as promoters of colorectal cancer, although researchers are cautious about drawing any definite conclusions. Some studies show that regularly eating red meat, which is rich in saturated fat and protein, increases risk, while others find no connection. Some scientists note that fat is the main culprit, while others suspect protein. Others contend that it's not the fat and protein themselves, but the way they are cooked. They note that fats and protein cooked at high temperatures -- especially when broiled and barbecued -- can produce a host of potentially carcinogenic substances linked to colorectal cancer.",
            "Chemical exposure. Heavy exposure to certain chemicals, including chlorine -- which in small amounts is commonly used to purify drinking water -- may increase the risk of colorectal cancer. Exposure to asbestos is thought to be potentially harmful because it has been implicated in causing formation of polyps in the colon.",
            "History of certain types of surgery. Surgeries such as ureterosigmoidostomy, which is performed in the treatment of bladder cancer, and a cholecsytecomy (the removal of the gallbladder). Some studies show surgery of the bladder may lead to a risk for colon cancer development, but other studies do not.",
            "History of colon cancer. A prior case of colon cancer increases the risk of a second colon cancer, especially if the first cancer was diagnosed before the age of 60.",
            "Lifestyle.Smoking and alcohol intake of more than 4 drinks per week increases the risk of developing colon cancer.",
            "Family history. Those with a first-degree relative with colorectal cancer have an increased risk of the disease. The risk increases if more than one first-degree relative has colon cancer.",
            "Radiation. Prior radiation increases the risk of cancer to the radiated tissue only."
        ]
    },
    {
        "name": "Borderline Personality Disorder",
        "link": "https://www.webmd.com/colorectal-cancer/understanding-colorectal-cancer-basics"
    },
    {
        "name": "Bottle-Feeding",
        "link": "https://www.webmd.com/mental-health/borderline-personality-disorder"
    },
    {
        "name": "Bovine Spongiform Encephalopathy",
        "link": "https://www.webmd.com/baby/breastfeeding-vs-formula-feeding",
        "symptoms": [
            "Severe depression",
            "Withdrawing from family and friends",
            "Anxiety",
            "Irritability",
            "Trouble sleeping (insomnia)"
        ],
        "prevention": [
            "BSE testing",
            "Killing sick animals",
            "Banning materials that are a risk for transmitting BSE in animal and human food and other products"
        ]
    },
    {
        "name": "Bowel Obstruction",
        "link": "https://www.webmd.com/brain/mad-cow-disease-basics",
        "symptoms": [
            "Constipation",
            "Can’t pass gas",
            "Lack of appetite",
            "Nausea or vomiting",
            "A hard, swollen belly",
            "Diarrhea (with a partial blockage)"
        ],
        "causes": [
            "Part of your bowel may get twisted, which can close it off and keep anything from passing through.",
            "It can get inflamed and swell up.",
            "Part of your intestine can slide into another part like a telescope (intussusception).",
            "Scar tissue or a hernia could make your bowel too narrow for anything to pass through.",
            "A tumor or other type of growth inside your bowel could block it.",
            "Damaged blood vessels leading to the bowel can cause some bowel tissue to die."
        ],
        "prevention": []
    },
    {
        "name": "Bowen's Disease",
        "link": "https://www.webmd.com/digestive-disorders/what-is-bowel-obstruction",
        "symptoms": [
            "Flat",
            "Larger than a half-inch wide",
            "Scaly",
            "Crusty",
            "Oozing",
            "Itchy",
            "Sore"
        ],
        "causes": [
            "Curettage and electrodessication: You’re given a shot of anesthetic to numb the area, and your doctor scrapes off the patches with a special tool. Then they’ll use high-frequency electric current to stop the bleeding. They may repeat the process if there are still cancer cells in deeper tissue.",
            "Fluorouracil: This is medication you put on your skin. It keeps the abnormal cells from growing and reproducing. It can cause redness, soreness, or peeling after 1 or 2 weeks, but this usually goes away within a month or two.",
            "Imiquimod: This is also medication you put on your skin. Doctors don’t know exactly how it works against cancer, but when it’s used to treat warts, it helps your immune system fight the virus that causes them.",
            "Liquid nitrogen cryosurgery: Your doctor sprays liquid nitrogen onto the affected area to freeze it. Afterward, the area will peel, blister, or scab over, depending on the amount used.",
            "Laser removal: Your doctor will use light energy (photons) to burn off the area.",
            "Photodynamic (“light”) therapy: This uses ultraviolet light rays to heal your skin. Sometimes you may put medication on your skin to make the cells more sensitive to the light.",
            "Radiation therapy: One type uses very tiny electrically charged particles (electrons) to target and kill cancer cells. This type of radiation enters only the upper layers of your skin, so deeper tissues and organs are safe."
        ],
        "prevention": [
            "Curettage and electrodessication: You’re given a shot of anesthetic to numb the area, and your doctor scrapes off the patches with a special tool. Then they’ll use high-frequency electric current to stop the bleeding. They may repeat the process if there are still cancer cells in deeper tissue.",
            "Fluorouracil: This is medication you put on your skin. It keeps the abnormal cells from growing and reproducing. It can cause redness, soreness, or peeling after 1 or 2 weeks, but this usually goes away within a month or two.",
            "Imiquimod: This is also medication you put on your skin. Doctors don’t know exactly how it works against cancer, but when it’s used to treat warts, it helps your immune system fight the virus that causes them.",
            "Liquid nitrogen cryosurgery: Your doctor sprays liquid nitrogen onto the affected area to freeze it. Afterward, the area will peel, blister, or scab over, depending on the amount used.",
            "Laser removal: Your doctor will use light energy (photons) to burn off the area.",
            "Photodynamic (“light”) therapy: This uses ultraviolet light rays to heal your skin. Sometimes you may put medication on your skin to make the cells more sensitive to the light.",
            "Radiation therapy: One type uses very tiny electrically charged particles (electrons) to target and kill cancer cells. This type of radiation enters only the upper layers of your skin, so deeper tissues and organs are safe."
        ]
    },
    {
        "name": "BPH (Benign Prostatic Hyperplasia)",
        "link": "https://www.webmd.com/cancer/what-is-bowens-disease",
        "causes": [
            "Dribbling when you finish",
            "A hard time getting started",
            "A weak stream, or you pee in stops and starts"
        ],
        "symptoms": [
            "Dribbling when you finish",
            "A hard time getting started",
            "A weak stream, or you pee in stops and starts"
        ],
        "prevention": [
            "Do exercises to strengthen your pelvic floor muscles",
            "Lower the amount of fluids you drink, especially before you go out or go to bed",
            "Drink less caffeine and alcohol"
        ]
    },
    {
        "name": "Bradycardia (Slow Heart Rate)",
        "link": "https://www.webmd.com/men/prostate-enlargement-bph/what-is-bph",
        "symptoms": [
            "Lightheadedness or dizziness",
            "Confusion or a hard time concentrating",
            "Fainting",
            "Shortness of breath (with or without chest pain)"
        ],
        "causes": [
            "Certain medications, such as those to treat high blood pressure and other arrhythmias, or abnormal heartbeats",
            "A congenital defect, or problem you’re born with",
            "Thyroid disease, an imbalance of hormones in the body",
            "Obstructive sleep apnea, when your breathing pauses many times throughout the night"
        ],
        "prevention": []
    },
    {
        "name": "Brain & Nervous System",
        "link": "https://www.webmd.com/heart-disease/atrial-fibrillation/bradycardia"
    },
    {
        "name": "Brain Aneurysm",
        "link": "https://www.webmd.com/brain/default.htm",
        "symptoms": [
            "Intense headache that comes on suddenly",
            "Loss of consciousness",
            "Nausea and vomiting",
            "Drowsiness",
            "Loss of balance in things like walking and normal coordination",
            "Stiff neck",
            "Dilated pupils",
            "Sensitivity to light",
            "Sudden blurred or double vision",
            "Drooping eyelid",
            "Confusion or trouble with mental awareness",
            "Cardiac arrest (when the heart suddenly stops beating)",
            "Seizure"
        ],
        "causes": [
            "High blood pressure",
            "Atherosclerosis, a disease in which fat builds up inside the walls of your arteries (blood vessels that deliver oxygen-rich blood throughout your body)",
            "Diseases affecting your blood or blood vessels:Connective tissue disorders such as Ehlers-Danlos syndromePolycystic kidney disease",
            "Connective tissue disorders such as Ehlers-Danlos syndrome",
            "Polycystic kidney disease",
            "Injury or trauma to your head",
            "Infection",
            "Cancer or tumors in your head and neck",
            "Abnormalities at birth, such as tangled blood vessels in your brain, abnormally narrow aorta (coarctation of the aorta), or cerebral AVM (brain AVM)",
            "Family history of brain aneurysms",
            "Smoking",
            "Alcohol use, especially binge drinking",
            "Drug abuse, of stimulants like cocaine or amphetamines."
        ],
        "prevention": [
            "Stop smoking if you smoke",
            "Keep high blood pressure under control",
            "Don't use drugs, such as cocaine",
            "Don't drink large amounts of alcohol",
            "Eat a balanced diet",
            "Work out regularly and avoid constant heavy lifting (stick with moderate exercise)"
        ]
    },
    {
        "name": "Brain Cancer",
        "link": "https://www.webmd.com/brain/brain-aneurysm"
    },
    {
        "name": "Brain Tumors in Adults",
        "link": "https://www.webmd.com/cancer/brain-cancer/default.htm",
        "symptoms": [
            "Headaches, which may not get better with the usual headache remedies. You may notice you’re getting them more often or they’re worse than usual.",
            "Seizures, particularly in a person who doesn't have a history of seizures",
            "Changes in speech or hearing",
            "Changes in vision",
            "Balance problems",
            "Problems with walking",
            "Numbness or tingling in the arms or legs",
            "Problems with memory",
            "Personality changes",
            "Inability to concentrate",
            "Weakness in one part of the body",
            "Morning vomiting without nausea"
        ],
        "prevention": [
            "Location of the tumor",
            "Size of the tumor",
            "Type of tumor",
            "Whether the tumor has spread",
            "Your overall health",
            "Potential complications"
        ]
    },
    {
        "name": "Brain Tumors, General",
        "link": "https://www.webmd.com/cancer/brain-cancer/brain-tumors-in-adults",
        "causes": [
            "They’ll find the exact location of the tumor with a CT or MRI scan.",
            "Most of the time the doctor will have to open your skull to get to the tumor. They’ll try to remove the whole tumor if they can. They’ll take a sample from the tumor for the biopsy.",
            "If they can’t get the entire tumor, they’ll remove a small piece.",
            "If they can get to the tumor without surgery, they’ll make a small hole in your skull and guide a needle through the hole to the tumor. They’ll collect the biopsy sample with the needle. This technique is called stereotaxis or stereotactic biopsy."
        ]
    },
    {
        "name": "Brazilian Pemphigus Foliaceus",
        "link": "https://www.webmd.com/cancer/brain-cancer/brain-cancer",
        "symptoms": [
            "Skin infections",
            "Infections that get into the bloodstream (sepsis)",
            "Being unable to eat, leading to weight loss and malnutrition",
            "Depression",
            "Some forms of the condition can cause death if not treated"
        ],
        "causes": [
            "Of Jewish ancestry",
            "Of Indian, Middle Eastern, or Southeastern European descent",
            "Are 40 years old and older",
            "People with autoimmune diseases, especially the disease myasthenia gravis."
        ],
        "prevention": [
            "Skin infections",
            "Infections that get into the bloodstream (sepsis)",
            "Being unable to eat, leading to weight loss and malnutrition",
            "Depression",
            "Some forms of the condition can cause death if not treated"
        ]
    },
    {
        "name": "Brazilian Trypanosomiasis",
        "link": "https://www.webmd.com/skin-problems-and-treatments/what-is-pemphigus",
        "symptoms": [
            "Fever, fatigue, or other flu-like symptoms",
            "A rash",
            "A sore where the parasite has entered the body",
            "Vomiting, diarrhea, or loss of appetite",
            "Swollen eyelids, if the parasite has entered through the eyes (known as Romaña’s sign)"
        ],
        "prevention": []
    },
    {
        "name": "Breast Cancer",
        "link": "https://www.webmd.com/a-to-z-guides/chagas-disease-overview"
    },
    {
        "name": "Breast Cancer and Pregnancy",
        "link": "https://www.webmd.com/breast-cancer/default.htm"
    },
    {
        "name": "Breast Cancer and Your Genes",
        "link": "https://www.webmd.com/breast-cancer/breast-cancer-during-pregnancy"
    },
    {
        "name": "Breast Cancer in Men",
        "link": "https://www.webmd.com/breast-cancer/genetic-testing-risk",
        "symptoms": [
            "Surgery. The typical treatment for men is a mastectomy, in which your entire breast is removed. Breast-conserving surgery -- in which only the tumor is taken out -- is sometimes done. Often, the surgeon also takes out one or more lymph nodes to see if the cancer has spread.",
            "Radiation therapy. You may have treatment with radioactive rays or particles after surgery. It can help kill off any cancer cells that surgery missed. If the cancer is inoperable, radiation may be your main treatment.",
            "Chemotherapy. With this treatment, you’ll be given drugs -- by mouth or by injection -- to attack the cancer cells. You may have chemotherapy after surgery to lower the risk of the cancer coming back. For men with advanced cancer or cancer that has spread to other parts of the body, chemotherapy may be the primary treatment.",
            "Hormone therapy. Some kinds of breast cancer need certain hormones to grow. This therapy blocks the effects of these hormones, stopping the cancer’s growth. It often works better in men than in women because about 90% of men’s cancers are hormone receptor-positive. The drug tamoxifen is the standard hormone therapy for male breast cancer. Sometimes, removal of the testes reduces the amount of certain male hormones in the system. Men with breast cancer should never take testosterone, because it causes breast cancer cells to grow.You may have hormone therapy after surgery to lower the risk of the cancer coming back. For men with locally advanced or metastatic cancer, it may be the primary treatment.",
            "Targeted therapy. Some men have an excess of a protein (HER2) that makes cancer spread quickly. Trastuzumab (Herceptin) is one of the drugs that has been approved to treat breast cancer that has spread to other areas of the body. It stops this protein from making cancer cells grow. It may also boost your immune system, giving it more strength to fight the cancer."
        ],
        "prevention": [
            "Surgery. The typical treatment for men is a mastectomy, in which your entire breast is removed. Breast-conserving surgery -- in which only the tumor is taken out -- is sometimes done. Often, the surgeon also takes out one or more lymph nodes to see if the cancer has spread.",
            "Radiation therapy. You may have treatment with radioactive rays or particles after surgery. It can help kill off any cancer cells that surgery missed. If the cancer is inoperable, radiation may be your main treatment.",
            "Chemotherapy. With this treatment, you’ll be given drugs -- by mouth or by injection -- to attack the cancer cells. You may have chemotherapy after surgery to lower the risk of the cancer coming back. For men with advanced cancer or cancer that has spread to other parts of the body, chemotherapy may be the primary treatment.",
            "Hormone therapy. Some kinds of breast cancer need certain hormones to grow. This therapy blocks the effects of these hormones, stopping the cancer’s growth. It often works better in men than in women because about 90% of men’s cancers are hormone receptor-positive. The drug tamoxifen is the standard hormone therapy for male breast cancer. Sometimes, removal of the testes reduces the amount of certain male hormones in the system. Men with breast cancer should never take testosterone, because it causes breast cancer cells to grow.You may have hormone therapy after surgery to lower the risk of the cancer coming back. For men with locally advanced or metastatic cancer, it may be the primary treatment.",
            "Targeted therapy. Some men have an excess of a protein (HER2) that makes cancer spread quickly. Trastuzumab (Herceptin) is one of the drugs that has been approved to treat breast cancer that has spread to other areas of the body. It stops this protein from making cancer cells grow. It may also boost your immune system, giving it more strength to fight the cancer."
        ]
    },
    {
        "name": "Breast Cancer Risk Factors",
        "link": "https://www.webmd.com/breast-cancer/breast-cancer-men"
    },
    {
        "name": "Breast Cancer, Metastatic or Recurrent",
        "link": "https://www.webmd.com/breast-cancer/overview-risks-breast-cancer"
    },
    {
        "name": "Breast Cancer: Screening",
        "link": "https://www.webmd.com/breast-cancer/metastatic-breast-cancer-symptoms-diagnosis"
    },
    {
        "name": "Breast Cancer: Treatment",
        "link": "https://www.webmd.com/breast-cancer/breast-cancer-detection",
        "prevention": [
            "Your specific symptoms",
            "Your baseline health",
            "The stage of your cancer",
            "Your wishes"
        ]
    },
    {
        "name": "Breast Development in Boys",
        "link": "https://www.webmd.com/breast-cancer/breast-cancer-treatment",
        "symptoms": [
            "Injury or diseases that affect the testicles, which make testosterone",
            "Thyroid problems, since hormones from that gland control growth and sexual development",
            "Some cancers, including tumors of the lungs, pituitary gland, or adrenal glands",
            "Obesity, which can result in more estrogen",
            "Illegal drugs, including anabolic steroids, marijuana, and heroin",
            "Kidney failure (when they can no longer clean and filter your blood)",
            "Liver disease"
        ],
        "causes": [
            "Injury or diseases that affect the testicles, which make testosterone",
            "Thyroid problems, since hormones from that gland control growth and sexual development",
            "Some cancers, including tumors of the lungs, pituitary gland, or adrenal glands",
            "Obesity, which can result in more estrogen",
            "Illegal drugs, including anabolic steroids, marijuana, and heroin",
            "Kidney failure (when they can no longer clean and filter your blood)",
            "Liver disease"
        ],
        "prevention": [
            "Don't use illicit or recreational drugs, such as anabolic steroids, androgens, amphetamines, marijuana, or heroin.",
            "Don't drink alcohol, or drink moderately.",
            "Go over your medicine list with your doctor. If any of your medications can cause gynecomastia, ask if there are alternatives."
        ]
    },
    {
        "name": "Breast Engorgement",
        "link": "https://www.webmd.com/men/what-is-gynecomastia",
        "symptoms": [
            "Warm",
            "Heavy",
            "Tender and painful",
            "Swollen, which may extend to the armpit",
            "Hard",
            "Trouble for your baby to latch onto"
        ],
        "causes": [
            "Switch to a bra with more support.",
            "Take over-the-counter pain medication (consult with your baby's doctor beforehand).",
            "Try ice packs to reduce swelling.",
            "Try reverse pressure softening, where you gently press on the area around your nipple for about a minute to try to shift some of the engorged fluid away from that area."
        ],
        "prevention": []
    },
    {
        "name": "Breast Infection (Mastitis)",
        "link": "https://www.webmd.com/women/what-is-engorgement",
        "causes": [],
        "symptoms": [],
        "prevention": []
    },
    {
        "name": "Breast Lumps (Benign)",
        "link": "https://www.webmd.com/parenting/baby/what-is-mastitis",
        "causes": [
            "An area that’s clearly different from any other area on either breast",
            "A lump or thickened area in or near the breast or underarm that lasts through your menstrual cycle",
            "A change in breast size, shape, or contour",
            "A mass or lump. It could be as small as a pea or feel like a marble under your skin.",
            "A change in how the skin on your breast or nipple looks or feels. It could be dimpled, puckered, scaly, or inflamed.",
            "Clear or bloody fluid coming out of the nipple",
            "Red skin on your breast or nipple"
        ]
    },
    {
        "name": "Breast Pain (Mastalgia)",
        "link": "https://www.webmd.com/breast-cancer/benign-breast-lumps"
    },
    {
        "name": "Breast Problems",
        "link": "https://www.webmd.com/women/why-do-my-breasts-hurt"
    },
    {
        "name": "Breast Reconstruction",
        "link": "https://www.webmd.com/women/understanding-breast-problems-basic-information"
    },
    {
        "name": "Breast-Feeding",
        "link": "https://www.webmd.com/breast-cancer/breast-reconstruction-after-mastectomy"
    },
    {
        "name": "Breath-Holding Spells",
        "link": "https://www.webmd.com/parenting/baby/default.htm",
        "causes": [
            "Arch their back",
            "Become stiff",
            "Jerk their body a few times",
            "Turn sweaty",
            "Wet themself"
        ],
        "symptoms": [
            "Arch their back",
            "Become stiff",
            "Jerk their body a few times",
            "Turn sweaty",
            "Wet themself"
        ],
        "prevention": []
    },
    {
        "name": "Breech Position and Breech Birth",
        "link": "https://www.webmd.com/children/children-breath-holding",
        "prevention": []
    },
    {
        "name": "Brittle Bone Disease",
        "link": "https://www.webmd.com/baby/understanding-labor-delivery-complications-detection-treatment",
        "causes": [
            "Broken bones (fractures)",
            "Bleeding and easy bruising (frequent nosebleeds or heavy bleeding after an injury)",
            "Blue color in the white part of the eyes",
            "Bowing of the legs",
            "Breathing problems",
            "Brittle, discolored teeth",
            "Curved spine, called scoliosis",
            "Feeling very tired",
            "Skin that is easily hurt",
            "Hearing loss that starts in early adulthood",
            "Can’t stand warm temperatures",
            "Loose joints",
            "Short height",
            "Weak muscles and tissues"
        ],
        "symptoms": [
            "Broken bones (fractures)",
            "Bleeding and easy bruising (frequent nosebleeds or heavy bleeding after an injury)",
            "Blue color in the white part of the eyes",
            "Bowing of the legs",
            "Breathing problems",
            "Brittle, discolored teeth",
            "Curved spine, called scoliosis",
            "Feeling very tired",
            "Skin that is easily hurt",
            "Hearing loss that starts in early adulthood",
            "Can’t stand warm temperatures",
            "Loose joints",
            "Short height",
            "Weak muscles and tissues"
        ],
        "prevention": [
            "Splints and casts for broken bones",
            "Braces for weak legs, ankles, knees, and wrists",
            "Physical therapy to strengthen the body and improve movement",
            "Medicine to make the bones stronger",
            "Surgery to implant rods in the arms or legs",
            "Special dental work, such as crowns, for brittle teeth"
        ]
    },
    {
        "name": "Buerger's Disease",
        "link": "https://www.webmd.com/children/brittle-bone-disease",
        "causes": [
            "Feel cold, numb, or tingly",
            "Look pale, red, or blue in color",
            "Have thin, shiny skin",
            "Have less hair than usual"
        ],
        "symptoms": [
            "Feel cold, numb, or tingly",
            "Look pale, red, or blue in color",
            "Have thin, shiny skin",
            "Have less hair than usual"
        ],
        "prevention": [
            "Medications such as vasodilators to widen your blood vessels or others to dissolve clots",
            "Walking exercises",
            "Intermittent compression of your arms and legs",
            "Surgery to cut nerves to an affected area (sympathectomy)"
        ]
    },
    {
        "name": "Bulbospinal Muscular Atrophy, X-linked",
        "link": "https://www.webmd.com/a-to-z-guides/what-is-buergers-disease"
    },
    {
        "name": "Bulimia Nervosa (Sensitive Topic)",
        "link": "https://www.webmd.com/brain/what-are-motor-neuron-diseases"
    },
    {
        "name": "Bullosa Hereditaria",
        "link": "https://www.webmd.com/mental-health/eating-disorders/bulimia-nervosa/default.htm",
        "causes": [],
        "symptoms": [],
        "prevention": []
    },
    {
        "name": "Bullying",
        "link": "https://www.webmd.com/skin-problems-and-treatments/epidermolysis-bullosa-what-is"
    },
    {
        "name": "Bunions",
        "link": "https://www.webmd.com/parenting/features/children-bullying-school",
        "symptoms": [
            "Swelling",
            "Redness",
            "Tenderness when you touch it",
            "Pain that is constant or may come and go",
            "Limited movement of the joint or toe",
            "Corns or calluses"
        ],
        "causes": [
            "Genetics. Bunions can run in the family.",
            "Foot structure. Weak or poor foot structure can lead to bunions.",
            "Leg length. If one of your legs is longer than the other, you may develop a bunion on the big toe of the longer one.",
            "Arthritis. Certain types of arthritis make bunions more likely. This is especially true of inflammatory types of arthritis such as rheumatoid arthritis.",
            "Shoes. Wearing high heels or tight shoes may make bunions more likely. This is why they happen in women more than men."
        ],
        "prevention": [
            "Wearing shoes that give your feet space.",
            "Adding pads or cushions to act as a buffer between the bump and your shoes.",
            "Taking over-the-counter pain medicine or anti-inflammatory medicines.",
            "Adding foot support to your shoes.",
            "Icing your bunion, especially when it’s bothering you or you’ve been on your feet too long."
        ]
    },
    {
        "name": "Bunyavirus Infection",
        "link": "https://www.webmd.com/skin-problems-and-treatments/understanding-bunions-basics",
        "symptoms": [
            "Fever and chills",
            "Flu-like symptoms such as muscle aches, headache, and vomiting"
        ],
        "prevention": [
            "Use the right insect repellent for mosquitoes on exposed skin and follow package directions. Buy one with DEET, picaridin, oil of lemon eucalyptus, or an ingredient called IR3535.",
            "Cover your arms, hands, legs, and head to protect yourself from bites.",
            "Use a mosquito repellent containing permethrin on the outside of clothing, mosquito netting, and other gear.",
            "Use screens on windows and doors, and mosquito netting over beds, to keep mosquitoes away.",
            "Avoid the outdoors during peak mosquito hours (dusk to dawn for many types of mosquitoes that carry the infection).",
            "Keep accurate records of international travel dates, locations, and outdoor activities in case you need to identify a viral infection when you return."
        ]
    },
    {
        "name": "Burning Mouth Syndrome",
        "link": "https://www.webmd.com/a-to-z-guides/yellow-fever-symptoms-treatment",
        "symptoms": [
            "Burning feeling on the tongue, roof of the mouth, gums, inside of the cheeks, and in the back of the throat, which may be relieved with eating or drinking",
            "Numbness or tingling of the tongue, which can come and go",
            "Trouble swallowing",
            "Dry mouth",
            "Sore throat ",
            "Changes in taste, such as a bad taste of metal in your mouth"
        ],
        "causes": [
            "Acid reflux (acid from your stomach comes back up into your mouth)",
            "Allergic reaction to materials used in dentures",
            "Anxiety or depression",
            "Changes in hormones due to the thyroid disease, diabetes, or menopause ",
            "Dry mouth resulting from diseases or treatments; for example, Sjogren’s syndrome and radiation therapy",
            "Medications used to treat blood pressure",
            "Dentures don’t fit well",
            "Lack of iron, vitamin B12, or folic acid",
            "Reaction to certain toothpastes or mouthwashes",
            "Stress",
            "Thrush (a yeast infection in your mouth)"
        ],
        "prevention": [
            "Medicines that help with nerve-related pain such as amitriptyline (Elavil) and nortriptyline (Aventyl, Pamelor)",
            "Capsaicin, a pain reliever made from hot peppers",
            "Clonazepam (Klonopin), taken in low doses",
            "Female hormone replacement",
            "Mouth rinses",
            "Products that replace your saliva",
            "Vitamin supplements"
        ]
    },
    {
        "name": "Burns",
        "link": "https://www.webmd.com/oral-health/burning-mouth-syndrome-facts"
    },
    {
        "name": "Bursitis",
        "link": "https://www.webmd.com/first-aid/thermal-heat-or-fire-burns-treatment",
        "causes": [
            "Buttocks bursitisThis is when a bursa near the main muscle of your buttocks becomes inflamed. This type of bursitis is sometimes called “weaver’s bottom” or “tailor’s bottom” because it's more common in people who often sit on hard surfaces, such as the floor or chairs that are not padded.This kind of bursitis can cause pain and aching in your buttocks and upper thighs. The pain is usually worse after you sit for a long time, stretch, or exercise. It might also hurt when you flex, extend, or move your hips.You can use a donut-shaped pillow to make sitting more comfortable. A cold compress on the area can help you feel better."
        ],
        "symptoms": [
            "Stiff",
            "Swollen",
            "Red"
        ],
        "prevention": [
            "Rest. Rest the area as much as you can, and avoid doing anything that makes the pain worse.",
            "Ice. Put an ice pack or cold compress on the area to help the swelling go down. After the first 2 days of icing it, you can also use a heating pad, hot water bottle, or heat pack, or take a hot bath or shower.",
            "Support the joint. Use a brace, ace bandage/elastic band, or splint to cushion the joint. ",
            "Elevate it. Put the affected joint up on pillows.",
            "Cushioning. Pad the affected area and avoid hard surfaces. For example, use knee pads or a padded mat if you need to kneel down for work, or sit on a donut-shaped pillow or padded cushion instead of on the floor.",
            "Stretching and exercise. Stretch before exercising. Doing exercises that strengthen your core muscles and make you more flexible can help some kinds of bursitis.",
            "Posture. Use good posture and body mechanics. A doctor or physical therapist can help you learn ways to move, sit, and lift that are easy on your body and won’t irritate your joints.",
            "Massage. Massaging the area can help, but you should check with your doctor to make sure your bursitis isn’t caused by an infection before you massage it.",
            "Avoid repetitive movements, pressure, and heavy lifting. If possible, avoid putting pressure on the area, don’t lift heavy things, and try not to do the same motions over and over. If you can’t avoid this, take as many breaks as you can. Ask your doctor for a note if you need to miss work or make changes to the kind of work you do—for example, sitting on a padded chair instead of standing."
        ]
    }
]