[
    {
        "name": "D Trisomy Syndrome",
        "link": "https://www.webmd.com/children/trisomy-13",
        "causes": [
            "Full trisomy 13, the most common form, is when the extra chromosome is in all cells.",
            "Mosaic trisomy 13 is when the extra chromosome is in some cells.",
            "Partial trisomy 13 is when the baby inherits only part of the extra chromosome. "
        ],
        "symptoms": [
            "Eyes that are set close together",
            "A nose or nostrils that aren't fully developed",
            "Clenched hands ",
            "Small eyes, head, or lower jaw",
            "Low-set ears",
            "Extra toes or fingers ",
            "Low muscle tone",
            "Missing skin on the scalp ",
            "Hernias",
            "A hole or split in the iris of the eye ",
            "Palms with one crease instead of the usual three",
            "Undescended testicle",
            "An abnormal skeleton"
        ],
        "prevention": [
            "Medications to ease symptoms",
            "Physical, speech, or behavior therapy",
            "Surgery for physical issues",
            "Support with education"
        ]
    },
    {
        "name": "Dandruff",
        "link": "https://www.webmd.com/children/trisomy-13"
    },
    {
        "name": "Dandy Fever",
        "link": "https://www.webmd.com/skin-problems-and-treatments/understanding-dandruff-basics",
        "symptoms": [
            "Sudden, high fever",
            "Severe headaches",
            "Pain behind the eyes",
            "Severe joint and muscle pain",
            "Fatigue",
            "Nausea",
            "Vomiting",
            "Skin rash, which appears two to five days after the onset of fever",
            "Mild bleeding (such a nose bleed, bleeding gums, or easy bruising)"
        ],
        "prevention": [
            "Use mosquito repellents, even indoors.",
            "When outdoors, wear long-sleeved shirts and long pants tucked into socks.",
            "When indoors, use air conditioning if available.",
            "Make sure window and door screens are secure and free of holes. If sleeping areas are not screened or air conditioned, use mosquito nets.",
            "If you have symptoms of dengue, speak to your doctor."
        ]
    },
    {
        "name": "DASH Diet",
        "link": "https://www.webmd.com/a-to-z-guides/dengue-fever-reference"
    },
    {
        "name": "Daycare",
        "link": "https://www.webmd.com/hypertension-high-blood-pressure/dash-diet"
    },
    {
        "name": "DBA",
        "link": "https://www.webmd.com/parenting/what-to-know-about-day-care",
        "causes": [
            "A small head",
            "Wide eyes and a flat nose",
            "Small, low ears",
            "Small bottom jaw",
            "Short, webbed neck",
            "Small shoulder blades",
            "Abnormal thumbs",
            "Cleft palate or lip"
        ],
        "symptoms": [
            "A small head",
            "Wide eyes and a flat nose",
            "Small, low ears",
            "Small bottom jaw",
            "Short, webbed neck",
            "Small shoulder blades",
            "Abnormal thumbs",
            "Cleft palate or lip"
        ],
        "prevention": []
    },
    {
        "name": "Deafness",
        "link": "https://www.webmd.com/a-to-z-guides/blackfan-diamond-anemia",
        "symptoms": [
            "Mild hearing loss: One-on-one conversations are fine, but it's hard to catch every word when there's background noise.",
            "Moderate hearing loss: You often need to ask people to repeat themselves during conversations in person and on the phone.",
            "Severe hearing loss: Following a conversation is almost impossible unless you have a hearing aid.",
            "Profound hearing loss: You can't hear other people speaking unless they’re extremely loud. You can't understand what they're saying without a hearing aid or cochlear implant. Learn more about how much hearing loss is considered deaf."
        ],
        "causes": [
            "Outer ear where they cause vibrations in your eardrum.",
            "Middle ear, which gets the vibrations next. They’re boosted by three small bones.",
            "Inner ear, which houses the cochlea, a snail-shaped fluid-filled structure. It has tiny hairs that change the amplified vibrations into electrical signals and send them to your brain, where you hear them as sound."
        ],
        "prevention": [
            "Causes",
            "Symptoms",
            "Tests",
            "Prevention",
            "Treatment Options",
            "Why it's Important to Treat",
            "Questions to Ask your Doctor"
        ]
    },
    {
        "name": "Decubitis Ulcers",
        "link": "https://www.webmd.com/a-to-z-guides/hearing-loss-causes-symptoms-treatment",
        "causes": [
            "Head (where it rests against the pillow)",
            "Shoulder blades",
            "Hips",
            "Tailbone and butt",
            "Back of the knees",
            "Ankles",
            "Heels"
        ],
        "symptoms": [
            "When did the sore appear?",
            "Does it hurt?",
            "How often do you change positions?",
            "Have you ever had a pressure sore before?"
        ],
        "prevention": []
    },
    {
        "name": "Deep Vein Thrombosis (DVT)",
        "link": "https://www.webmd.com/skin-problems-and-treatments/pressure-sores-4-stages"
    },
    {
        "name": "Deerfly Fever",
        "link": "https://www.webmd.com/dvt/default.htm",
        "causes": [
            "Insect bites, especially from a deer fly or tick",
            "Coming into contact with the skin, hair, or meat of an animal that’s infected",
            "Consuming contaminated water or food, such as undercooked meat",
            "Breathing in bacteria that comes up from the soil during an activity like construction or gardening"
        ],
        "symptoms": [
            "An ulcer on the skin that’s usually caused by a bite from an infected animal or insect",
            "Lymph glands that are painful and swollen",
            "Fever",
            "Chills",
            "Headache",
            "Fatigue"
        ],
        "prevention": [
            "Not using bare hands to skin or dress wild animals",
            "Avoiding sick or dead animals",
            "Wearing clothing that covers exposed skin (tight at the wrists and ankles)",
            "Using insect repellents",
            "Removing ticks promptly",
            "Drinking clean water",
            "Fully cooking wild meats"
        ]
    },
    {
        "name": "Degenerative Chorea",
        "link": "https://www.webmd.com/a-to-z-guides/what-is-tularemia",
        "symptoms": [
            "Trouble learning new things",
            "Trouble making decisions",
            "Memory lapses",
            "Mood swings",
            "Clumsiness",
            "Slow or abnormal eye movements",
            "Muscle problems (dystonia)",
            "Trouble sleeping (insomnia)",
            "Loss of energy and fatigue"
        ],
        "prevention": [
            "Medications can help control fidgety movements. Your doctor can work closely with you to manage any side effects and to change medications if needed.",
            "Some antipsychotic drugs have a side effect that controls movement and have been helpful for some people.",
            "Antidepressants can also help with obsessive-compulsive disorder.",
            "Mood-stabilizing drugs can ease symptoms of mood disorders but may cause other side effects.",
            "Speech or language therapy may be helpful for any problems with speech or swallowing.",
            "Occupational or physical therapy may help you learn how to better control movements. And assistive devices such as handrails can help you manage your changing physical abilities.",
            "Nutritional support ranges from using special utensils to focusing on nutrient-dense foods to supplementing with tube feeding in later stages.",
            "Exercise may be very helpful. People with Huntington's who stay as fit and active as they can seem to do better than those who do not.",
            "Psychotherapy can teach you ways to manage changes in your emotions and how you think.  Strategies like breaking tasks into simpler steps may go a long way toward making these changes a bit easier for you and your family."
        ],
        "causes": [
            "Men and women are equally likely to inherit the abnormal gene.",
            "If you don't have the abnormal gene, you can't get Huntington's or pass it on to your children.",
            "The disease doesn't skip generations."
        ]
    },
    {
        "name": "Degenerative Disc Disease",
        "link": "https://www.webmd.com/brain/hungtingtons-disease-causes-symptoms-treatment",
        "causes": [
            "Daily activities. Wear and tear on your back from the things you do every day, like lifting a heavy laundry basket, picking up a crying child, and working in the garden, can contribute to disk degeneration over time.",
            "Injuries. Even minor injuries to your back -- from a fall, for example, or lifting something heavy incorrectly -- make disk degeneration more likely. You may not feel pain at the time of the injury, but their impacts add up over time."
        ],
        "symptoms": [
            "Feels worse when you sit and better when you move and walk",
            "Feels worse when you bend, lift, or twist",
            "Gets better when you change positions or lie down"
        ],
        "prevention": [
            "Maintain a healthy weight.",
            "Quit smoking, or don’t start.",
            "Get regular exercise to keep your back strong and flexible. But always talk to your doctor before beginning a new exercise program."
        ]
    },
    {
        "name": "Dehydration",
        "link": "https://www.webmd.com/back-pain/degenerative-disk-disease-overview",
        "causes": [
            "A fever",
            "Diarrhea",
            "Vomiting",
            "Excessive sweating",
            "Peeing a lot (diabetes and some medications such as water pills, also called diuretics, can make you pee more often)"
        ],
        "symptoms": [
            "Thirst",
            "Dry or sticky mouth",
            "Not peeing very much",
            "Dark yellow pee",
            "Dry, cool skin",
            "Headache",
            "Muscle cramps",
            "Dry cough",
            "Low blood pressure",
            "Loss of appetite or sugar cravings",
            "Flushed skin",
            "Swollen feet",
            "Chills",
            "Constipation",
            "Shriveled skin",
            "Lack of sweating"
        ],
        "prevention": [
            "Always take a water bottle wherever you go and refill it as needed. For cold refreshing drinks, keep freezer-safe water bottles in the freezer overnight and carry them during the day.",
            "Drink water before each meal.",
            "Add a slice of lime or lemon to flavor your water, making it more enjoyable to drink.",
            "Reach for water instead of sugary, alcohol, and caffeinated drinks to quench your thirst.",
            "If you tend to forget to drink enough water, setting reminders on your phone to take water can be helpful.",
            "Listen to your body and drink water as soon as you feel thirsty.",
            "Start a “drink water” challenge alone or with loved ones to motivate you to drink enough water.",
            "Add more water-rich foods such as vegetables, fruits, and soups into your diet."
        ]
    },
    {
        "name": "Depression",
        "link": "https://www.webmd.com/a-to-z-guides/dehydration-adults"
    },
    {
        "name": "DH",
        "link": "https://www.webmd.com/depression/default.htm",
        "causes": [
            "Anemia",
            "Thyroid disease",
            "Type 1 diabetes",
            "Alopecia areata (a condition where you lose hair in patches, usually from your scalp)",
            "Addison's disease (a condition where your adrenal glands don't make enough of the hormones aldosterone and cortisol)"
        ],
        "symptoms": [
            "A skin rash with bumps and extremely itchy blisters (this is the most common symptom). The rash of dermatitis herpetiformis is usually a cluster of bumps on a patch of skin that has changed color from your usual skin tone. The bumps may be darker than your usual skin tone. If you have a light skin tone, they may look red or purple. You may also get blisters (fluid-filled bumps) that burn. The rash is so itchy that some people scratch their blisters off.These rashes usually show up on your elbows, knees, butt, and scalp, although some people may also get rashes on their chest, stomach, and back. They usually show up on both sides of your body (for instance, both elbows or both butt cheeks) at the same time. When they heal, they don't usually leave a scar.",
            "Changes in the way your teeth look. Some people may see pits, color changes, or grooves in their teeth. Also, some people get canker sores (small, painful sores on the inside of your cheeks or lips, under your tongue, or on your gums).",
            "Digestive symptoms of celiac disease. These include stomach pain, bloating, cramping, and diarrhea or constipation. "
        ],
        "prevention": [
            "Thyroid disorders (like Hashimoto's thyroiditis or Graves' disease)",
            "Pernicious anemia (a condition where your body can't absorb vitamin B12)",
            "Type 1 diabetes (when your body stops making insulin)"
        ]
    },
    {
        "name": "Diabetes",
        "link": "https://www.webmd.com/skin-problems-and-treatments/what-is-dermatitis-herpetiformis"
    },
    {
        "name": "Diabetes in Children: Dealing with Low Blood Sugar",
        "link": "https://www.webmd.com/diabetes/default.htm"
    },
    {
        "name": "Diabetes in Children: Preventing Low Blood Sugar",
        "link": "https://www.webmd.com/diabetes/child-blood-sugar-problems"
    },
    {
        "name": "Diabetes in Pregnancy (Gestational Diabetes)",
        "link": "https://www.webmd.com/diabetes/child-blood-sugar-problems",
        "symptoms": [
            "You’re thirstier than usual",
            "You’re hungrier and eat more than usual",
            "You pee more than usual"
        ],
        "causes": [
            "Were overweight before you got pregnant",
            "Are Black, Asian, Hispanic or Latinx, Alaska Native, Pacific Islander, or Native American",
            "Have blood sugar levels that are higher than they should be but not high enough to be diabetes (this is called prediabetes)",
            "Have a family member with diabetes",
            "Have had gestational diabetes before",
            "Have polycystic ovary syndrome (PCOS) or another health condition linked to problems with insulin",
            "Have high blood pressure, high cholesterol, heart disease, or other medical complications",
            "Have given birth to a large baby (weighing more than 9 pounds)",
            "Have had a miscarriage",
            "Have given birth to a baby who was stillborn or had certain birth defects",
            "Are older than 25"
        ],
        "prevention": [
            "Eating a healthy diet",
            "Staying active",
            "Losing extra weight"
        ]
    },
    {
        "name": "Diabetes Insipidus",
        "link": "https://www.webmd.com/diabetes/gestational-diabetes",
        "symptoms": [
            "Crankiness",
            "Slow growth",
            "Poor feeding",
            "Weight loss",
            "Fever",
            "Vomiting"
        ],
        "causes": [
            "Central diabetes insipidus. You get this when damage to your hypothalamus or pituitary gland affects how your body makes or puts out vasopressin. Your kidneys remove too much fluid from your body, and you pee more. This damage can result from:A tumorA head injuryA blocked or bulging artery (aneurysm)Diseases such as Langerhans cell histiocytosisInfectionInflammationSurgery",
            "A tumor",
            "A head injury",
            "A blocked or bulging artery (aneurysm)",
            "Diseases such as Langerhans cell histiocytosis",
            "Infection",
            "Inflammation",
            "Surgery",
            "Nephrogenic diabetes insipidus. You get this when your kidneys don’t respond to vasopressin and take too much fluid from your bloodstream. Doctors don’t always know why it happens, but some causes include:A blocked urinary tractChronic kidney diseaseHigh levels of calcium in your bloodLow levels of potassium in your bloodSome medications, like lithium",
            "A blocked urinary tract",
            "Chronic kidney disease",
            "High levels of calcium in your blood",
            "Low levels of potassium in your blood",
            "Some medications, like lithium",
            "Gestational diabetes insipidus. This is very rare. You get this type only during pregnancy. Sometimes, a woman’s placenta -- the organ that gives oxygen and nutrients to your baby -- makes an enzyme that breaks down vasopressin. Other pregnant women make more prostaglandin, a hormone-like chemical that makes their kidneys less sensitive to vasopressin. Most cases of gestational diabetes insipidus are mild and don’t cause clear symptoms. The condition usually goes away after birth, but it might come back in another pregnancy."
        ],
        "prevention": [
            "Central diabetes insipidus. You’ll take medications like desmopressin (DDAVP). Desmopressin controls urine output, maintains fluid balance, and prevents dehydration. You take it two or three times a day. It usually comes as a nasal spray, tablets, or injections. There are also treatments to help these drugs work better.",
            "Nephrogenic diabetes insipidus can be harder to treat. If it’s caused by a drug, stopping the medicine helps. Other medicines may ease symptoms. These include indomethacin (Indocin) and diuretics like amiloride (Moduretic 5-50) or hydrochlorothiazide (Microzide). Though diuretics typically make you pee more, in this case, they help you make less urine. Sometimes, this condition goes away if you treat the cause.",
            "Gestational diabetes insipidus. You can take desmopressin while you’re pregnant. Your problems should go away after you have the baby."
        ]
    },
    {
        "name": "Diabetes, Gestational",
        "link": "https://www.webmd.com/diabetes/what-is-diabetes-insipidus",
        "symptoms": [
            "You’re thirstier than usual",
            "You’re hungrier and eat more than usual",
            "You pee more than usual"
        ],
        "causes": [
            "Were overweight before you got pregnant",
            "Are Black, Asian, Hispanic or Latinx, Alaska Native, Pacific Islander, or Native American",
            "Have blood sugar levels that are higher than they should be but not high enough to be diabetes (this is called prediabetes)",
            "Have a family member with diabetes",
            "Have had gestational diabetes before",
            "Have polycystic ovary syndrome (PCOS) or another health condition linked to problems with insulin",
            "Have high blood pressure, high cholesterol, heart disease, or other medical complications",
            "Have given birth to a large baby (weighing more than 9 pounds)",
            "Have had a miscarriage",
            "Have given birth to a baby who was stillborn or had certain birth defects",
            "Are older than 25"
        ],
        "prevention": [
            "Eating a healthy diet",
            "Staying active",
            "Losing extra weight"
        ]
    },
    {
        "name": "Diabetes, Type 1",
        "link": "https://www.webmd.com/diabetes/gestational-diabetes",
        "symptoms": [
            "Extreme thirst",
            "Increased hunger (especially after eating)",
            "Dry mouth",
            "Upset stomach and vomiting",
            "Frequent urination",
            "Unexplained weight loss, even though you’re eating and feel hungry",
            "Fatigue",
            "Blurry vision",
            "Heavy, labored breathing (your doctor may call this Kussmaul respiration)",
            "Frequent infections of your skin, urinary tract, or vagina",
            "Crankiness or mood changes",
            "Bedwetting in a child who’s been dry at night"
        ],
        "causes": [
            "Dehydration. When there’s extra sugar in your blood, you pee more. That’s your body’s way of getting rid of it. A large amount of water goes out with that urine, causing your body to dry out.",
            "Weight loss. The glucose that goes out when you pee takes calories with it. That’s why many people with high blood sugar lose weight. Dehydration also plays a part.",
            "Diabetic ketoacidosis (DKA). If your body can't get enough glucose for fuel, it breaks down fat cells instead. This creates chemicals called ketones. Your liver releases the sugar it stores to help out. But your body can’t use it without insulin, so it builds up in your blood, along with the acidic ketones. This mix of extra glucose, dehydration, and acid buildup is known as ketoacidosis and can be life-threatening if not treated right away.",
            "Damage to your body. Over time, high glucose levels in your blood can harm the nerves and small blood vessels in your eyes, kidneys, and heart. They can also make you more likely to get hardened arteries, or atherosclerosis, which can lead to heart attacks and strokes."
        ],
        "prevention": [
            "\"Onset\" is how long it takes to reach your bloodstream and begin lowering your blood sugar.",
            "\"Peak time\" is when insulin is doing the most work in terms of lowering your blood sugar.",
            "\"Duration\" is how long it keeps working after onset."
        ]
    },
    {
        "name": "Diabetes, Type 1: Children Living With the Disease",
        "link": "https://www.webmd.com/diabetes/type-1-diabetes"
    },
    {
        "name": "Diabetes, Type 2",
        "link": "https://www.webmd.com/diabetes/might-my-child-have-type-1-diabetes",
        "symptoms": [
            "Being very thirsty",
            "Peeing a lot",
            "Blurry vision",
            "Tingling or numbness in your hands or feet",
            "Fatigue/feeling worn out",
            "Wounds that don't heal",
            "Yeast infections that keep coming back",
            "Feeling hungry",
            "Weight loss without trying",
            "Getting infections"
        ],
        "causes": [
            "Genes. Scientists have found different bits of DNA that affect how your body makes insulin.",
            "Weight. Having extra weight or obesity can cause insulin resistance.",
            "Metabolic syndrome. People with insulin resistance often have a group of conditions including high blood sugar, high blood pressure, and high cholesterol and triglycerides.",
            "Too much glucose from your liver. When your blood sugar is low, your liver makes and sends out glucose. After you eat, your blood sugar goes up, and your liver usually slows down and stores its glucose for later. But some people's livers don't. They keep making sugar.",
            "Bad communication between cells. Sometimes, cells send the wrong signals or don't pick up messages correctly. When these problems affect how your cells make and use insulin or glucose, this can lead to diabetes.",
            "Broken beta cells. If the cells that make insulin send it out at the wrong time, your blood sugar gets thrown off. High blood sugar can damage these cells, too."
        ],
        "prevention": [
            "Lose weight. Dropping just 7% to 10% of your weight can cut your risk of type 2 diabetes in half.",
            "Get active. 30 minutes of brisk walking a day will cut your risk by almost a third.",
            "Eat right. Avoid highly processed carbs, sugary drinks, and trans and saturated fats. Limit red and processed meats.",
            "Quit smoking. Work with your doctor to keep from gaining weight after you quit, so you don't create one problem by solving another."
        ]
    },
    {
        "name": "Diabetes, Type 2 in Children",
        "link": "https://www.webmd.com/diabetes/type-2-diabetes",
        "symptoms": [
            "Unexplained weight loss",
            "Hungry or thirsty a lot, even after eating",
            "Dry mouth",
            "Peeing a lot",
            "Fatigue",
            "Blurred vision",
            "Heavy breathing",
            "Slow healing of sores or cuts",
            "Itchy skin",
            "Numbness or tingling in the hands or feet"
        ],
        "prevention": [
            "Talk with your child honestly about health and weight. Be supportive. Encourage them to speak up about their concerns.",
            "Don't separate your child for special treatment. Your entire family can benefit from making changes in diet and activity.",
            "Make changes slowly. Just as it took time for diabetes to develop, it will take time to achieve better health.",
            "Do more activities your child enjoys. Lower the amount of time your family spends watching TV or playing video games.",
            "If your child refuses to follow their plan, try to find out why. Teens, for example, are dealing with hormone changes, demands on their time, peer pressure, and other things that seem more important to them than their health.",
            "Set small, easy-to-reach goals. Plan special rewards for your child when they meet each goal. Then move on to the next.",
            "Talk to a diabetes educator, doctor, dietitian, or other diabetes professional for more ideas on how to help your child become healthier."
        ]
    },
    {
        "name": "Diabetes: Warning Signs",
        "link": "https://www.webmd.com/diabetes/type-2-diabetes-in-children",
        "symptoms": [
            "More thirst. When sugar builds up in your blood, your kidneys work overtime to get rid of it. This pulls fluids from your tissues and makes you dehydrated, so you feel thirsty.",
            "More hunger. Because diabetes can stop glucose from getting to your cells, you feel hungry, even after you’ve eaten.",
            "Peeing often. You’ll pee more because your kidneys are working to get rid of extra sugar in your system.",
            "Dry mouth. Dehydration and peeing a lot can drain moisture from your mouth as well.",
            "Weight loss without trying. When you lose sugar from peeing a lot, you lose calories, too. You might lose weight even though you’re eating as usual.",
            "Fatigue. When your body can’t use energy from food, you could feel weak and tired. Dehydration can make you feel this way, too.",
            "Blurry vision. High blood sugar can make you have trouble focusing.",
            "Headaches. High blood sugar levels can cause your head to hurt.",
            "Loss of consciousness. After you exercise, skip a meal, or take too much medication, your blood sugar could go too low, and you could pass out.",
            "Infections or sores that don’t heal. High blood sugar can slow blood flow and make it harder for your body to heal.",
            "Tingling hands and feet. Type 2 diabetes can affect nerves in your hands and feet.",
            "Red, swollen, tender gums. You might be more likely to get infections in your gums and the bones that hold your teeth in place. Your gums may get infected or pull away from your teeth. Your teeth might become loose."
        ]
    },
    {
        "name": "Diabetic Eye Disease",
        "link": "https://www.webmd.com/diabetes/type-2-diabetes-symptoms"
    },
    {
        "name": "Diabetic Ketoacidosis (DKA)",
        "link": "https://www.webmd.com/diabetes/diabetes-eye-problems",
        "symptoms": [
            "Urge to pee a lot more than usual",
            "High ketones amount",
            "Strong thirst",
            "Severe headache",
            "Dehydration",
            "High blood sugar levels (more than 250 mg/dL)"
        ],
        "causes": [
            "Missing insulin doses and diabetes mismanagement. If you miss doses of insulin or other medications a lot, or if your doctor prescribed the wrong dose, etc., your blood sugar might be further away from your target. You are at higher risk for DKA when your diabetes is not well-managed.",
            "Timing of diabetes diagnosis. People who don’t know they are diabetic and people who just found out that they have diabetes are more likely to get DKA. This is probably because they don’t have as much experience managing theirdiabetes.",
            "How you take your insulin. People who give themselves shots of insulin are more likely to get DKA than people who use an insulin pump. However, if you use an insulin pump and it gets clogged or stops working, you’re at risk for DKA because your body won’t get the amount of insulin you need until your pump gets fixed.",
            "Using expired insulin. If your insulin is spoiled or expired, it might not work as well as it should."
        ],
        "prevention": [
            "Drink lots of water or sugar-free, nonalcoholic beverages.",
            "Take your medicines as directed.",
            "Follow your meal plan closely.",
            "Keep up with your exercise program.",
            "Test your blood sugar regularly.",
            "Check for expired insulin.",
            "Don't use your insulin dose if it has clumps. Insulin should either be clear or evenly cloudy with small flecks.",
            "If you're on an insulin pump, look closely for insulin leaks, and check your tube connections for air bubbles.",
            "Talk to your doctor if your blood sugar levels are often out of your target range.",
            "Manage your insulin dose with help from your doctor or diabetes coach. Make adjustments based on your blood sugar levels, diet, activity levels, or during any illness.",
            "Create a DKA emergency plan. If your blood sugar levels are too high or your urine has too many ketones, make a plan to go to the hospital."
        ]
    },
    {
        "name": "Diabetic Macular Edema",
        "link": "https://www.webmd.com/diabetes/ketoacidosis",
        "causes": [
            "Have images directly in front of you appear blurry or wavy",
            "See colors that seem “washed out”"
        ],
        "symptoms": [
            "Have images directly in front of you appear blurry or wavy",
            "See colors that seem “washed out”"
        ],
        "prevention": [
            "Aflibercept (Eylea)",
            "Bevacizumab (Avastin)",
            "Fluocinolone acetonide (Iluvien)",
            "Ranibizumab (Lucentis)"
        ]
    },
    {
        "name": "Diabetic Neuropathy",
        "link": "https://www.webmd.com/diabetes/diabetic-macular-edema"
    },
    {
        "name": "Diabetic Retinopathy",
        "link": "https://www.webmd.com/diabetes/diabetes-neuropathy",
        "symptoms": [
            "Loss of central vision, which is used when you read or drive",
            "Not being able to see colors",
            "Blurry vision",
            "Holes or black spots in your vision",
            "Floaters, or small spots in your vision caused by bleeding"
        ],
        "causes": [
            "High blood pressure",
            "High cholesterol",
            "Tobacco use",
            "Being African American, Hispanic, or Native American"
        ],
        "prevention": [
            "Make sure you see an eye doctor at least once a year for a complete eye exam.",
            "If you have diabetes and are pregnant, have a thorough eye exam during your first trimester.",
            "Follow up with your eye doctor during pregnancy. Tell your eye doctor if you develop gestational diabetes.",
            "Don’t smoke if you have diabetic retinopathy or diabetes."
        ]
    },
    {
        "name": "Diabetic Sick-Day Guidelines",
        "link": "https://www.webmd.com/diabetes/diabetic-retinopathy"
    },
    {
        "name": "Dialysis, Deciding About",
        "link": "https://www.webmd.com/diabetes/managing-sick-days"
    },
    {
        "name": "Diaper Rash",
        "link": "https://www.webmd.com/a-to-z-guides/kidney-dialysis",
        "causes": [
            "Heat rash that results from hot weather or from overdressing your baby",
            "A food sensitivity, which may also cause other symptoms like hives or wheezing"
        ],
        "symptoms": [
            "Red, irritated skin in the buttocks or genital areas",
            "Lighter skin in the affected areas (for babies who are Brown or Black)",
            "Itchy skin or sores in the diaper area",
            "More than usual fussing and crying of your baby during a diaper change"
        ],
        "prevention": [
            "Wash your hands before and after every diaper change to prevent the spread of bacteria.",
            "Check your baby's diaper often, and change it as soon as it gets wet or soiled.",
            "Use plain water to clean the diaper area. When you need to get poop off your baby's skin, use a mild cleanser.",
            "Check that the area is completely clean and dry before putting on a fresh diaper. Gently pat the area dry, rather than rubbing it.",
            "If you use wipes, choose mild ones. Avoid those with fragrances or alcohol. Or use a clean, soft washcloth.",
            "Apply a diaper cream or ointment with each diaper change if your baby gets diaper rash regularly.",
            "Make sure diapers aren't fastened too tightly to allow some airflow.",
            "Let your baby go diaper-free when possible. Airing out the diaper zone helps skin heal faster and reduces rashes. To avoid a mess, do it right after a bowel movement."
        ]
    },
    {
        "name": "Diaphragm Use and Care",
        "link": "https://www.webmd.com/parenting/diaper-rash-treatment"
    },
    {
        "name": "Diarrhea",
        "link": "https://www.webmd.com/sex/birth-control/diaphragm-birth-control",
        "causes": [
            "Allergies to certain foods",
            "Diseases of the intestines (such as Crohn's disease or ulcerative colitis)",
            "Eating foods that upset the digestive system",
            "Infection by bacteria (the cause of most types of food poisoning) or other organisms",
            "Laxative abuse",
            "Running (Some people get “runner’s diarrhea” for reasons that aren’t clear.)",
            "Some cancers",
            "Surgery on your digestive system",
            "Trouble absorbing certain nutrients, also called “malabsorption”"
        ],
        "symptoms": [
            "How long you've had diarrhea",
            "Whether your diarrhea comes and goes, or is continuous",
            "If you think certain foods and situations make things better or worse",
            "If your stool looks bloody, oily, fatty, or watery",
            "Other symptoms you have and how long you’ve had them",
            "If you have a family history of chronic diarrhea",
            "Places you've traveled to recently",
            "Unusual foods you've tried in the last little while",
            "Any medication or supplements you're taking",
            "If you've lost a lot of weight"
        ],
        "prevention": [
            "How long you've had diarrhea",
            "Whether your diarrhea comes and goes, or is continuous",
            "If you think certain foods and situations make things better or worse",
            "If your stool looks bloody, oily, fatty, or watery",
            "Other symptoms you have and how long you’ve had them",
            "If you have a family history of chronic diarrhea",
            "Places you've traveled to recently",
            "Unusual foods you've tried in the last little while",
            "Any medication or supplements you're taking",
            "If you've lost a lot of weight"
        ]
    },
    {
        "name": "Diet",
        "link": "https://www.webmd.com/digestive-disorders/digestive-diseases-diarrhea"
    },
    {
        "name": "Diet and Meniere's Disease",
        "link": "https://www.webmd.com/diet/default.htm",
        "causes": [
            "Poor drainage (because of blockage or an abnormal structure in your ear)",
            "Autoimmune response (when your body’s defense system attacks healthy cells)",
            "Allergic reaction",
            "Viral infection",
            "Inherited tendency",
            "Blow to the head",
            "Migraine headaches"
        ],
        "symptoms": [
            "Anxiety",
            "Blurry vision",
            "Nausea or diarrhea",
            "Trembling",
            "Cold sweat and rapid pulse"
        ],
        "prevention": [
            "Try to sit down and stay still. ",
            "Don’t make sudden movements, and avoid bright light, loud noise, and other triggers. Watching TV or even reading also can be harmful. ",
            "Fix your gaze on something steady. "
        ]
    },
    {
        "name": "Diet for Children",
        "link": "https://www.webmd.com/brain/what-is-meniere-disease"
    },
    {
        "name": "Diet for Kidney Disease",
        "link": "https://www.webmd.com/children/kids-healthy-eating-habits"
    },
    {
        "name": "Dietary Supplements",
        "link": "https://www.webmd.com/a-to-z-guides/diet-and-chronic-kidney-disease"
    },
    {
        "name": "Difficulty Swallowing (Dysphagia)",
        "link": "https://www.webmd.com/vitamins-and-supplements/supplement-faq",
        "causes": [
            "Disturbances of the brain such as those caused by Parkinson's disease, multiple sclerosis, or ALS (amyotrophic lateral sclerosis, or Lou Gehrig's disease)",
            "Problems with the oral or pharynx muscle, such as from a stroke",
            "Loss of sphincter muscle relaxation (called achalasia)",
            "Contractions of the esophagus after swallowing known as diffuse spasms ",
            "Esophageal stricture, which is when your esophagus narrows, making it difficult for food to pass. This may be caused by GERD (gastroesophageal reflux disease), which can lead to tumors or scar tissue.",
            "Blockage in your throat or esophagus by objects such as food, which is more likely in older people who wear dentures and have trouble chewing",
            "An esophageal ring, or narrowing in the lower esophagus",
            "Eosinophilic esophagitis, which may be related to a food allergy ",
            "Frequent heartburn, which can weaken your esophagus when acid backs up into the esophagus",
            "Inflammation and scarring of the esophagus caused by radiation therapy for cancer "
        ],
        "prevention": [
            "Sit upright at a 90-degree angle.",
            "Tilt your head slightly forward.",
            "Remain sitting upright or standing for 15 to 20 minutes after eating a meal."
        ]
    },
    {
        "name": "Digestive Disorders",
        "link": "https://www.webmd.com/digestive-disorders/swallowing-problems"
    },
    {
        "name": "DMD",
        "link": "https://www.webmd.com/digestive-disorders/default.htm",
        "symptoms": [
            "Myotonic (also called MMD or Steinert's disease). The most common form of muscular dystrophy in adults, myotonic muscular dystrophy affects both men and women, and it usually appears any time from early childhood to adulthood. In rare cases, it appears in newborns (congenital MMD). The name refers to a symptom, myotonia -- prolonged spasm or stiffening of muscles after use. This symptom is usually worse in cold temperatures. The disease causes muscle weakness and also affects the central nervous system, heart, gastrointestinal tract, eyes, and hormone-producing glands. In most cases, daily living isn't restricted for many years. Those with myotonic MD have a decreased life expectancy.",
            "Duchenne. The most common form of muscular dystrophy in children, Duchenne muscular dystrophy typically affects only males. It appears between the ages of 2 and 6. The muscles decrease in size and grow weaker over time yet may appear larger. Disease progression varies, but many people with Duchenne (1 in 3,500 boys) need a wheelchair by the age of 12. In most cases, the arms, legs, and spine become progressively deformed, and there may be some cognitive impairment. Severe breathing and heart problems mark the later stages of the disease. Those with Duchenne MD usually die in their late teens or early 20s.",
            "Becker. This form is similar to Duchenne muscular dystrophy, but the disease is much milder: symptoms appear later and progress more slowly. It usually appears between the ages of 2 and 16 but can appear as late as age 25. Like Duchenne muscular dystrophy, Becker muscular dystrophy typically affects only males (1 in 30,000) and causes heart problems. Disease severity varies. Those with Becker can usually walk into their 30s and live further into adulthood.",
            "Limb-girdle. This appears in the teens to early adulthood and affects males and females. In its most common form, Limb-girdle muscular dystrophy causes progressive weakness that begins in the hips and moves to the shoulders, arms, and legs and the heart may be affected. Within 20 years, walking becomes difficult or impossible. Sufferers typically live to middle age to late adulthood.",
            "Facioscapulohumeral. Facioscapulohumeral refers to the muscles that move the face, shoulder blade, and upper arm bone. This form of muscular dystrophy appears in the teens to early adulthood and affects males and females. It progresses slowly, with short periods of rapid muscle deterioration and weakness. Severity ranges from very mild to completely disabling. Walking, chewing, swallowing, and speaking problems can occur. About 50% of those with facioscapulohumeral MD can walk throughout their lives, and most live a normal life span. It may also bee associated with seizures, mental health problems, and can involve the heart",
            "Congenital. Congenital means present at birth. Congenital muscular dystrophies progress slowly and affect males and females. The two forms that have been identified -- Fukuyama and congenital muscular dystrophy with myosin deficiency -- cause muscle weakness at birth or in the first few months of life, along with severe and early contractures (shortening or shrinking of muscles that causes joint problems). Fukuyama congenital muscular dystrophy causes abnormalities in the brain and often seizures.",
            "Oculopharyngeal. Oculopharyngeal means eye and throat. This form of muscular dystrophy appears in men and women in their 40s, 50s, and 60s. It progresses slowly, causing weakness in the eye and face muscles, which may lead to difficulty swallowing. Weakness in pelvic and shoulder muscles may occur later. Choking and recurrent pneumonia may occur.",
            "Distal. This group of rare diseases affects adult men and women. It causes weakness and wasting of the distal muscles (those farthest from the center) of the forearms, hands, lower legs, and feet. It is generally less severe, progresses more slowly, and affects fewer muscles than other forms of muscular dystrophy.",
            "Emery-Dreifuss. This rare form of muscular dystrophy appears from childhood to the early teens and affects mainly males. In very rare cases, females can be affected. For that to happen, both of a girls X chromosomes (the one they get from their mother and the one from their father) would have to have the defective gene. It causes muscle weakness and wasting in the shoulders, upper arms, and lower legs. Life-threatening heart problems are common and can also affect carriers -- those who have the genetic information for the disease but do not develop the full-blown version (including mothers and sisters of those with Emery-Dreifuss MD). Muscle shortening (contractures) occurs early in the disease. Weakness can spread to chest and pelvic muscles. The disease progresses slowly and causes less severe muscle weakness than some other forms of muscular dystrophy."
        ],
        "causes": [
            "Steroids. Corticosteroids, such as prednisone and deflazacort (Emflaza), are the standard of care for muscular dystrophy. They help improve muscle strength and breathing and decrease weakness. Side effects include high blood pressure and weight gain. People who use steroids for a long time are at risk for brittle bones.",
            "Medicines targeting gene mutations. Eteplirsen (Exondys 51) and golodirsen (Vyondys 53) increase the level of the gene dystrophin. They’re approved to specifically treat Duchenne muscular dystrophy.",
            "Anticonvulsants. Often used to treat epilepsy, these antiseizure drugs may also help reduce muscle spasms.",
            "Immunosuppressants. These powerful medicines are often used to treat lupus and other autoimmune diseases. When given to people with muscular dystrophy, they may help prevent some muscle cell damage.",
            "Antibiotics. The doctor may prescribe an antibiotic to treat a lung infection, which is common in people with muscular dystrophy."
        ],
        "prevention": [
            "Steroids. Corticosteroids, such as prednisone and deflazacort (Emflaza), are the standard of care for muscular dystrophy. They help improve muscle strength and breathing and decrease weakness. Side effects include high blood pressure and weight gain. People who use steroids for a long time are at risk for brittle bones.",
            "Medicines targeting gene mutations. Eteplirsen (Exondys 51) and golodirsen (Vyondys 53) increase the level of the gene dystrophin. They’re approved to specifically treat Duchenne muscular dystrophy.",
            "Anticonvulsants. Often used to treat epilepsy, these antiseizure drugs may also help reduce muscle spasms.",
            "Immunosuppressants. These powerful medicines are often used to treat lupus and other autoimmune diseases. When given to people with muscular dystrophy, they may help prevent some muscle cell damage.",
            "Antibiotics. The doctor may prescribe an antibiotic to treat a lung infection, which is common in people with muscular dystrophy."
        ]
    },
    {
        "name": "Doctor's Appointment, Making the Most of",
        "link": "https://www.webmd.com/children/understanding-muscular-dystrophy-basics"
    },
    {
        "name": "Dogs",
        "link": "https://www.webmd.com/a-to-z-guides/features/visit-tips"
    },
    {
        "name": "Dolichostenomelia",
        "link": "https://www.webmd.com/pets/dogs/default.htm",
        "prevention": [
            "Maintaining a healthy weight; lose weight if you are overweight.",
            "Exercising more",
            "Eating foods low in salt",
            "Eating healthy foods like fruits and vegetables",
            "Drinking alcoholic beverages in moderation, if you drink at all"
        ]
    },
    {
        "name": "Domestic Violence",
        "link": "https://www.webmd.com/heart-disease/heart-disease-prevent"
    },
    {
        "name": "Dowling-Meara Syndrome",
        "link": "https://www.webmd.com/mental-health/mental-whatis-domestic-abuse",
        "causes": [],
        "symptoms": [],
        "prevention": []
    },
    {
        "name": "Down Syndrome",
        "link": "https://www.webmd.com/skin-problems-and-treatments/epidermolysis-bullosa-what-is",
        "symptoms": [
            "Eyes that slant up at the outer corner",
            "Small ears",
            "Flat noses",
            "Tongue that sticks out",
            "Tiny white spots in the colored part of the eyes",
            "Short neck and overall height",
            "Small hands and feet",
            "Short stature",
            "Loose joints",
            "Weak muscle tone and joints",
            "Small pinky fingers that curve in",
            "One crease across the palm of the hand"
        ],
        "causes": [
            "Blood tests. Your doctor measures the levels of a protein called PAPP-A and a hormone called hCG in your blood. Anything out of the normal range could mean a problem with the baby. If you're at high risk for Down syndrome, they may also look for DNA from the baby in your blood, which they can examine for abnormal chromosomes.",
            "Ultrasound. Your doctor looks at a picture of your baby and measures the folds of tissue at the back of their neck. Babies with Down syndrome tend to have extra fluid there."
        ],
        "prevention": [
            "Physical, occupational, and speech therapy",
            "Specialized education services",
            "Social and recreation activities",
            "Programs that offer job training and teach self-care skills"
        ]
    },
    {
        "name": "DR Syndrome",
        "link": "https://www.webmd.com/children/understanding-down-syndrome-basics",
        "symptoms": [
            "Eyes that look different ways: This is called strabismus. It might happen all the time or just sometimes.",
            "Eyelid narrowing: One eye may look smaller than the other.",
            "Reduced vision in the affected eye: One out of every 10 people who have DS have \"lazy\" eye, a condition called amblyopia.",
            "Upshoot or downshoot: The affected eye sometimes looks up or down.",
            "Head position: People who have DS may tilt or turn their heads to try to keep their eyes straight."
        ],
        "causes": [],
        "prevention": []
    },
    {
        "name": "Drooping Eyelids",
        "link": "https://www.webmd.com/eye-health/duane-syndrome-facts",
        "symptoms": [
            "Eyelid Problems and Injuries",
            "Eyelid Drooping",
            "Trichasis",
            "Blepharitis (Eye Inflammation)",
            "Blepharitis Treatment",
            "Chalazion",
            "Stye"
        ],
        "causes": [
            "Eyelid Problems and Injuries",
            "Eyelid Drooping",
            "Trichasis",
            "Blepharitis (Eye Inflammation)",
            "Blepharitis Treatment",
            "Chalazion",
            "Stye"
        ],
        "prevention": [
            "Eyelid Problems and Injuries",
            "Eyelid Drooping",
            "Trichasis",
            "Blepharitis (Eye Inflammation)",
            "Blepharitis Treatment",
            "Chalazion",
            "Stye"
        ]
    },
    {
        "name": "Drowning Prevention",
        "link": "https://www.webmd.com/eye-health/ptosis"
    },
    {
        "name": "Drug Abuse, Teen",
        "link": "https://www.webmd.com/first-aid/drowning-treatment"
    },
    {
        "name": "Drug Allergies",
        "link": "https://www.webmd.com/teens/default.htm",
        "symptoms": [
            "Hives",
            "Rash",
            "Itchy skin",
            "Itchy eyes",
            "Congestion",
            "Swelling in the mouth and throat"
        ],
        "prevention": [
            "Drug Allergy Symptoms",
            "Salicylate",
            "Sulfite",
            "Penicillin",
            "Aspirin"
        ]
    },
    {
        "name": "Dry Skin and Itching",
        "link": "https://www.webmd.com/allergies/allergies-medications",
        "prevention": [
            "Use skin creams and lotions that moisturize your skin and prevent dryness.",
            "Use sunscreens regularly to prevent sunburns and skin damage.",
            "Use mild bath soap that won't irritate your skin.",
            "Take a bath or shower in warm -- not hot -- water.",
            "Avoid certain fabrics, such as wool and synthetics, that can make skin itch. Switch to cotton clothing and bed sheets.",
            "Since warm, dry air can make skin dry, keep the thermostat in your house down and use a humidifier.",
            "To relieve itching, place a cool washcloth or some ice over the area that itches, rather than scratching."
        ]
    },
    {
        "name": "Duchenne Muscular Dystrophy",
        "link": "https://www.webmd.com/skin-problems-and-treatments/skin-conditions-pruritus",
        "causes": [
            "A curved spine, also called scoliosis",
            "Shortened, tight muscles in their legs, called contractures",
            "Headaches",
            "Problems with learning and memory",
            "Shortness of breath",
            "Sleepiness",
            "Trouble concentrating"
        ],
        "symptoms": [
            "A curved spine, also called scoliosis",
            "Shortened, tight muscles in their legs, called contractures",
            "Headaches",
            "Problems with learning and memory",
            "Shortness of breath",
            "Sleepiness",
            "Trouble concentrating"
        ],
        "prevention": [
            "Stand and walk as much as possible. Being upright will keep your child’s bones strong and their spine straight. Braces or standing walkers can make it easier for them to stand and get around.",
            "Eat right. There's no special diet for children with DMD, but healthy foods can prevent weight problems or help with constipation. Work with a dietitian to make sure your child eats the right balance of nutrients and calories each day. You may need to see a specialist if your child has trouble swallowing.",
            "Stay active. Exercise and stretches can keep your child’s muscles and joints limber and help them feel better. A physical therapist can teach them how to exercise safely without overworking.",
            "Find support. Other families living with DMD can be great resources for advice and understanding about life with the disease. Find a local support group or explore online discussion boards. It may also help you to talk about your feelings with a psychologist or counselor."
        ]
    },
    {
        "name": "Duodenal Ulcer",
        "link": "https://www.webmd.com/children/duchenne-muscular-dystrophy",
        "causes": [
            "Bacteria. It’s called Helicobacter pylori (H. pylori), and as many as half of us carry it. Most people infected with H. pylori do not get ulcers. But in others, it can raise the amount of acid, break down the protective mucus layer, and irritate the digestive tract. Experts aren’t sure how H. pylori infection spreads. They think it may pass from person to person through close contact, like kissing. You may also get it from unclean food and water.",
            "Certain pain relievers. If you’ve been taking aspirin often and for a long time, you’re more likely to get a peptic ulcer. The same is true for other nonsteroidal anti-inflammatory drugs (NSAIDs). They include ibuprofen and naproxen. NSAIDs block your body from making a chemical that helps protect the inner walls of your stomach and small intestine from stomach acid. Other types of pain meds, such as acetaminophen, won’t lead to peptic ulcers.",
            "Smoking cigarettes and drinking alcohol also can make you more likely to get ulcers.  Stress and eating a lot of spicy food don’t cause ulcers, as experts once thought. But they can make ulcers worse and harder to treat."
        ],
        "symptoms": [
            "Bloated feeling",
            "Burping",
            "Lack of appetite or weight loss",
            "Nausea",
            "Bloody or dark poop",
            "Vomiting"
        ],
        "prevention": [
            "Aspirin",
            "Ibuprofen",
            "Naproxen sodium"
        ]
    },
    {
        "name": "Dupuytren's Disease",
        "link": "https://www.webmd.com/digestive-disorders/peptic-ulcer-overview",
        "symptoms": [
            "Nodules: These lumps under the skin in the palm of the hand are the first symptoms for many people. The lump may feel tender and sore at first, but this discomfort eventually goes away.",
            "Cords: The nodules cause these tough bands of tissue to form under the skin in the palm. These inflexible bands cause the fingers to bend, or \"curl,\" forward toward the wrist.",
            "Contracture: As the curling gets worse, it becomes difficult, if not impossible, to straighten the fingers. People with Dupuytren's disease often have a hard time picking up large objects, or placing their hands into their pockets, something you might do every day to retrieve coins, cash, or your ID card. If you have this condition, you may also find it difficult to place your hand flat on the table, wear gloves, or shake hands, among other things."
        ],
        "causes": [
            "Drinking a lot of alcohol, although most people with the disease do not have alcoholism",
            "Diabetes",
            "Seizures, such as those seen in people with epilepsy",
            "Smoking",
            "Having a relative with the condition",
            "Being of Northern European (English, Irish, Scottish, French, Dutch) or Scandinavian (Swedish, Norwegian, Finnish) descent",
            "Being a man over 40"
        ],
        "prevention": [
            "Steroid injection: If a nodule is extremely tender, your doctor may recommend a corticosteroid injection, also called a steroid shot. A corticosteroid is a powerful anti-inflammatory medicine, which reduces swelling and inflammation. It may help ease your pain and in some cases may prevent finger contractures from getting worse, but won't straighten your finger if you already have a contracture. You might need a series of shots to see long-term results.",
            "Enzyme injection: If your fingers are already bent, your doctor may give you a shot of collagenase (Xiaflex), a mixture of enzymes that help dissolve the thick and tight tissue. This weakens the tight bands and may allow your doctor to then stretch the tightened area. The most common side effects seen with Xiaflex are swelling, bleeding, bruising, or pain at the injection site. Rarely, tendon or ligament damage may occur that requires surgery to fix. Your doctor can help you decide if enzyme injections or surgery is right for you."
        ]
    },
    {
        "name": "Dysania",
        "link": "https://www.webmd.com/a-to-z-guides/dupuytrens-disease-topic-overview",
        "symptoms": [
            "Follow a schedule: Go to bed and wake up at the same time every day to help control your body clock.",
            "Avoid caffeine, alcohol, and nicotine: These can disrupt your sleep.",
            "Limit naps: Long naps in the daytime may make it hard to fall asleep at night. If you do need a catnap, don’t rest for longer than 30 minutes, and don’t snooze late in the day.",
            "Exercise: Daily physical activity can boost energy and might also help you sleep better. But don’t overdo it too close to bedtime.",
            "Make your room sleep-friendly: Too much light or noise might make it hard to fall asleep. Use shades, earplugs, or a white noise machine to create a comfy place to sleep. Also, make sure your bedroom is cool. Between 60 and 67 degrees is ideal.",
            "Stay away from screens: Using tablets, phones, TVs, laptops, and other gadgets before bed can throw off your body’s clock. This can make it harder to go to sleep. Try to ditch the devices at least 30 minutes before bed."
        ]
    },
    {
        "name": "Dysfunctional Uterine Bleeding",
        "link": "https://www.webmd.com/mental-health/what-is-dysania",
        "symptoms": [
            "Heavy period",
            "Bleeding between your periods, after sex, or during menopause",
            "Long periods (more than 7 days)",
            "Irregular periods"
        ],
        "causes": [
            "Birth control pills and other medicines like warfarin and hormone therapy",
            "Fast weight loss or gain",
            "Emotional or physical stress",
            "An intrauterine device (IUD)",
            "Polycystic ovary syndrome (PCOS)"
        ],
        "prevention": [
            "Hormones. Birth control pills and other hormone treatments may be able to give you regular menstrual cycles and lighter periods.",
            "Gonadotropin-releasing hormone agonists (GnRHa) and GnRHA antagonists. These control heavy bleeding by stopping your body from making certain hormones. They may shrink fibroids for a while. They’re usually used along with other treatments.",
            "NSAIDS. If you take anti-inflammatories like ibuprofen or naproxen a few days before your period starts, they may help lighten the bleeding.",
            "Tranexamic acid. This is a pill that helps your blood clot and can control heavy uterine bleeding.",
            "IUD. For some women, an IUD that releases a hormone called progestin can stop heavy bleeding. Many women who use one don’t get a period at all. They may not be right for you if you have fibroids in the cavity of your uterus rather than the wall. "
        ]
    },
    {
        "name": "Dyslexia",
        "link": "https://www.webmd.com/women/abnormal-uterine-bleeding",
        "symptoms": [
            "Hard to learn or remember the letters of the alphabet",
            "Gets their letters and words mixed up",
            "Falls behind their peers in language skills",
            "Mispronounces familiar words",
            "Has trouble with letters (mistaking \"t\" for \"d\")",
            "Can't recognize rhyming patterns, like \"Humpty Dumpty sat on a wall/Humpty Dumpty had a great fall\""
        ],
        "prevention": [
            "Sound out letters and words (“phonics”)",
            "Read faster",
            "Understand more of what they read",
            "Write more clearly"
        ],
        "causes": [
            "Listen to audio books and have your child read along.",
            "Make sure they spend time reading alone, both quietly and aloud.",
            "Re-read their favorite books.",
            "Take turns reading books aloud together.",
            "Talk about the stories you read together and ask questions like, \"What do you think happens next?\""
        ]
    },
    {
        "name": "Dysmyelogenic Leukodystrophy",
        "link": "https://www.webmd.com/children/understanding-dyslexia-basics",
        "symptoms": [
            "Balance and mobility problems",
            "Behavioral and learning disabilities",
            "Bladder issues",
            "Breathing difficulties",
            "Developmental delays",
            "Hearing, speech, and vision problems",
            "Muscle control disorders",
            "Seizures"
        ],
        "causes": [
            "Blood and urine analysis",
            "CT scans",
            "Genetic testing",
            "MRI scans",
            "Psychological and cognitive tests"
        ],
        "prevention": []
    },
    {
        "name": "Dysphonia Spastica",
        "link": "https://www.webmd.com/brain/leukodystrophy-types"
    }
]