[

    {
        "name": "Labhart-Willi Syndrome",
        "link": "https://www.webmd.com/a-to-z-guides/lab-test-results",
        "causes": [
            "Poor muscle tone or limbs that hang loosely when you hold them",
            "Inability to suck or nurse well, so they gain weight slowly",
            "Eyes that cross or wander",
            "Appearance of being tired all the time",
            "Weak or soft cry",
            "Poor response to you"
        ],
        "symptoms": [
            "Poor muscle tone or limbs that hang loosely when you hold them",
            "Inability to suck or nurse well, so they gain weight slowly",
            "Eyes that cross or wander",
            "Appearance of being tired all the time",
            "Weak or soft cry",
            "Poor response to you"
        ],
        "prevention": [
            "Babies: High-calorie formula may help an infant stay at a healthy weight if they can't eat well because of weak muscle tone. You also can use special nipples or a Gavage feeding tube, which puts breast milk or formula directly in your baby's stomach, to make sure they get enough food.",
            "Older kids and teens: Set clear limits on how and when your child eats to avoid too much weight gain. A low-calorie, balanced diet and lots of exercise can help them stay at a healthy weight. Some kids with PWS may need to take extra vitamin D or calcium."
        ]
    },
    {
        "name": "Labor and Delivery",
        "link": "https://www.webmd.com/parenting/baby/prader-willi-syndrome"
    },
    {
        "name": "Labor and Delivery Complications",
        "link": "https://www.webmd.com/baby/labor-signs",
        "prevention": []
    },
    {
        "name": "Labyrinthine Positional Nystagmus",
        "link": "https://www.webmd.com/baby/understanding-labor-delivery-complications-detection-treatment",
        "causes": [
            "Being passed down from your parents",
            "Other eye issues, like cataracts or strabismus",
            "Diseases like stroke, multiple sclerosis, or Meniere's disease",
            "Head injuries",
            "Albinism (lack of skin pigment)",
            "Inner ear problems",
            "Certain medications, like lithium or drugs for seizures",
            "Alcohol or drug use"
        ],
        "symptoms": [
            "Ear exam",
            "Neurological exam",
            "Brain MRI",
            "Brain CT scan",
            "Recording your eye movement"
        ],
        "prevention": []
    },
    {
        "name": "Labyrinthitis",
        "link": "https://www.webmd.com/eye-health/nystagmus",
        "causes": [
            "Blurry vision",
            "Feeling unbalanced, like you’re about to fall",
            "Feeling lightheaded, or like you’re floating",
            "Nausea and vomiting",
            "Ringing in your ears or hearing loss"
        ],
        "symptoms": [
            "Don’t move too quickly -- you might lose your balance.",
            "Remove tripping hazards like area rugs and electrical cords. Put non-slip mats in your bath and shower.",
            "If you start to feel dizzy, lie down right away. People with vertigo often feel better if they lie down in a quiet, darkened room with their eyes closed.",
            "Drink lots of fluids and eat well. Avoid caffeine, alcohol, salt, and tobacco.",
            "If you think your meds are making you feel dizzy, talk to your doctor. They may change your dose, have you stop using them, or try something else.",
            "Don’t drive if you have dizzy spells."
        ],
        "prevention": [
            "Don’t move too quickly -- you might lose your balance.",
            "Remove tripping hazards like area rugs and electrical cords. Put non-slip mats in your bath and shower.",
            "If you start to feel dizzy, lie down right away. People with vertigo often feel better if they lie down in a quiet, darkened room with their eyes closed.",
            "Drink lots of fluids and eat well. Avoid caffeine, alcohol, salt, and tobacco.",
            "If you think your meds are making you feel dizzy, talk to your doctor. They may change your dose, have you stop using them, or try something else.",
            "Don’t drive if you have dizzy spells."
        ]
    },
    {
        "name": "Lactation Mastitis",
        "link": "https://www.webmd.com/brain/what-is-labyrinthitis",
        "causes": [],
        "symptoms": [],
        "prevention": []
    },
    {
        "name": "Lactose Intolerance",
        "link": "https://www.webmd.com/parenting/baby/what-is-mastitis"
    },
    {
        "name": "LAM",
        "link": "https://www.webmd.com/digestive-disorders/digestive-diseases-lactose-intolerance",
        "causes": [
            "Chylous ascites: The flow of lymph is blocked by errant muscle cells. Chyle (milky lymph fluid) builds up in the belly.",
            "Angiomyolipomas: Noncancerous tumors may grow in the liver or kidneys. These can cause pain, bleeding, or kidney failure."
        ],
        "symptoms": [
            "Chylous ascites: The flow of lymph is blocked by errant muscle cells. Chyle (milky lymph fluid) builds up in the belly.",
            "Angiomyolipomas: Noncancerous tumors may grow in the liver or kidneys. These can cause pain, bleeding, or kidney failure."
        ],
        "prevention": [
            "Progesterone",
            "Tamoxifen (Nolvadex, Soltamox)",
            "Synthetic luteinizing hormone-releasing hormones (Leuprolide, Lupron)"
        ]
    },
    {
        "name": "Lambert-Eaton Myasthenic Syndrome",
        "link": "https://www.webmd.com/lung/lam-lung-disease-lymphangioleiomyomatosis",
        "symptoms": [
            "Weakness in your eye muscles",
            "Drooping eyelids",
            "Double vision",
            "Blurred vision",
            "Change in your facial expression",
            "Trouble swallowing",
            "Shortness of breath",
            "Problems speaking",
            "Problems walking and lifting things",
            "Trouble holding up your head"
        ],
        "causes": [
            "Reflexes",
            "Muscle strength",
            "Muscle tone",
            "Touch",
            "Sight",
            "Coordination",
            "Balance",
            "Fatigability (how soon your muscles weaken)"
        ],
        "prevention": [
            "Cholinesterase inhibitors. These medications boost the communication between your nerves and your muscles. They can help strengthen muscles.",
            "Corticosteroids. Corticosteroids such as prednisone mute your immune system and slow the release of antibodies that could be helping block your nerve receptors.",
            "Immunosuppressants. Your doctor may add immunosuppressants to your corticosteroids to help reduce your immune system response.",
            "Neonatal Fc receptor blocker. It works by blocking the autoantibodies that cause myasthenia gravis and helps ease the symptoms."
        ]
    },
    {
        "name": "Lamellar Ichthyosis",
        "link": "https://www.webmd.com/brain/understanding-myasthenia-gravis-basics",
        "causes": [
            "Underactive thyroid gland",
            "Kidney disease",
            "Sarcoidosis, a rare disease that causes patches of inflammation inside the body",
            "Cancer such as Hodgkin's lymphoma",
            "HIV infection"
        ],
        "symptoms": [
            "Trunk",
            "Stomach",
            "Buttocks",
            "Legs",
            "Face and scalp"
        ],
        "prevention": [
            "Taking baths or other steps to add moisture to your skin.",
            "Staying cool. Heat and sweat can make it worse.",
            "Use a humidifier to keep heat and air conditioning from drying out your skin.",
            "Wear loose clothes that are cotton or another fabric that doesn't bother your skin.",
            "Avoid laundry detergents or other products with dyes and perfumes."
        ]
    },
    {
        "name": "Langerhans Cell Histiocytosis",
        "link": "https://www.webmd.com/skin-problems-and-treatments/what-is-ichthyosis",
        "symptoms": [
            "X-rays of your lungs and bones",
            "Bone marrow biopsy to look for signs of LCH",
            "Blood chemistry test to check your kidneys, liver, thyroid, and immune system",
            "MRIs and PET and CT scans to get detailed images of your body",
            "Urinalysis to check levels of red and white cells, protein, and sugar in your pee"
        ],
        "causes": [
            "Smoking",
            "Parents who were exposed to environmental toxins, like benzene or wood dust",
            "Infections as a newborn",
            "Family history of thyroid disease"
        ],
        "prevention": [
            "Low-dose radiation to targeted part of the body",
            "Surgery to remove LCH lesions",
            "Steroids like prednisone or anti-inflammatory drugs",
            "Ultraviolet light therapy for skin conditions",
            "Stem cell transplant",
            "Bone marrow, liver, or lung transplants in very serious cases"
        ]
    },
    {
        "name": "LASIK",
        "link": "https://www.webmd.com/cancer/cancer-langerhans-cell-histiocytosis"
    },
    {
        "name": "Latex Allergy",
        "link": "https://www.webmd.com/eye-health/lasik-laser-eye-surgery",
        "prevention": [
            "Antihistamines",
            "Corticosteroid medicines",
            "Soothing lotion like calamine or a 1% hydrocortisone cream"
        ]
    },
    {
        "name": "Laxatives",
        "link": "https://www.webmd.com/allergies/latex-allergies",
        "prevention": [
            "Prescription laxatives such as linaclotide, (Linzess) lubiprostone, (Amitiza) and plecanatide (Trulance) work by increasing the amount of water in your intestines and speeding up the movement of stool. Note that Amitiza is approved for use only in women.",
            "Serotonin 5-hydroxytryptamine 4 receptors. Prucalopride (Motegrity) is a powerful stimulant that’s used for chronic constipation without a known cause.",
            "PAMORAs. This is a shorter way of saying “peripherally acting mu-opioid receptor antagonists.” These work on constipation that’s caused by opioid pain medicines. These drugs  include methylnaltrexone (Relistor) and naloxegol (Movantik.) "
        ]
    },
    {
        "name": "Lazy Eye (Amblyopia)",
        "link": "https://www.webmd.com/digestive-disorders/constipation-relief-tips",
        "causes": [
            "Refractive errors. One eye might have much better focus than the other. The other eye could be nearsighted or farsighted. Or it could have astigmatism (distorted or blurry vision). When your brain gets both a blurry image and a clear one, it starts to ignore the blurry one. If this goes on for months or years, vision in the blurry eye will get worse.",
            "Strabismus. This is when your eyes don’t line up the way they should. One could turn in or out. People who have strabismus can’t focus their eyes together on an image, so they often see double. Your brain will ignore the image from the eye that isn’t aligned.",
            "Cataracts. A cloudy lens inside your eye can make things look blurry. The vision in that eye might not develop the way it should.",
            "Droopy eyelid (ptosis). A sagging eyelid can block your vision."
        ],
        "prevention": [
            "Correcting any underlying vision problems such as nearsightedness, farsightedness, or astigmatism. Most kids with amblyopia also need glasses to help their eyes focus.",
            "Surgery, if a cataract is blocking light from their eye or if strabismus keeps their eyes from moving together the way they should",
            "Wearing a patch over the strong eye to force their brain to use the weak one. At first, your child will have a hard time seeing. Their vision will get better, though it might take weeks or months. After that, they won’t have to wear the patch all the time. But sometimes, when kids go back to using both eyes, they lose some vision in the weak eye. If that happens, they might have to wear the patch again.",
            "Eye drops with a medication called atropine, which blurs the strong eye so your child won’t need to wear a patch. This also forces their brain to use the weak eye.",
            "A Bangerter filter worn over the eyeglass lens of the stronger eye to blur their vision so they have to use the weak eye"
        ]
    },
    {
        "name": "LCH",
        "link": "https://www.webmd.com/eye-health/amblyopia-child-eyes",
        "symptoms": [
            "X-rays of your lungs and bones",
            "Bone marrow biopsy to look for signs of LCH",
            "Blood chemistry test to check your kidneys, liver, thyroid, and immune system",
            "MRIs and PET and CT scans to get detailed images of your body",
            "Urinalysis to check levels of red and white cells, protein, and sugar in your pee"
        ],
        "causes": [
            "Smoking",
            "Parents who were exposed to environmental toxins, like benzene or wood dust",
            "Infections as a newborn",
            "Family history of thyroid disease"
        ],
        "prevention": [
            "Low-dose radiation to targeted part of the body",
            "Surgery to remove LCH lesions",
            "Steroids like prednisone or anti-inflammatory drugs",
            "Ultraviolet light therapy for skin conditions",
            "Stem cell transplant",
            "Bone marrow, liver, or lung transplants in very serious cases"
        ]
    },
    {
        "name": "LDL Cholesterol",
        "link": "https://www.webmd.com/cancer/cancer-langerhans-cell-histiocytosis"
    },
    {
        "name": "Lennox-Gastaut Syndrome",
        "link": "https://www.webmd.com/cholesterol-management/default.htm",
        "causes": [
            "Lack of oxygen during birth",
            "Severe brain injuries linked with pregnancy or birth, such as low birth weight or premature birth",
            "Brain infections (such as encephalitis, meningitis, or rubella)",
            "Seizures that start in infancy, called infantile spasms or West’s syndrome",
            "A brain problem called cortical dysplasia, where some nerve fibers in the brain don’t line up right during development in the womb",
            "Tuberous sclerosis, where non-cancerous tumors form in many places throughout the body, including the brain",
            "Genetics"
        ],
        "symptoms": [
            "When did you first notice a problem?",
            "Has your child had seizures? How many? How frequent?",
            "How long did it last, and how would you describe what happened?",
            "Does your child have any medical conditions or take any medications?",
            "Were there any complications during birth?",
            "Do you know if your child has any brain injuries?",
            "Does your child have problems with learning or behavior?"
        ],
        "prevention": [
            "Cannabidiol (Epidiolex)",
            "Clobazam (Onfi)",
            "Felbamate (Felbatol)",
            "Lamotrigine (Lamictal)",
            "Rufinamide ( Banzel)",
            "Topiramate (Topamax)",
            "Valproate, valproic acid (Depakene, Depakote)"
        ]
    },
    {
        "name": "LGMD",
        "link": "https://www.webmd.com/epilepsy/lennox-gastaut",
        "symptoms": [
            "Myotonic (also called MMD or Steinert's disease). The most common form of muscular dystrophy in adults, myotonic muscular dystrophy affects both men and women, and it usually appears any time from early childhood to adulthood. In rare cases, it appears in newborns (congenital MMD). The name refers to a symptom, myotonia -- prolonged spasm or stiffening of muscles after use. This symptom is usually worse in cold temperatures. The disease causes muscle weakness and also affects the central nervous system, heart, gastrointestinal tract, eyes, and hormone-producing glands. In most cases, daily living isn't restricted for many years. Those with myotonic MD have a decreased life expectancy.",
            "Duchenne. The most common form of muscular dystrophy in children, Duchenne muscular dystrophy typically affects only males. It appears between the ages of 2 and 6. The muscles decrease in size and grow weaker over time yet may appear larger. Disease progression varies, but many people with Duchenne (1 in 3,500 boys) need a wheelchair by the age of 12. In most cases, the arms, legs, and spine become progressively deformed, and there may be some cognitive impairment. Severe breathing and heart problems mark the later stages of the disease. Those with Duchenne MD usually die in their late teens or early 20s.",
            "Becker. This form is similar to Duchenne muscular dystrophy, but the disease is much milder: symptoms appear later and progress more slowly. It usually appears between the ages of 2 and 16 but can appear as late as age 25. Like Duchenne muscular dystrophy, Becker muscular dystrophy typically affects only males (1 in 30,000) and causes heart problems. Disease severity varies. Those with Becker can usually walk into their 30s and live further into adulthood.",
            "Limb-girdle. This appears in the teens to early adulthood and affects males and females. In its most common form, Limb-girdle muscular dystrophy causes progressive weakness that begins in the hips and moves to the shoulders, arms, and legs and the heart may be affected. Within 20 years, walking becomes difficult or impossible. Sufferers typically live to middle age to late adulthood.",
            "Facioscapulohumeral. Facioscapulohumeral refers to the muscles that move the face, shoulder blade, and upper arm bone. This form of muscular dystrophy appears in the teens to early adulthood and affects males and females. It progresses slowly, with short periods of rapid muscle deterioration and weakness. Severity ranges from very mild to completely disabling. Walking, chewing, swallowing, and speaking problems can occur. About 50% of those with facioscapulohumeral MD can walk throughout their lives, and most live a normal life span. It may also bee associated with seizures, mental health problems, and can involve the heart",
            "Congenital. Congenital means present at birth. Congenital muscular dystrophies progress slowly and affect males and females. The two forms that have been identified -- Fukuyama and congenital muscular dystrophy with myosin deficiency -- cause muscle weakness at birth or in the first few months of life, along with severe and early contractures (shortening or shrinking of muscles that causes joint problems). Fukuyama congenital muscular dystrophy causes abnormalities in the brain and often seizures.",
            "Oculopharyngeal. Oculopharyngeal means eye and throat. This form of muscular dystrophy appears in men and women in their 40s, 50s, and 60s. It progresses slowly, causing weakness in the eye and face muscles, which may lead to difficulty swallowing. Weakness in pelvic and shoulder muscles may occur later. Choking and recurrent pneumonia may occur.",
            "Distal. This group of rare diseases affects adult men and women. It causes weakness and wasting of the distal muscles (those farthest from the center) of the forearms, hands, lower legs, and feet. It is generally less severe, progresses more slowly, and affects fewer muscles than other forms of muscular dystrophy.",
            "Emery-Dreifuss. This rare form of muscular dystrophy appears from childhood to the early teens and affects mainly males. In very rare cases, females can be affected. For that to happen, both of a girls X chromosomes (the one they get from their mother and the one from their father) would have to have the defective gene. It causes muscle weakness and wasting in the shoulders, upper arms, and lower legs. Life-threatening heart problems are common and can also affect carriers -- those who have the genetic information for the disease but do not develop the full-blown version (including mothers and sisters of those with Emery-Dreifuss MD). Muscle shortening (contractures) occurs early in the disease. Weakness can spread to chest and pelvic muscles. The disease progresses slowly and causes less severe muscle weakness than some other forms of muscular dystrophy."
        ],
        "causes": [
            "Steroids. Corticosteroids, such as prednisone and deflazacort (Emflaza), are the standard of care for muscular dystrophy. They help improve muscle strength and breathing and decrease weakness. Side effects include high blood pressure and weight gain. People who use steroids for a long time are at risk for brittle bones.",
            "Medicines targeting gene mutations. Eteplirsen (Exondys 51) and golodirsen (Vyondys 53) increase the level of the gene dystrophin. They’re approved to specifically treat Duchenne muscular dystrophy.",
            "Anticonvulsants. Often used to treat epilepsy, these antiseizure drugs may also help reduce muscle spasms.",
            "Immunosuppressants. These powerful medicines are often used to treat lupus and other autoimmune diseases. When given to people with muscular dystrophy, they may help prevent some muscle cell damage.",
            "Antibiotics. The doctor may prescribe an antibiotic to treat a lung infection, which is common in people with muscular dystrophy."
        ],
        "prevention": [
            "Steroids. Corticosteroids, such as prednisone and deflazacort (Emflaza), are the standard of care for muscular dystrophy. They help improve muscle strength and breathing and decrease weakness. Side effects include high blood pressure and weight gain. People who use steroids for a long time are at risk for brittle bones.",
            "Medicines targeting gene mutations. Eteplirsen (Exondys 51) and golodirsen (Vyondys 53) increase the level of the gene dystrophin. They’re approved to specifically treat Duchenne muscular dystrophy.",
            "Anticonvulsants. Often used to treat epilepsy, these antiseizure drugs may also help reduce muscle spasms.",
            "Immunosuppressants. These powerful medicines are often used to treat lupus and other autoimmune diseases. When given to people with muscular dystrophy, they may help prevent some muscle cell damage.",
            "Antibiotics. The doctor may prescribe an antibiotic to treat a lung infection, which is common in people with muscular dystrophy."
        ]
    },
    {
        "name": "LGS",
        "link": "https://www.webmd.com/children/understanding-muscular-dystrophy-basics",
        "causes": [
            "Lack of oxygen during birth",
            "Severe brain injuries linked with pregnancy or birth, such as low birth weight or premature birth",
            "Brain infections (such as encephalitis, meningitis, or rubella)",
            "Seizures that start in infancy, called infantile spasms or West’s syndrome",
            "A brain problem called cortical dysplasia, where some nerve fibers in the brain don’t line up right during development in the womb",
            "Tuberous sclerosis, where non-cancerous tumors form in many places throughout the body, including the brain",
            "Genetics"
        ],
        "symptoms": [
            "When did you first notice a problem?",
            "Has your child had seizures? How many? How frequent?",
            "How long did it last, and how would you describe what happened?",
            "Does your child have any medical conditions or take any medications?",
            "Were there any complications during birth?",
            "Do you know if your child has any brain injuries?",
            "Does your child have problems with learning or behavior?"
        ],
        "prevention": [
            "Cannabidiol (Epidiolex)",
            "Clobazam (Onfi)",
            "Felbamate (Felbatol)",
            "Lamotrigine (Lamictal)",
            "Rufinamide ( Banzel)",
            "Topiramate (Topamax)",
            "Valproate, valproic acid (Depakene, Depakote)"
        ]
    },
    {
        "name": "Lice",
        "link": "https://www.webmd.com/epilepsy/lennox-gastaut"
    },
    {
        "name": "Lichen Amyloidosis",
        "link": "https://www.webmd.com/skin-problems-and-treatments/skin-conditions-lice",
        "causes": [
            "Changes in skin color",
            " Severe fatigue",
            "Feeling of fullness",
            " Joint pain ",
            "Low red blood cell count (anemia)",
            "Shortness of breath",
            "Swelling of the tongue ",
            "Tingling and numbness in legs and feet",
            "Weak hand grip",
            "Severe weakness ",
            "Sudden weight loss "
        ],
        "symptoms": [
            "Changes in skin color",
            " Severe fatigue",
            "Feeling of fullness",
            " Joint pain ",
            "Low red blood cell count (anemia)",
            "Shortness of breath",
            "Swelling of the tongue ",
            "Tingling and numbness in legs and feet",
            "Weak hand grip",
            "Severe weakness ",
            "Sudden weight loss "
        ],
        "prevention": [
            "High-dose chemotherapy with stem cell transplant can help remove the substance that leads to amyloid formation in some people with primary AL amyloidosis. Chemotherapy medicines alone may be used to treat other patients with primary AL amyloidosis.",
            "Secondary (AA) amyloidosis is treated by controlling the underlying disorder and with powerful anti-inflammatory medicines called steroids, which fight inflammation.",
            "A liver transplant may treat the disease if you have certain types of hereditary amyloidosis.",
            "New therapies can slow the production of the abnormal protein TTR.",
            "Your doctor might also recommend a kidney transplant."
        ]
    },
    {
        "name": "Lichen Annularis",
        "link": "https://www.webmd.com/cancer/lymphoma/amyloidosis-symptoms-causes-treatments",
        "symptoms": [
            "Blistering",
            "Redness",
            "Scaly or dry skin",
            "Similarity to hives",
            "Blotchiness",
            "Swelling or inflammation",
            "Itchy skin",
            "Pain",
            "Infection of the areas of broken skin",
            "Shiny, flat-topped bumps",
            "Large affected areas of skin",
            "Circular-shaped affected areas"
        ],
        "causes": [
            "Viral or bacterial infections",
            "Skin conditions such as rosacea or eczema",
            "Stress",
            "Skin irritants (including soaps, skin care products, or some fabrics)",
            "Personal and/or family history of allergies, hay fever, or asthma",
            "Allergic to certain medications, including those that treat high blood pressure, heart disease, and arthritis",
            "Triggering agents from other conditions, such as hepatitis B or hepatitis C"
        ],
        "prevention": [
            "Reduce stress .",
            "Avoid scratchy materials (for example, wool) and chemicals that can be triggers, such as harsh soaps, detergents, and solvents.",
            "Moisturize often.",
            "Avoid sudden changes in temperature or humidity.",
            "Avoid situations that cause sweating and overheating.",
            "Immediately wash your hands when you come into contact with something you're allergic to."
        ]
    },
    {
        "name": "Lichen Planus Sclerosus Atrophicus",
        "link": "https://www.webmd.com/skin-problems-and-treatments/common-rashes",
        "causes": [
            "It may run in your family.",
            "It could be linked to your immune system. Most of the time, your immune cells keep you safe by attacking bacteria and viruses. With oral lichen planus, some doctors believe, those cells get confused and attack the lining of your mouth.",
            "It could be linked to hepatitis C. Many people infected with the virus get it."
        ],
        "symptoms": [
            "Dryness",
            "A metallic, burning taste in your mouth"
        ],
        "prevention": [
            "Have your dentist polish sharp teeth or replace damaged fillings or crowns.",
            "Talk to your doctor about changing medications that may be to blame.",
            "Brush twice a day, and floss daily.",
            "See your dentist twice a year for a cleaning and checkup.",
            "Use a mild toothpaste and a soft toothbrush."
        ]
    },
    {
        "name": "Lichen Psoriasis",
        "link": "https://www.webmd.com/oral-health/oral-lichen-planus",
        "symptoms": [
            "Plaques. On lighter skin, this appears red, often covered with silver-colored scales. On darker skin tones, plaques may be dark brown or purplish with gray scales. These plaques may be itchy and painful, and they sometimes crack and bleed. In serious cases, the plaques will grow and merge, covering large areas.",
            "Issues with fingernails and toenails. Your  nails may change color or get small pits in them. They may also crumble or come loose from the nail bed.",
            "Scalp. Plaques, scales, or crust appear on the scalp."
        ],
        "causes": [
            "Cuts, scrapes, or surgery",
            "Emotional stress",
            "Strep infections",
            "Medications, including blood pressure medications, antimalarial drugs, lithium and other mood stabilizers, antibiotics, and NSAIDs"
        ],
        "prevention": [
            "Steroid creams ",
            "Prescription topical cream roflumilast (Zoryve)",
            "Moisturizers for dry skin",
            "Salicylic acid",
            "Coal tar (a common treatment for scalp psoriasis available in lotions, creams, foams, shampoos, and bath solutions)",
            "Vitamin D-based cream or ointment (a strong kind ordered by your doctor -- vitamin D in foods and pills has no effect)",
            "Retinoid creams",
            "Calcineurin inhibitors",
            "Anthralin"
        ]
    },
    {
        "name": "Lichen Ruber Planus",
        "link": "https://www.webmd.com/skin-problems-and-treatments/psoriasis/understanding-psoriasis-basics",
        "causes": [
            "It may run in your family.",
            "It could be linked to your immune system. Most of the time, your immune cells keep you safe by attacking bacteria and viruses. With oral lichen planus, some doctors believe, those cells get confused and attack the lining of your mouth.",
            "It could be linked to hepatitis C. Many people infected with the virus get it."
        ],
        "symptoms": [
            "Dryness",
            "A metallic, burning taste in your mouth"
        ],
        "prevention": [
            "Have your dentist polish sharp teeth or replace damaged fillings or crowns.",
            "Talk to your doctor about changing medications that may be to blame.",
            "Brush twice a day, and floss daily.",
            "See your dentist twice a year for a cleaning and checkup.",
            "Use a mild toothpaste and a soft toothbrush."
        ]
    },
    {
        "name": "Lichen Sclerosus",
        "link": "https://www.webmd.com/oral-health/oral-lichen-planus",
        "causes": [
            "You've gone through menopause or haven't started your period. ",
            "You have an uncircumcised penis.",
            "Other people in your family have had it.",
            "You have autoimmune diseases, particularly vitiligo, alopecia, or Hashimoto's disease (autoimmune thyroiditis).",
            "Your skin has been damaged, like from surgery or a piercing.",
            "Your genital skin is often irritated, especially by contact with urine--like when you have incontinence and use adult diapers or pads. ",
            "You have obesity. "
        ],
        "symptoms": [
            "Pain",
            "Burning",
            "Tears or cracks in your skin",
            "Sores",
            "Scarring",
            "Bruising",
            "Blisters",
            "Pain when you pee or poop ",
            "Pain when you have sex",
            "Constipation"
        ],
        "prevention": []
    },
    {
        "name": "Lichen Urticatus",
        "link": "https://www.webmd.com/skin-problems-and-treatments/lichen-sclerosis",
        "causes": [
            "Apply cool compresses or wet cloths to the affected areas.",
            "Try to work and sleep in a cool room.",
            "Wear loose-fitting lightweight clothes."
        ],
        "prevention": [
            "Apply cool compresses or wet cloths to the affected areas.",
            "Try to work and sleep in a cool room.",
            "Wear loose-fitting lightweight clothes."
        ]
    },
    {
        "name": "Life Support",
        "link": "https://www.webmd.com/skin-problems-and-treatments/hives-urticaria-angioedema"
    },
    {
        "name": "Lingua Fissurata",
        "link": "https://www.webmd.com/palliative-care/what-is-life-support"
    },
    {
        "name": "Lingua Nigra",
        "link": "https://www.webmd.com/oral-health/fissured-tongue",
        "causes": [
            "poor oral hygiene",
            "smoking tobacco",
            "drinking a lot of coffee or tea",
            "using antibiotics (which may disrupt the normal balance of bacteria in the mouth)",
            "being dehydrated",
            "taking medications that contain the chemical bismuth (such as Pepto-Bismol for upset stomach)",
            "not producing enough saliva",
            "regularly using mouthwash that contains peroxide, witch hazel, or menthol",
            "getting radiation therapy to the head and neck"
        ],
        "symptoms": [
            "If you smoke, quit.",
            "Add more roughage to your diet. Soft foods won't clean off the tongue effectively."
        ],
        "prevention": [
            "If you smoke, quit.",
            "Add more roughage to your diet. Soft foods won't clean off the tongue effectively."
        ]
    },
    {
        "name": "Linguofacial Dyskinesia",
        "link": "https://www.webmd.com/oral-health/black-hairy-tongue",
        "symptoms": [
            "Stick out your tongue without trying",
            "Blink your eyes fast",
            "Chew",
            "Smack or pucker your lips",
            "Puff out your cheeks",
            "Frown",
            "Grunt"
        ],
        "causes": [
            "Haloperidol (Haldol)",
            "Fluphenazine",
            "Risperidone (Risperdal)",
            "Olanzapine (Zyprexa)"
        ],
        "prevention": [
            "Deutetrabenazine (Austedo)",
            "Valbenazine (Ingrezza)"
        ]
    },
    {
        "name": "Lipodystrophy",
        "link": "https://www.webmd.com/mental-health/tardive-dyskinesia",
        "causes": [
            "An infection, such as measles, pneumonia, infectious mononucleosis, or hepatitis",
            "A disease where your immune system attacks your body (called an autoimmune disease)",
            "Repeated injections in or pressure on the same place on your body",
            "An injury"
        ],
        "symptoms": [
            "Where it happens",
            "How much fat is lost",
            "Other effects on their body"
        ],
        "prevention": []
    },
    {
        "name": "Lipoma",
        "link": "https://www.webmd.com/diabetes/acquired-lipodystrophy",
        "symptoms": [
            "Steroids: This type of drug can help shrink a tumor.",
            "Liposuction: The doctor uses a needle and syringe to draw out the fatty tissue."
        ],
        "causes": [
            "Steroids: This type of drug can help shrink a tumor.",
            "Liposuction: The doctor uses a needle and syringe to draw out the fatty tissue."
        ],
        "prevention": [
            "Steroids: This type of drug can help shrink a tumor.",
            "Liposuction: The doctor uses a needle and syringe to draw out the fatty tissue."
        ]
    },
    {
        "name": "Liposarcoma",
        "link": "https://www.webmd.com/skin-problems-and-treatments/what-is-a-lipoma",
        "causes": [
            "Some rare, genetic diseases",
            "Radiation treatments you've had in the past, usually for another cancer",
            "A family history of liposarcoma or other soft-tissue cancers"
        ],
        "symptoms": [
            "A new or growing lump beneath your skin, especially around or behind your knees or on your thighs",
            "Pain or swelling",
            "Weakness in an arm or leg that has the lump",
            "Feeling full soon after you start eating",
            "Constipation",
            "Poop that has blood or looks black or tarry",
            "Cramping",
            "Bloody vomit",
            "Your belly gets larger"
        ],
        "prevention": []
    },
    {
        "name": "Lissencephaly",
        "link": "https://www.webmd.com/cancer/what-is-liposarcoma",
        "causes": [
            "Difficulty swallowing",
            "Muscle spasms",
            "Severe mental and physical challenges"
        ],
        "symptoms": [
            "Difficulty swallowing",
            "Muscle spasms",
            "Severe mental and physical challenges"
        ]
    },
    {
        "name": "Listeria Infection",
        "link": "https://www.webmd.com/brain/what-is-lissencephaly",
        "causes": [
            "E. coli, a type of bacteria found in the intestines of animals. You can get this from undercooked ground beef, unpasteurized milk, sprouts, or any food or liquid that has had contact with animal feces or sewage. Some strains are harmless. Others can make you very sick.",
            "Listeria is an unusual bacteria that can grow in cold temperatures such as in the refrigerator. It's found in smoked fish, raw (unpasteurized) cheeses, ice cream, pates, hot dogs, and deli meats. Typically, symptoms start within 24 hours of eating the product and you have short-lived gastroenteritis with watery diarrhea, nausea, vomiting, and sometimes fever. That said, it can be much more serious in older people, pregnant women, or those with weakened immune systems. The bacteria can enter the bloodstream and central nervous system and cause an infection called listeriosis. This usually happens within 10 days to a month after exposure. In addition to diarrhea and vomiting, listeria can cause unusual symptoms, including weakness, confusion, and a stiff neck. It can also be deadly. If you have any of these symptoms, call your doctor right away."
        ],
        "symptoms": [
            "Avoid solid foods until vomiting ends. Then eat light, bland foods, such as saltine crackers, bananas, rice, or bread.",
            "Sipping liquids may help avoid vomiting.",
            "Don’t eat fried, greasy, spicy, or sweet foods.",
            "Don’t take anti-nausea or anti-diarrhea medication without asking your doctor. They have side effects and may make some kinds of diarrhea worse. Your doctor may give you anti-nausea medication if you are at risk of being dehydrated."
        ],
        "prevention": [
            "Sushi and other raw seafoods and partly cooked shellfish like mussels, clams, and scallops.",
            "Refrigerated smoked seafood. These usually have labels that say “Nova-style,” “lox,” “kippered,” “jerky,” or “smoked.” Smoked seafood should be safe if you cook it well or if it has been canned or stored on a shelf.",
            "Unpasteurized juice and cider, including fresh-squeezed. These drinks can be safe if you boil them for 1 minute.",
            "Soft cheeses (Brie and Camembert), blue-veined cheeses (Roquefort) and Mexican-style cheeses (queso blanco, queso fresco, Panela). These are often made from unpasteurized milk, especially when they’re sold at farmer’s markets. Feta is also often made with raw milk. Stick with hard cheeses like cheddar or Swiss.",
            "Raw or partly cooked eggs. That means staying away from cookie and cake batter (not even a lick of the spoon). Same for homemade eggnog, tiramisu, Caesar dressing, hollandaise sauce, and ice cream. If you buy one of these products at the store, check the label to make sure it doesn’t contain raw eggs. At home, cook eggs until the yolk is hard.",
            "Raw or undercooked sprouts such as alfalfa, clover, mung beans, and radishes.",
            "Premade salads from the deli that contain meat or seafood. Canned versions are safe.",
            "Pâtés or meat spreads that have been refrigerated (they may be unpasteurized).",
            "Hot dogs, cold cuts, and luncheon and deli meats, even if they’re labeled cooked. Eat them only after you’ve reheated them steaming hot. Make sure no juices from these products end up on your hands or on plates, utensils, or counters."
        ]
    },
    {
        "name": "Listeriosis",
        "link": "https://www.webmd.com/food-recipes/food-poisoning/food-poisoning-diagnosis",
        "causes": [
            "Cantaloupes",
            "Hot dogs",
            "Soft cheeses"
        ],
        "symptoms": [
            "Diarrhea",
            "Nausea",
            "Achy muscles",
            "Fever"
        ]
    },
    {
        "name": "Liver Cancer",
        "link": "https://www.webmd.com/food-recipes/food-poisoning/what-is-listeria",
        "causes": [
            "Your sex. Men are more likely to get hepatocellular carcinoma than women.",
            "Your weight.Obesity can increase the risk for hepatocellular carcinoma.",
            "Your race. In the U.S., liver cancer is most common in Asian Americans and Pacific Islanders.",
            "Anabolic steroid use. Male hormones abused by athletes to increase muscle can slightly increase liver cancer risk with long-term use.",
            "History of diabetes. Studies have suggested a link between diabetes and liver cancer. This is likely due to the link between diabetes and fatty liver disease. ",
            "Inherited metabolic diseases. Diseases that disrupt the normal metabolism of the body have been shown to increase your risk of liver cancer.",
            "Rare diseases. Studies have found a link between liver cancer and some rare diseases like alpha -1-antitrypsin deficiency, tyrosinemia, and Wilson's disease."
        ]
    },
    {
        "name": "Liver Cancer Treatment",
        "link": "https://www.webmd.com/cancer/understanding-liver-cancer-basic-information",
        "prevention": [
            "What is Liver Cancer?",
            "Liver Cancer Symptoms",
            "Liver Cancer Treatment",
            "Liver Cancer Prevention"
        ]
    },
    {
        "name": "Localized Epidermolysis Bullosa",
        "link": "https://www.webmd.com/cancer/understanding-liver-cancer-treatment",
        "causes": [],
        "symptoms": [],
        "prevention": []
    },
    {
        "name": "Lou Gehrig's Disease",
        "link": "https://www.webmd.com/skin-problems-and-treatments/epidermolysis-bullosa-what-is",
        "causes": [
            "Muscle twitching in the arm, leg, shoulder, or tongue",
            "Muscle cramps, especially in your hands and feet",
            "Muscle tightness or stiffness ",
            "Weakness in your hands, arm, leg, or only one side of the body",
            "Trouble speaking loudly ",
            "Slurred speech ",
            "Problems chewing or swallowing"
        ],
        "symptoms": [
            "Muscle twitching in the arm, leg, shoulder, or tongue",
            "Muscle cramps, especially in your hands and feet",
            "Muscle tightness or stiffness ",
            "Weakness in your hands, arm, leg, or only one side of the body",
            "Trouble speaking loudly ",
            "Slurred speech ",
            "Problems chewing or swallowing"
        ],
        "prevention": [
            "Riluzole. (Exservan, Rilutek, Tiglutik kit). You take this drug by mouth, either as a liquid or a tablet that dissolves under your tongue. It may help you live 3 to 6 months longer.  ",
            "Edaravone (Radicava). You get this drug through a vein in your arm or as a pill. It may help you function a little better day to day, but scientists don’t know if it can help you live longer.",
            "Sodium phenylbutyrate and taurursodiol (Relyvrio). This drug comes in powder form. You can mix it with water or put it in a feeding tube. It may help slow disease progression, but we need more research to show how well it works for large groups of people with ALS."
        ]
    },
    {
        "name": "Low Back Pain",
        "link": "https://www.webmd.com/brain/understanding-als-basics",
        "causes": [],
        "symptoms": [],
        "prevention": []
    },
    {
        "name": "Low Back Pain Deciding About MRI",
        "link": "https://www.webmd.com/back-pain/pain-management-back-pain"
    },
    {
        "name": "Low Back Pain Exercises",
        "link": "https://www.webmd.com/back-pain/back-pain-spinal-mri"
    },
    {
        "name": "Low Blood Pressure",
        "link": "https://www.webmd.com/back-pain/ss/slideshow-exercises",
        "causes": [
            "Loss of blood from bleeding",
            "Low body temperature",
            "High body temperature",
            "Heart muscle disease causing heart failure",
            "Sepsis, a severe blood infection",
            "Severe dehydration from vomiting, diarrhea, or fever",
            "A reaction to medication or alcohol",
            "A severe allergic reaction called anaphylaxis that causes an irregular heartbeat"
        ],
        "symptoms": [
            "Dizziness",
            "Lightheadedness",
            "Unsteadiness",
            "Dimming or blurring of vision",
            "Agitation or other behavior changes",
            "Weakness",
            "Fatigue or lethargy",
            "Confusion",
            "Nausea",
            "Cold, clammy skin",
            "Fainting",
            "Pale skin"
        ],
        "prevention": [
            "Eat a diet higher in salt.",
            "Drink lots of nonalcoholic fluids.",
            "Limit alcoholic beverages.",
            "Drink more fluids during hot weather and while sick with a viral illness, such as a cold or the flu.",
            "Have your doctor check your prescription and over-the-counter medications to see if any of them are causing your symptoms.",
            "Get regular exercise to promote blood flow.",
            "Be careful when rising from lying down or sitting. To improve circulation, pump your feet and ankles a few times before standing up. Then go slowly. When you get out of bed, sit upright on the edge of the bed for a few minutes before standing.",
            "Raise the head of your bed at night by placing bricks or blocks under it.",
            "Avoid heavy lifting.",
            "Avoid straining while on the toilet.",
            "Avoid standing still for long periods.",
            "Avoid prolonged exposure to hot water, such as hot showers and spas. If you get dizzy, sit down. It may help to keep a chair or stool in the shower in case you need to sit. To prevent injury, use a nonslip chair or stool designed for use in showers and bath tubs.",
            "To avoid problems with low blood pressure and lessen episodes of dizziness after meals, try eating smaller, more frequent meals. Cut back on carbohydrates. Rest after eating. Avoid taking drugs to lower blood pressure before meals."
        ]
    },
    {
        "name": "Low Potassium Syndrome",
        "link": "https://www.webmd.com/heart/understanding-low-blood-pressure-basics",
        "causes": [
            "You vomit a lot",
            "You have diarrhea",
            "Your kidneys or adrenal glands don’t work well",
            "You take medication that makes you pee (water pills or diuretics)"
        ],
        "symptoms": [
            "Weakness",
            "Fatigue",
            "Muscle cramps or twitching",
            "Constipation",
            "Arrhythmia (abnormal heart rhythms)"
        ],
        "prevention": [
            "If your potassium level is dangerously low",
            "If taking supplements don’t raise your potassium levels",
            "If your low potassium levels cause abnormal heart rhythms"
        ]
    },
    {
        "name": "Low-Carb Diets for Weight Loss",
        "link": "https://www.webmd.com/digestive-disorders/hypokalemia"
    },
    {
        "name": "Low-Dose Aspirin Therapy",
        "link": "https://www.webmd.com/diet/high-protein-low-carbohydrate-diets",
        "prevention": [
            "Vomiting severely",
            "Agitated or lethargic",
            "Unconscious",
            "Having convulsions",
            "Not breathing"
        ]
    },
    {
        "name": "Lumbar Pain",
        "link": "https://www.webmd.com/heart-disease/aspirin-therapy",
        "causes": [
            "Poor posture, like sitting incorrectly at a desk or behind the steering wheel",
            "Repeating the same motion or overdoing it",
            "Pushing, pulling, and lifting things carelessly"
        ],
        "symptoms": [
            "Radiating pain",
            "Numbness",
            "Tingling",
            "Weakness"
        ],
        "prevention": [
            "What Is Back Pain?",
            "Symptoms",
            "Diagnosis & Treatment",
            "Exams & Tests",
            "Causes & Risks",
            "When to Call Your Doctor",
            "Lower Back Pain Relief",
            "Sleeping Tips",
            "Slideshow: Lower Back Pain"
        ]
    },
    {
        "name": "Lung Cancer",
        "link": "https://www.webmd.com/back-pain/understanding-back-pain-basics"
    },
    {
        "name": "Lung Carcinoid Tumors",
        "link": "https://www.webmd.com/lung-cancer/default.htm",
        "causes": [
            "Coughing, sometimes with blood",
            "Wheezing",
            "Chest pain",
            "Shortness of breath"
        ],
        "symptoms": [
            "Coughing, sometimes with blood",
            "Wheezing",
            "Chest pain",
            "Shortness of breath"
        ],
        "prevention": []
    },
    {
        "name": "Lung Disease/Respiratory Problems",
        "link": "https://www.webmd.com/lung-cancer/lung-carcinoid-tumors"
    },
    {
        "name": "Lung Nocardiosis",
        "link": "https://www.webmd.com/lung/default.htm",
        "symptoms": [
            "Chest pain",
            "Coughing",
            "Sweating",
            "Chills",
            "Feeling weak",
            "Lack of appetite",
            "Unexplained weight loss",
            "Shortness of breath or a hard time breathing"
        ],
        "prevention": []
    },
    {
        "name": "Lupus",
        "link": "https://www.webmd.com/a-to-z-guides/what-is-nocardiosis"
    },
    {
        "name": "Lyme Disease",
        "link": "https://www.webmd.com/lupus/default.htm",
        "symptoms": [
            "Fever",
            "Chills",
            "Headache",
            "Fatigue",
            "Muscle and joint pain",
            "Swollen lymph nodes"
        ],
        "prevention": [
            "Wear pants and socks in areas with lots of trees and when you touch fallen leaves.",
            "Wear a tick repellent on your skin and clothing that has DEET, lemon oil, or eucalyptus.",
            "For even more protection, use the chemical permethrin on clothing and camping gear.",
            "Shower within 2 hours after coming inside. Look for ticks on your skin, and wash ticks out of your hair.",
            "Put your clothing and any exposed gear into a hot dryer to kill whatever pests might be on them."
        ]
    },
    {
        "name": "Lymph Node Cancer",
        "link": "https://www.webmd.com/rheumatoid-arthritis/arthritis-lyme-disease",
        "causes": [
            "Inherited immune deficiencies",
            "Genetic syndromes: Down syndrome, Klinefelter's syndrome (a genetic condition in men caused by an extra X chromosome)",
            "Immune disorders, and their treatments: Sjögren's syndrome (an immune disorder characterized by unusual dryness of mucous membranes), rheumatoid arthritis, systemic lupus erythematosus",
            "Celiac disease, a disease involving the processing of certain components of gluten, a protein in grains",
            "Inflammatory bowel disease, particularly Crohn’s disease, and its treatment",
            "Psoriasis",
            "Family history of lymphoma",
            "Bacteria: Helicobacter pylori, associated with gastritis and gastric ulcers; Borrelia burgdorferi, associated with Lyme disease; Campylobacter jejuni; Chlamydia psittaci",
            "Viruses: HIV, HTLV-1, SV-40, HHV-8, Epstein Barr virus, hepatitis virus",
            "Non-random chromosomal translocations and molecular rearrangements"
        ]
    },
    {
        "name": "Lymphangioleimyomatosis",
        "link": "https://www.webmd.com/cancer/lymphoma/understanding-non-hodgkins-lymphoma-basics",
        "causes": [
            "Chylous ascites: The flow of lymph is blocked by errant muscle cells. Chyle (milky lymph fluid) builds up in the belly.",
            "Angiomyolipomas: Noncancerous tumors may grow in the liver or kidneys. These can cause pain, bleeding, or kidney failure."
        ],
        "symptoms": [
            "Chylous ascites: The flow of lymph is blocked by errant muscle cells. Chyle (milky lymph fluid) builds up in the belly.",
            "Angiomyolipomas: Noncancerous tumors may grow in the liver or kidneys. These can cause pain, bleeding, or kidney failure."
        ],
        "prevention": [
            "Progesterone",
            "Tamoxifen (Nolvadex, Soltamox)",
            "Synthetic luteinizing hormone-releasing hormones (Leuprolide, Lupron)"
        ]
    },
    {
        "name": "Lymphedema",
        "link": "https://www.webmd.com/lung/lam-lung-disease-lymphangioleiomyomatosis",
        "causes": [
            "An infection in your lymph nodes",
            "Parasites",
            "Cancer or radiation treatment for cancer",
            "Surgery",
            "Lymph node removal",
            "Injury"
        ],
        "symptoms": [
            "Compression garments: These fabric sleeves apply pressure to the affected limb to help lymph fluid circulate.",
            "Compression devices: These compression sleeves are attached to a pump that automatically applies and removes pressure on your limb on a timed schedule to prevent lymph buildup.",
            "Exercise: Gentle exercises may promote lymph drainage and strengthen your affected limb.",
            "Bandages: Wrapped in just the right way, these may help push lymph fluid toward the trunk of your body. You may also wear them to help prevent lymph fluid from going back into your affected limb.",
            "Massage: A specially trained professional can do light massage to help move fluid from areas of swelling to other areas where working lymph vessels may carry it away. You can even learn how to use these massage techniques on yourself."
        ],
        "prevention": [
            "Compression garments: These fabric sleeves apply pressure to the affected limb to help lymph fluid circulate.",
            "Compression devices: These compression sleeves are attached to a pump that automatically applies and removes pressure on your limb on a timed schedule to prevent lymph buildup.",
            "Exercise: Gentle exercises may promote lymph drainage and strengthen your affected limb.",
            "Bandages: Wrapped in just the right way, these may help push lymph fluid toward the trunk of your body. You may also wear them to help prevent lymph fluid from going back into your affected limb.",
            "Massage: A specially trained professional can do light massage to help move fluid from areas of swelling to other areas where working lymph vessels may carry it away. You can even learn how to use these massage techniques on yourself."
        ]
    },
    {
        "name": "Lymphoma, Non-Hodgkin's",
        "link": "https://www.webmd.com/a-to-z-guides/what-is-lymphedema",
        "causes": [
            "Inherited immune deficiencies",
            "Genetic syndromes: Down syndrome, Klinefelter's syndrome (a genetic condition in men caused by an extra X chromosome)",
            "Immune disorders, and their treatments: Sjögren's syndrome (an immune disorder characterized by unusual dryness of mucous membranes), rheumatoid arthritis, systemic lupus erythematosus",
            "Celiac disease, a disease involving the processing of certain components of gluten, a protein in grains",
            "Inflammatory bowel disease, particularly Crohn’s disease, and its treatment",
            "Psoriasis",
            "Family history of lymphoma",
            "Bacteria: Helicobacter pylori, associated with gastritis and gastric ulcers; Borrelia burgdorferi, associated with Lyme disease; Campylobacter jejuni; Chlamydia psittaci",
            "Viruses: HIV, HTLV-1, SV-40, HHV-8, Epstein Barr virus, hepatitis virus",
            "Non-random chromosomal translocations and molecular rearrangements"
        ]
    },
    {
        "name": "Lysosomal Storage Disorders",
        "link": "https://www.webmd.com/cancer/lymphoma/understanding-non-hodgkins-lymphoma-basics",
        "symptoms": [
            "MRI uses powerful magnets and radio waves to make pictures of the brain.",
            "Biopsy removes a small piece of tissue, which is checked under a microscope for signs of disease."
        ],
        "prevention": [
            "Enzyme replacement therapy delivers the missing enzyme through a vein (IV).",
            "Substrate reduction therapy reduces the substance that is building up in the cells. For example, the drug miglustat (Zavesca) treats one form of Gaucher disease.",
            "Stem cell transplant uses donated cells to help the body make the enzyme it's missing."
        ]
    }
]