[
    {
        "name": "Male Sexual Problems",
        "link": "https://www.webmd.com/eye-health/macular-degeneration/default.htm",
        "causes": [
            "Physical causes: Many physical and/or medical conditions can cause problems with sexual function. These conditions include diabetes, heart and vascular (blood vessel) disease, neurological disorders, hormonal imbalances, chronic diseases such as kidney or liver failure, and alcoholism and drug abuse. In addition, the side effects of certain medications, including some antidepressant drugs, can affect sexual desire and function.",
            "Psychological causes: These include work-related stress and anxiety, concern about sexual performance, marital or relationship problems, depression, feelings of guilt, and the effects of a past sexual trauma."
        ],
        "prevention": [
            "Follow your doctor's treatment plan for any health conditions.",
            "Find out whether your prescription meds can cause sexual problems. There may be an alternative.",
            "Limit your intake of alcohol and recreational drugs.",
            "Quit smoking.",
            "Exercise regularly, eat a healthy diet, and get enough sleep.",
            "Deal with any emotional or psychological issues such as stress, depression, and anxiety. Get treatment as needed.",
            "Increase communication with your partner."
        ]
    },
    {
        "name": "Malignant Appendical Tumor",
        "link": "https://www.webmd.com/sexual-conditions/mens-sexual-problems",
        "prevention": [
            "Wait and watch: If the tumor is small and not growing very fast, the doctor may just ask you to come in regularly to check on it.",
            "Debulking surgery: This takes out as much of the tumor as possible. It won't cure PMP, but it can help you feel better.",
            "Cytoreductive surgery: Your surgeon will take out the lining of your abdomen and any tissues that are affected. Then they'll put chemotherapy  drugs into your abdomen. Afterward, more chemotherapy and another cancer-fighting drug called fluorouracil may be put in the area to kill off any cells from the tumor that were left behind. This is a major operation, and it can take a long time to recover. But it can cure PMP.",
            "Chemotherapy: If you can't have cytoreductive surgery, the doctor may suggest you have chemotherapy. The drugs may be given through your veins. "
        ]
    },
    {
        "name": "Malignant Carcinoid Syndrome",
        "link": "https://www.webmd.com/digestive-disorders/pseudomyxoma-peritonei-facts",
        "causes": [
            "Skin that turns pink, red, or purple",
            "Small, widened blood vessels on their face",
            "Diarrhea",
            "Shortness of breath or wheezing",
            "Rapid heart rate",
            "Sudden drops in blood pressure"
        ],
        "symptoms": [
            "Skin that turns pink, red, or purple",
            "Small, widened blood vessels on their face",
            "Diarrhea",
            "Shortness of breath or wheezing",
            "Rapid heart rate",
            "Sudden drops in blood pressure"
        ],
        "prevention": [
            "Alcohol",
            "Nuts",
            "Cheese",
            "Chili peppers",
            "Hot liquids"
        ]
    },
    {
        "name": "Malignant Large Bowel Tumor",
        "link": "https://www.webmd.com/cancer/carcinoid-syndrome",
        "prevention": [
            "Wait and watch: If the tumor is small and not growing very fast, the doctor may just ask you to come in regularly to check on it.",
            "Debulking surgery: This takes out as much of the tumor as possible. It won't cure PMP, but it can help you feel better.",
            "Cytoreductive surgery: Your surgeon will take out the lining of your abdomen and any tissues that are affected. Then they'll put chemotherapy  drugs into your abdomen. Afterward, more chemotherapy and another cancer-fighting drug called fluorouracil may be put in the area to kill off any cells from the tumor that were left behind. This is a major operation, and it can take a long time to recover. But it can cure PMP.",
            "Chemotherapy: If you can't have cytoreductive surgery, the doctor may suggest you have chemotherapy. The drugs may be given through your veins. "
        ]
    },
    {
        "name": "Malignant Mesothelioma",
        "link": "https://www.webmd.com/digestive-disorders/pseudomyxoma-peritonei-facts",
        "causes": [
            "Weight loss",
            "Swelling and pain in the abdomen",
            "Blood clotting abnormalities",
            "Bowel obstruction",
            "Anemia",
            "Fever"
        ],
        "symptoms": [
            "Weight loss",
            "Swelling and pain in the abdomen",
            "Blood clotting abnormalities",
            "Bowel obstruction",
            "Anemia",
            "Fever"
        ],
        "prevention": [
            "Wide local excision, which removes the cancer along with some of the healthy surrounding tissue",
            "Pleurectomy and decortication, in which the surgeon removes part of the covering of the lungs, chest lining, and outside surface of the lungs",
            "Extrapleural pneumonectomy, which involves removing one whole lung and part of the lining of the chest, the diaphragm, and the lining of the sac around the heart",
            "Pleurodesis, which involves using a chemical or drug to make the lung lining scar and stick to the lung. The scarring stops the buildup of fluid. This is used for symptom control and isn’t meant to be a cure."
        ]
    },
    {
        "name": "Mallet Toes",
        "link": "https://www.webmd.com/lung/mesothelioma-causes-and-symptoms"
    },
    {
        "name": "Malocclusion and Orthodontics",
        "link": "https://www.webmd.com/pain-management/whats-wrong-with-my-toe",
        "prevention": []
    },
    {
        "name": "Maltreatment, Child",
        "link": "https://www.webmd.com/oral-health/crooked-teeth-misaligned-bites"
    },
    {
        "name": "Mammary Paget's Disease",
        "link": "https://www.webmd.com/children/child-abuse-signs",
        "symptoms": [
            "Tingling",
            "Itching",
            "More sensitivity",
            "Burning",
            "Pain",
            "Bloody or yellowish discharge from your nipple",
            "Oozing or bleeding areas",
            "A nipple that looks flattened against your breast",
            "Thickened skin in the nipple area",
            "A lump or mass in your breast"
        ],
        "causes": [
            "Surface biopsy. They’ll gently scrape cells from the surface of your skin.",
            "Shave biopsy. They’ll use a very sharp tool to take off the top layer of skin.",
            "Punch biopsy. A special circular tool called a punch takes a small, round piece of tissue.",
            "Wedge biopsy. Your doctor uses a scalpel to take a small chunk of tissue.",
            "In some cases, the doctor removes the entire nipple."
        ],
        "prevention": [
            "Keep a healthy weight.",
            "Get regular exercise. Moderate to high-intensity activity is best.",
            "Limit how much alcohol you drink. Experts recommend no more than one drink a day for women and two for men.",
            "Breastfeeding may also lower your risk of breast cancer."
        ]
    },
    {
        "name": "Managing a Headache",
        "link": "https://www.webmd.com/breast-cancer/pagets-nipple-disease"
    },
    {
        "name": "Managing a Manic Episode",
        "link": "https://www.webmd.com/migraines-headaches/learning-cope-migraines-headaches",
        "causes": [
            "Your genes. Studies show that bipolar disorder can run in families. It's not because of a single gene that you inherit from your parents, but likely several. And genes aren't the only factor.",
            "Childhood trauma. Some experts think there could be a link between childhood trauma (like emotional, physical, or sexual abuse) and bipolar disorder. But more research needs to be done.",
            "Stress. Either one very stressful event, like the loss of a loved one, or ongoing daily stress, like worries about money, may help trigger bipolar disorder symptoms. ",
            "How your brain works. If you have bipolar disorder, your brain may work differently than someone who doesn't have this condition. For instance, the brain chemicals that control how your brain functions could be out of balance."
        ],
        "symptoms": [
            "Feeling very excited, joyful, or like you're on a \"high\" ",
            "Feeling very touchy or cranky",
            "Acting rude or hostile toward others",
            "Having very fast (racing) thoughts",
            "Feeling extra-talented, special, powerful, or important (grandiose beliefs)",
            "Feeling like you can't be harmed",
            "An increased sex drive",
            "Talking faster and louder than usual",
            "Feeling jumpy",
            "Feeling more energetic or active than usual",
            "Acting on impulse (like spending way more money than usual)",
            "An increase in risk taking (for instance, overusing drugs or alcohol or putting yourself in harm's way)",
            "Feeling like you need less sleep due to your high energy"
        ],
        "prevention": [
            "Mood stabilizers like lithium can help lessen or prevent mood episodes. They're often prescribed as a long-term treatment.",
            "Antidepressants can help boost your depressed mood. They must be taken with a mood stabilizer so they don't trigger a depressive episode.",
            "Anticonvulsants are another type of drug that can help keep your mood steady. Your doctor might prescribe this type if lithium doesn't work for you.",
            "Antipsychotics are often given during a manic or hypomanic episode, especially if you're experiencing a break from reality."
        ]
    },
    {
        "name": "Managing an Episode of Croup",
        "link": "https://www.webmd.com/depression/bipolar-disorder-manic-depression"
    },
    {
        "name": "Managing Eating Problems After a Stroke",
        "link": "https://www.webmd.com/children/understanding-croup-treatment"
    },
    {
        "name": "Managing Hot Flashes",
        "link": "https://www.webmd.com/stroke/food-appetite-problems-after-stroke",
        "causes": [
            "Viral infections, such as the cold, flu, COVID-19, or HIV",
            "Bacterial infections, such as tuberculosis, endocarditis (inflammation of your heart), or osteomyelitis (inflammation of your bone or bone marrow)",
            "Hormonal disorders, such as an overactive thyroid, endocrine tumors, or diabetes",
            "Substance abuse of alcohol, heroin, or cocaine",
            "Neurologic disorders, such as autonomic dysreflexia, autonomic neuropathy (damage to the nerves that control your heart rate, blood pressure, respiration, digestion, and sexual arousal), syringomyelia (a cyst in your spinal cord), and stroke",
            "Mood disorders, such as panic disorder or anxiety",
            "Sleep disorders, such as obstructive sleep apnea",
            "Digestive disorders, such as gastroesophageal reflux disease (GERD)",
            "Some cancers, especially leukemia and lymphoma",
            "Cancer medicine, such as aromatase inhibitors, tamoxifen, opioids, and steroids",
            "Other medicines, such as antidepressants, diabetes medicine, steroids, acetaminophen, aspirin, and high blood pressure medicines"
        ],
        "prevention": [
            "Stress",
            "Caffeine",
            "Alcohol",
            "Spicy foods",
            "Tight clothing",
            "Heat",
            "Cigarette smoke"
        ]
    },
    {
        "name": "Managing Job Stress",
        "link": "https://www.webmd.com/menopause/menopause-hot-flashes",
        "causes": [
            "Being unhappy in your job",
            "Having a heavy workload or too much responsibility",
            "Working long hours",
            "Having poor management, unclear expectations of your work, or no say in the decision-making process",
            "Working under dangerous conditions",
            "Being insecure about your chance for advancement or risk of termination",
            "Having to give speeches in front of colleagues",
            "Facing discrimination or harassment at work, especially if your company isn't supportive"
        ]
    },
    {
        "name": "Managing Morning Sickness",
        "link": "https://www.webmd.com/balance/causes-of-stress",
        "symptoms": [
            "Nausea with or without vomiting during the first trimester that feels like motion sickness",
            "Nausea that comes on in the morning but can resurface at any time or go on all day",
            "Feeling sick from smelling certain foods and other odors ",
            "Nausea after eating, especially spicy foods ",
            "Nausea or vomiting brought on by heat and severe salivation"
        ],
        "causes": [
            "Morning sickness during a previous pregnancy",
            "A sensitive stomach before pregnancy. This includes motion sickness, migraines, sensitivity to certain smells or tastes, or taking birth control pills.",
            "You're pregnant with twins or other multiples. You’ll have higher levels of the pregnancy hormone hCG than a woman carrying one baby. "
        ],
        "prevention": [
            "Vitamin B6 supplements (pyridoxine)",
            "Natural remedies like ginger",
            "Over-the-counter drugs like doxylamine (Unisom)",
            "Prescription anti-nausea medications for persistent symptoms ",
            "Extra fluids if the symptoms are severe enough to cause dehydration"
        ]
    },
    {
        "name": "Managing Poor Eyesight from Diabetes",
        "link": "https://www.webmd.com/baby/morning-sickness-pregnant"
    },
    {
        "name": "Managing your Feelings of Grief",
        "link": "https://www.webmd.com/diabetes/diabetes-eye-problems"
    },
    {
        "name": "Mandibular Ameloblastoma",
        "link": "https://www.webmd.com/depression/depression-grief",
        "symptoms": [
            "MRI (magnetic resonance imaging): Powerful magnets and radio waves are used to make images of your mouth.",
            "CT (computerized tomography) scan: Several X-rays are taken from different angles and put together to show more detailed information."
        ],
        "causes": [
            "MRI (magnetic resonance imaging): Powerful magnets and radio waves are used to make images of your mouth.",
            "CT (computerized tomography) scan: Several X-rays are taken from different angles and put together to show more detailed information."
        ],
        "prevention": []
    },
    {
        "name": "Manic Depression in Children and Teens",
        "link": "https://www.webmd.com/cancer/ameloblastoma-tumor"
    },
    {
        "name": "Manic-Depressive Disorder",
        "link": "https://www.webmd.com/bipolar-disorder/bipolar-children-teens",
        "symptoms": [
            "Excessive happiness, hopefulness, and excitement",
            "Sudden changes from being joyful to being irritable, angry, and hostile",
            "Restlessness",
            "Rapid speech and poor concentration",
            "Increased energy and less need for sleep",
            "Unusually high sex drive",
            "Making grand and unrealistic plans",
            "Showing poor judgment",
            "Drug and alcohol abuse",
            "Becoming more impulsive",
            "Less need for sleep",
            "Less of an appetite",
            "Larger sense of self-confidence and well-being",
            "Being easily distracted"
        ],
        "causes": [
            "Having a family member with bipolar disorder",
            "Going through a time of high stress or trauma",
            "Drug or alcohol abuse",
            "Certain health conditions"
        ],
        "prevention": [
            " Mood stabilizers, such as carbamazepine (Tegretol), lamotrigine (Lamictal), lithium, or valproate (Depakote)Antipsychotic drugs, such as cariprazine (Vraylar), lumateperone (Caplyta), lurasidone (Latuda), olanzapine (Zyprexa), and quetiapine (Seroquel)",
            "Antidepressants ",
            "Antidepressant-antipsychotic drugs, a combination of an antidepressant and a mood stabilizer",
            "Anti-anxiety medications or sleep medicines, such as sedatives like benzodiazepines"
        ]
    },
    {
        "name": "Manual Therapy or Bodywork",
        "link": "https://www.webmd.com/bipolar-disorder/mental-health-bipolar-disorder",
        "prevention": []
    },
    {
        "name": "Medicare",
        "link": "https://www.webmd.com/pain-management/pain-management-treatment-overview"
    },
    {
        "name": "Melanoma/Skin Cancer",
        "link": "https://www.webmd.com/health-insurance/default.htm"
    },
    {
        "name": "Menopause",
        "link": "https://www.webmd.com/melanoma-skin-cancer/default.htm"
    },
    {
        "name": "Men's Health",
        "link": "https://www.webmd.com/menopause/default.htm"
    },
    {
        "name": "Mental Health",
        "link": "https://www.webmd.com/men/default.htm"
    },
    {
        "name": "Meralgia Paresthetica",
        "link": "https://www.webmd.com/mental-health/default.htm",
        "symptoms": [
            "Pain, tingling, numbness, or burning in the outside of your thigh",
            "Sensitivity to light touch rather than to firm pressure",
            "High sensitivity to heat",
            "Pain may be worse after you’ve been walking or standing for a time"
        ],
        "causes": [
            "Weight gain and obesity",
            "Tight clothing, including pants, stockings, a belt, or girdle",
            "Pregnancy",
            "Injury, such as trauma from a seatbelt during a car crash",
            "Something heavy worn around your waist, like a tool or gun belt",
            "A disease that can damage the nerves, like diabetes",
            "Repetitive motions that could irritate the nerve, such as certain leg movements",
            "Standing or walking for a long time"
        ],
        "prevention": [
            "Heat, ice, or taking over-the-counter pain relievers like aspirin, acetaminophen, naproxen, or ibuprofen for a few days",
            "Weight loss",
            "Wearing loose-fitting clothing, especially around your upper front hip"
        ]
    },
    {
        "name": "Metabolic Syndrome",
        "link": "https://www.webmd.com/diabetes/meralgia-paresthetica"
    },
    {
        "name": "Metastatic Melanoma",
        "link": "https://www.webmd.com/heart/metabolic-syndrome/default.htm",
        "causes": [
            "Fair skin, along with lighter hair and eye color",
            "Many moles or irregular moles ",
            "A family history of melanoma"
        ],
        "symptoms": [
            "Hardened lumps under your skin",
            "Swollen or painful lymph nodes",
            "Trouble breathing, or a cough that doesn't go away",
            "Swelling of your liver (under your lower right ribs) or loss of appetite",
            "Bone pain or, less often, broken bones",
            "Headaches, seizures, or weakness or numbness in your arms or legs",
            "Weight loss",
            "Fatigue"
        ],
        "prevention": [
            "Shrink or stop the growth of the disease where it has spread.",
            "Stop it from spreading to new areas.",
            "Make you more comfortable."
        ]
    },
    {
        "name": "MG",
        "link": "https://www.webmd.com/melanoma-skin-cancer/metastatic-melanoma",
        "symptoms": [
            "Weakness in your eye muscles",
            "Drooping eyelids",
            "Double vision",
            "Blurred vision",
            "Change in your facial expression",
            "Trouble swallowing",
            "Shortness of breath",
            "Problems speaking",
            "Problems walking and lifting things",
            "Trouble holding up your head"
        ],
        "causes": [
            "Reflexes",
            "Muscle strength",
            "Muscle tone",
            "Touch",
            "Sight",
            "Coordination",
            "Balance",
            "Fatigability (how soon your muscles weaken)"
        ],
        "prevention": [
            "Cholinesterase inhibitors. These medications boost the communication between your nerves and your muscles. They can help strengthen muscles.",
            "Corticosteroids. Corticosteroids such as prednisone mute your immune system and slow the release of antibodies that could be helping block your nerve receptors.",
            "Immunosuppressants. Your doctor may add immunosuppressants to your corticosteroids to help reduce your immune system response.",
            "Neonatal Fc receptor blocker. It works by blocking the autoantibodies that cause myasthenia gravis and helps ease the symptoms."
        ]
    },
    {
        "name": "Microangiopathic Hemolytic Anemia",
        "link": "https://www.webmd.com/brain/understanding-myasthenia-gravis-basics",
        "symptoms": [
            "Bleeding. This happens most often from your gums or nose. Thrombocytopenia also can cause heavier or longer periods or breakthrough bleeding if you have a menstrual cycle. You may also see blood in your pee or poop.",
            "Blotches and bruises. You might have large areas of bleeding under the skin that don't turn white when you press on them. You also might see what looks like the bruises you get from a bump or after being hit. They could be blue or purple and change to yellow or green over time. These are caused from the inside by the sudden leaking from tiny blood vessels. The medical name for these is purpura.",
            "Red, flat spots on your skin. You'll see these spots the size of a pinhead mostly on your legs and feet, and they may appear in clumps. Your doctor may call them petechiae. Petechiae don't turn white when you put pressure on them.",
            "Fatigue. Low platelets by itself won't make you feel run down and tired. But other conditions that cause low platelets can leave you feeling fatigued.",
            "Enlarged spleen. You'll have this if your spleen is trapping platelets, which may be one reason for your low counts."
        ],
        "causes": [
            "Leukemia or other cancer types",
            "Certain anemias (when your blood doesn't have enough red blood cells)",
            "Viral infections, including hepatitis C or HIV",
            "Certain medicines or treatments, including chemotherapy or radiation",
            "Drinking too much alcohol ",
            "Toxins, including pesticides or arsenic"
        ],
        "prevention": [
            "Blood or platelet transfusions. Your doctor can give you more blood or platelets to replace those you've lost.",
            "Medicines. You may need medication for thrombocytopenia if the problem is with your immune system. Steroids or other medicines that target your immune system may help to keep your antibodies from attacking your platelets. ",
            "Surgery. If other options don't work, your doctor might suggest surgery to take out your spleen (splenectomy).",
            "Plasma exchange. If your low platelet counts are from TTP, plasma exchange can filter out the abnormal parts of your blood to help keep you from getting clots."
        ]
    },
    {
        "name": "Micropolygyria with Muscular Dystrophy",
        "link": "https://www.webmd.com/a-to-z-guides/thrombocytopenia-symptoms-causes-treatments",
        "symptoms": [
            "Myotonic (also called MMD or Steinert's disease). The most common form of muscular dystrophy in adults, myotonic muscular dystrophy affects both men and women, and it usually appears any time from early childhood to adulthood. In rare cases, it appears in newborns (congenital MMD). The name refers to a symptom, myotonia -- prolonged spasm or stiffening of muscles after use. This symptom is usually worse in cold temperatures. The disease causes muscle weakness and also affects the central nervous system, heart, gastrointestinal tract, eyes, and hormone-producing glands. In most cases, daily living isn't restricted for many years. Those with myotonic MD have a decreased life expectancy.",
            "Duchenne. The most common form of muscular dystrophy in children, Duchenne muscular dystrophy typically affects only males. It appears between the ages of 2 and 6. The muscles decrease in size and grow weaker over time yet may appear larger. Disease progression varies, but many people with Duchenne (1 in 3,500 boys) need a wheelchair by the age of 12. In most cases, the arms, legs, and spine become progressively deformed, and there may be some cognitive impairment. Severe breathing and heart problems mark the later stages of the disease. Those with Duchenne MD usually die in their late teens or early 20s.",
            "Becker. This form is similar to Duchenne muscular dystrophy, but the disease is much milder: symptoms appear later and progress more slowly. It usually appears between the ages of 2 and 16 but can appear as late as age 25. Like Duchenne muscular dystrophy, Becker muscular dystrophy typically affects only males (1 in 30,000) and causes heart problems. Disease severity varies. Those with Becker can usually walk into their 30s and live further into adulthood.",
            "Limb-girdle. This appears in the teens to early adulthood and affects males and females. In its most common form, Limb-girdle muscular dystrophy causes progressive weakness that begins in the hips and moves to the shoulders, arms, and legs and the heart may be affected. Within 20 years, walking becomes difficult or impossible. Sufferers typically live to middle age to late adulthood.",
            "Facioscapulohumeral. Facioscapulohumeral refers to the muscles that move the face, shoulder blade, and upper arm bone. This form of muscular dystrophy appears in the teens to early adulthood and affects males and females. It progresses slowly, with short periods of rapid muscle deterioration and weakness. Severity ranges from very mild to completely disabling. Walking, chewing, swallowing, and speaking problems can occur. About 50% of those with facioscapulohumeral MD can walk throughout their lives, and most live a normal life span. It may also bee associated with seizures, mental health problems, and can involve the heart",
            "Congenital. Congenital means present at birth. Congenital muscular dystrophies progress slowly and affect males and females. The two forms that have been identified -- Fukuyama and congenital muscular dystrophy with myosin deficiency -- cause muscle weakness at birth or in the first few months of life, along with severe and early contractures (shortening or shrinking of muscles that causes joint problems). Fukuyama congenital muscular dystrophy causes abnormalities in the brain and often seizures.",
            "Oculopharyngeal. Oculopharyngeal means eye and throat. This form of muscular dystrophy appears in men and women in their 40s, 50s, and 60s. It progresses slowly, causing weakness in the eye and face muscles, which may lead to difficulty swallowing. Weakness in pelvic and shoulder muscles may occur later. Choking and recurrent pneumonia may occur.",
            "Distal. This group of rare diseases affects adult men and women. It causes weakness and wasting of the distal muscles (those farthest from the center) of the forearms, hands, lower legs, and feet. It is generally less severe, progresses more slowly, and affects fewer muscles than other forms of muscular dystrophy.",
            "Emery-Dreifuss. This rare form of muscular dystrophy appears from childhood to the early teens and affects mainly males. In very rare cases, females can be affected. For that to happen, both of a girls X chromosomes (the one they get from their mother and the one from their father) would have to have the defective gene. It causes muscle weakness and wasting in the shoulders, upper arms, and lower legs. Life-threatening heart problems are common and can also affect carriers -- those who have the genetic information for the disease but do not develop the full-blown version (including mothers and sisters of those with Emery-Dreifuss MD). Muscle shortening (contractures) occurs early in the disease. Weakness can spread to chest and pelvic muscles. The disease progresses slowly and causes less severe muscle weakness than some other forms of muscular dystrophy."
        ],
        "causes": [
            "Steroids. Corticosteroids, such as prednisone and deflazacort (Emflaza), are the standard of care for muscular dystrophy. They help improve muscle strength and breathing and decrease weakness. Side effects include high blood pressure and weight gain. People who use steroids for a long time are at risk for brittle bones.",
            "Medicines targeting gene mutations. Eteplirsen (Exondys 51) and golodirsen (Vyondys 53) increase the level of the gene dystrophin. They’re approved to specifically treat Duchenne muscular dystrophy.",
            "Anticonvulsants. Often used to treat epilepsy, these antiseizure drugs may also help reduce muscle spasms.",
            "Immunosuppressants. These powerful medicines are often used to treat lupus and other autoimmune diseases. When given to people with muscular dystrophy, they may help prevent some muscle cell damage.",
            "Antibiotics. The doctor may prescribe an antibiotic to treat a lung infection, which is common in people with muscular dystrophy."
        ],
        "prevention": [
            "Steroids. Corticosteroids, such as prednisone and deflazacort (Emflaza), are the standard of care for muscular dystrophy. They help improve muscle strength and breathing and decrease weakness. Side effects include high blood pressure and weight gain. People who use steroids for a long time are at risk for brittle bones.",
            "Medicines targeting gene mutations. Eteplirsen (Exondys 51) and golodirsen (Vyondys 53) increase the level of the gene dystrophin. They’re approved to specifically treat Duchenne muscular dystrophy.",
            "Anticonvulsants. Often used to treat epilepsy, these antiseizure drugs may also help reduce muscle spasms.",
            "Immunosuppressants. These powerful medicines are often used to treat lupus and other autoimmune diseases. When given to people with muscular dystrophy, they may help prevent some muscle cell damage.",
            "Antibiotics. The doctor may prescribe an antibiotic to treat a lung infection, which is common in people with muscular dystrophy."
        ]
    },
    {
        "name": "Middle Ear Infection",
        "link": "https://www.webmd.com/children/understanding-muscular-dystrophy-basics",
        "causes": [
            "Fever",
            "Pain in the ear (babies will rub or pull on their ears)",
            "Vomiting and diarrhea (in babies only)",
            "Trouble hearing",
            "Crying or pain when sucking",
            "Loss of sleep or appetite"
        ],
        "prevention": [
            "Dust",
            "Cleaning supplies and household products that contain harsh chemicals ",
            "Tobacco smoke"
        ]
    },
    {
        "name": "Migraine Headaches",
        "link": "https://www.webmd.com/cold-and-flu/ear-infection/understanding-otitis-media-basics"
    },
    {
        "name": "Milk Allergy",
        "link": "https://www.webmd.com/migraines-headaches/default.htm"
    },
    {
        "name": "Milk Intolerance",
        "link": "https://www.webmd.com/allergies/milk-allergy"
    },
    {
        "name": "Milk Thistle",
        "link": "https://www.webmd.com/digestive-disorders/digestive-diseases-lactose-intolerance"
    },
    {
        "name": "Mind-Body Wellness",
        "link": "https://www.webmd.com/digestive-disorders/milk-thistle-benefits-and-side-effects"
    },
    {
        "name": "Mini-Stroke (TIA)",
        "link": "https://www.webmd.com/balance/default.htm",
        "symptoms": [
            "Balance and coordination problems",
            "Blindness or blurred vision in one or both eyes",
            "Not being able to move one side of your body",
            "Confusion and a hard time understanding others",
            "Dizziness",
            "A sudden, severe headache",
            "Trouble swallowing"
        ],
        "causes": [
            "Anti-platelet drugs, like acetylsalicylic acid (aspirin) or clopidogrel (Plavix)",
            "Anticoagulant drugs, like warfarin (Jantoven)"
        ],
        "prevention": [
            "Age. The odds of a TIA or stroke get much higher when you're over 55. After age 55, your risk for having a stroke doubles every 10 years.",
            "Family history. If one of your grandparents, parents, or a brother or sister had a stroke, you have a greater chance of getting a TIA.",
            "Previous TIA. Once you've had one, you're much more likely to get another.",
            "Race. African American people, as well as people who belong to South Asian and Caribbean ethnic groups, have a higher chance of a TIA than others.",
            "Gender. Women have a greater risk of strokes and TIAs than men."
        ]
    },
    {
        "name": "Miscarriage",
        "link": "https://www.webmd.com/stroke/what-to-know-about-a-transient-ischemic-attack-tia",
        "symptoms": [
            "Get regular exercise.",
            "Eat a healthy, well-balanced diet.",
            "Maintain a healthy weight.",
            "Avoid infections.",
            "Don’t smoke, drink alcohol, or take illegal drugs.",
            "Cut back on caffeine."
        ],
        "causes": [
            "Infection",
            "Medical conditions in the mother, such as diabetes or thyroid disease",
            "Hormone problems",
            "Immune system responses",
            "Uterine abnormalities",
            "Smoking",
            "Drinking alcohol",
            "Using street drugs",
            "Exposure to radiation or toxic substances"
        ],
        "prevention": [
            "Get regular exercise.",
            "Eat a healthy, well-balanced diet.",
            "Maintain a healthy weight.",
            "Avoid infections.",
            "Don’t smoke, drink alcohol, or take illegal drugs.",
            "Cut back on caffeine."
        ]
    },
    {
        "name": "Misophonia",
        "link": "https://www.webmd.com/baby/pregnancy-miscarriage",
        "prevention": []
    },
    {
        "name": "Missed Period",
        "link": "https://www.webmd.com/mental-health/what-is-misophonia",
        "causes": [
            "Having an intrauterine device (IUD)",
            "Changing birth control pills or using certain medications",
            "Too much exercise",
            "Polycystic ovary syndrome (PCOS)",
            "Pregnancy or breastfeeding",
            "Stress",
            "Overactive thyroid (hyperthyroidism) or underactive thyroid (hypothyroidism)",
            "Thickening of or polyps on the uterine lining",
            "Uterine fibroids"
        ],
        "prevention": [
            "You miss three or more periods a year.",
            "You get your period more often than every 21 days.",
            "You get your period less often than every 35 days.",
            "You are bleeding more heavily than usual during your period.",
            "You bleed for more than 7 days.",
            "You have more pain than usual during a period."
        ]
    },
    {
        "name": "Mitchell Disease",
        "link": "https://www.webmd.com/women/why-is-my-period-so-random",
        "causes": [
            "Chronic kidney disease (uremia)",
            "Small fiber neuropathy",
            "Vitamin deficiency (vitamin B12, folate, and occasionally vitamin B6)",
            "Alcohol abuse",
            "Low thyroid hormone levels (hypothyroidism)",
            "Lyme disease",
            "HIV/AIDS",
            "Amyloid polyneuropathy",
            "Drug side effects, including chemotherapy drugs, vitamin B6 overdose, HIV medicines, amiodarone, isoniazid, metformin, and others",
            "Erythromelalgia",
            "Heavy metal poisoning (lead, mercury, arsenic)",
            "Vasculitis (inflammation of blood vessels)",
            "Sarcoidosis",
            "Guillain-Barre syndrome (GBS)",
            "Chronic inflammatory demyelinating polyneuropathy (CIDP)"
        ],
        "prevention": [
            "Vitamin deficiency. Taking additional vitamin B12 orally or by injection can replace low levels of this nutrient.",
            "Alcoholism. Stopping excessive drinking prevents ongoing nerve damage and allows nerves to heal.",
            "Chronic kidney disease. Dialysis may be necessary to eliminate toxins causing neuropathy and burning feet symptoms.",
            "Hypothyroidism. Taking oral thyroid hormone raises low thyroid levels, often reversing neuropathy as well as burning feet symptoms.",
            "GBS and CIDP. Treatments are very specialized and include plasma exchange (plasmapheresis) or immune globulin therapy (IVIG)."
        ]
    },
    {
        "name": "Mitral Valve Regurgitation",
        "link": "https://www.webmd.com/diabetes/burning-feet-causes-treatments",
        "symptoms": [
            "Heart palpitations, which happen when your heart skips a beat. They produce feelings in your chest that can range from fluttering to pounding and may be more likely to happen when you’re lying on your left side.",
            "Coughing",
            "Fatigue and shortness of breath. The blood coming through the left side of your heart fuels your body, bringing oxygen from your lungs to your cells. If some of that blood is flowing back into the heart instead, you might end up feeling tired or lightheaded, particularly if you’ve been active. In severe cases, you can find yourself feeling tired or short of breath even when you’re at rest.",
            "Rapid breathing",
            "Chest pain",
            "Swelling of feet and legs. This is caused by a buildup of fluid in your body, known as edema. It’s a sign that your heart may be struggling to pump enough blood to the rest of your body."
        ],
        "causes": [
            "Mitral valve prolapse. Often harmless and requiring no treatment, this condition causes the leaflets to bulge, or prolapse, into your left atrium rather than closing properly.",
            "Rheumatic heart disease. This is caused by rheumatic  fever, a condition that can develop if strep throat goes untreated. It causes inflammation that can damage your mitral valve.",
            "Heart attack. This can damage the heart muscles that control your mitral valve, leading to sudden and severe mitral valve regurgitation.",
            "Congenital heart defects. These are problems you’re born with, such as a cleft mitral valve, a rare condition in which one of your mitral valve leaflets has a split in it.",
            "Cardiomyopathy. These are diseases of the heart muscle. The most common is ischemic cardiomyopathy, in which your heart muscle gets damaged due to lack of oxygen. Others include dilated cardiomyopathy and hypertrophic obstructive cardiomyopathy.",
            "Damaged tissue cords. The tissue that holds the leaflets of your mitral valve in place can stretch and tear due to traumatic injury to your chest, as can mitral valve prolapse.",
            "Infective endocarditis. This is inflammation of the lining of your heart’s valves and chambers. It’s a type of bacterial infection that can damage your mitral valve."
        ],
        "prevention": [
            "If you have a mild case, expect to undergo an echocardiogram test every 3-5 years.",
            "If you have a moderate case, you should have an echo every year or two.",
            "If you have a severe case, you should see your doctor at least every 6-12 months."
        ]
    },
    {
        "name": "Mixed Connective Tissue Disease (MCTD)",
        "link": "https://www.webmd.com/heart-disease/what-is-mitral-valve-regurgitation"
    },
    {
        "name": "Mixed Hepatic Porphyria",
        "link": "https://www.webmd.com/a-to-z-guides/connective-tissue-disease",
        "causes": [
            "Drinking alcohol",
            "Estrogen use by women",
            "Hepatitis C",
            "HIV",
            "Smoking"
        ],
        "symptoms": [
            "Belly pain, often severe",
            "Chest pain",
            "Faster heart rate and higher blood pressure",
            "Limb and back pain",
            "Muscle weakness",
            "Tingling and loss of sensation",
            "Cramping",
            "Vomiting and constipation"
        ],
        "prevention": [
            "Regular removal of your blood to lower the amount of iron in your liver. This is called phlebotomy.",
            "Low doses of the antimalarial drug chloroquine or hydroxychloroquine"
        ]
    },
    {
        "name": "Moderate Diets for Weight Loss",
        "link": "https://www.webmd.com/a-to-z-guides/porphyria-symptoms-causes-treatment"
    },
    {
        "name": "Molar Pregnancy",
        "link": "https://www.webmd.com/diet/default.htm",
        "causes": [
            "Being younger than 20 or older than 40",
            "Having experienced a molar pregnancy in the past",
            "Having a history of pregnancy loss",
            "Difficulty conceiving or infertility problems",
            "Being of Asian descent"
        ],
        "symptoms": [
            "Bleeding from your vagina in the first 3 months of pregnancy",
            "Watery brown discharge",
            "Sacs (they look like clusters of grapes) that pass out of your vagina",
            "Nausea and vomiting that happen more often or are worse than what’s normal during pregnancy",
            "Lots of pressure or pain in your pelvis",
            "More swelling in the belly area than expected for your stage of pregnancy",
            "Preeclampsia (high blood pressure)",
            "Anemia, in which your body has too few red blood cells",
            "Very high levels of the pregnancy hormone human chorionic gonadotropin (hCG)",
            "Cysts on your ovaries",
            "An overactive thyroid (hyperthyroidism)"
        ],
        "prevention": []
    },
    {
        "name": "Moles",
        "link": "https://www.webmd.com/baby/what-is-molar-pregnancy",
        "prevention": [],
        "causes": []
    },
    {
        "name": "Molluscum Contagiosum",
        "link": "https://www.webmd.com/skin-problems-and-treatments/moles-freckles-skin-tags",
        "symptoms": [
            "Are generally painless but can itch",
            "Are small (2 to 5 millimeters in diameter)",
            "Have a dimple in the center",
            "Are firm, dome-shaped, and flesh-colored at first",
            "Become softer with time",
            "May turn red and drain over time",
            "Have a central core of white, waxy material"
        ],
        "causes": [
            "Through direct contact with an infected person",
            "By having sexual contact with an infected person",
            "By rubbing or scratching the bumps"
        ],
        "prevention": [
            "Avoid direct skin-to-skin contact with anyone who may have the condition.",
            "Treat eczema in children.",
            "Either don’t have sex or have a monogamous sexual relationship with someone who isn’t infected. (Male and female condoms don’t offer full protection. The virus can get to areas the condom doesn’t cover.)"
        ]
    },
    {
        "name": "Monitoring your Blood Pressure at home",
        "link": "https://www.webmd.com/skin-problems-and-treatments/molluscum-contagium"
    },
    {
        "name": "Mono (Infectious Mononucleosis)",
        "link": "https://www.webmd.com/hypertension-high-blood-pressure/hypertension-home-monitoring",
        "causes": [
            "Fever",
            "Fatigue",
            "Sore throat",
            "Swollen lymph nodes",
            "Sore muscles",
            "Loss of appetite"
        ],
        "symptoms": [
            "Fever",
            "Fatigue",
            "Sore throat",
            "Swollen lymph nodes",
            "Sore muscles",
            "Loss of appetite"
        ],
        "prevention": [
            "What Is Mononucleosis?",
            "Symptoms",
            "Treatments"
        ]
    },
    {
        "name": "Monomodal Visual Amnesia",
        "link": "https://www.webmd.com/a-to-z-guides/understanding-mononucleosis-causes",
        "prevention": [
            "Reducing your number of daily obligations",
            "Taking a walk or adding some form of exercise to your routine",
            "Eating a healthful diet",
            "Taking a break when you need it",
            "Practicing meditation",
            "Spending time in nature"
        ]
    },
    {
        "name": "Morgagni-Turner-Albright Syndrome",
        "link": "https://www.webmd.com/mental-health/signs-nervous-breakdown",
        "causes": [
            "A wide or weblike neck with extra folds of skin",
            "Receding or small lower jaw and a high, narrow roof of the mouth (palate)",
            "Low-set ears and a low hairline",
            "Broad chest with widely spaced nipples",
            "Arms that turn outward at the elbows",
            "Short fingers and toes and narrow fingernails and toenails",
            "Delayed growth",
            "Heart defects",
            "Down-turning eyelids",
            "Short roots of teeth",
            "Kidney abnormalities",
            "Greater than usual number of moles on the skin"
        ],
        "symptoms": [
            "A wide or weblike neck with extra folds of skin",
            "Receding or small lower jaw and a high, narrow roof of the mouth (palate)",
            "Low-set ears and a low hairline",
            "Broad chest with widely spaced nipples",
            "Arms that turn outward at the elbows",
            "Short fingers and toes and narrow fingernails and toenails",
            "Delayed growth",
            "Heart defects",
            "Down-turning eyelids",
            "Short roots of teeth",
            "Kidney abnormalities",
            "Greater than usual number of moles on the skin"
        ],
        "prevention": [
            "Growth hormone, given as an injection a few times a week, to increase height as much as possible.",
            "Estrogen therapy, beginning around the time of puberty until a woman reaches the average age of menopause. This hormone treatment can help a woman grow and reach adult sexual development."
        ]
    },
    {
        "name": "Morning Sickness",
        "link": "https://www.webmd.com/children/what-is-turner-syndrome",
        "symptoms": [
            "Nausea with or without vomiting during the first trimester that feels like motion sickness",
            "Nausea that comes on in the morning but can resurface at any time or go on all day",
            "Feeling sick from smelling certain foods and other odors ",
            "Nausea after eating, especially spicy foods ",
            "Nausea or vomiting brought on by heat and severe salivation"
        ],
        "causes": [
            "Morning sickness during a previous pregnancy",
            "A sensitive stomach before pregnancy. This includes motion sickness, migraines, sensitivity to certain smells or tastes, or taking birth control pills.",
            "You're pregnant with twins or other multiples. You’ll have higher levels of the pregnancy hormone hCG than a woman carrying one baby. "
        ],
        "prevention": [
            "Vitamin B6 supplements (pyridoxine)",
            "Natural remedies like ginger",
            "Over-the-counter drugs like doxylamine (Unisom)",
            "Prescription anti-nausea medications for persistent symptoms ",
            "Extra fluids if the symptoms are severe enough to cause dehydration"
        ]
    },
    {
        "name": "Morvan Disease -- Syringomyelia",
        "link": "https://www.webmd.com/baby/morning-sickness-pregnant",
        "symptoms": [
            "Curving of the spine, called scoliosis",
            "Changes in or loss of bowel and bladder function",
            "Heavy sweating",
            "Not being able to feel hot and cold in the fingers, hands, arms, and upper chest",
            "Loss of reflexes",
            "Muscle stiffness that may make it hard to walk",
            "Muscle weakness, especially in the arms, hands, and shoulders",
            "Feeling numbness, tingling, burning, or piercing",
            "Pain in the neck, shoulders, and sometimes arms and hands",
            "Paralysis (in severe cases)",
            "Headaches",
            "Sexual problems",
            "Swings in blood pressure levels",
            "Twitches, or involuntary muscle contractions",
            "Uncoordinated movements"
        ],
        "causes": [
            "Swelling of the covering of the spinal cord",
            "Meningitis",
            "Spinal cord injury",
            "Spinal tumor",
            "Tethered spinal cord"
        ],
        "prevention": []
    },
    {
        "name": "Motion Sickness",
        "link": "https://www.webmd.com/brain/what-is-syringomyelia",
        "causes": [
            "Dizziness",
            "Increase in saliva production",
            "Loss of appetite",
            "Pale skin"
        ],
        "symptoms": [
            "Dizziness",
            "Increase in saliva production",
            "Loss of appetite",
            "Pale skin"
        ]
    },
    {
        "name": "Motor Neuron Disease",
        "link": "https://www.webmd.com/cold-and-flu/ear-infection/motion-sickness"
    },
    {
        "name": "Mountain Fever",
        "link": "https://www.webmd.com/brain/what-are-motor-neuron-diseases"
    },
    {
        "name": "Mountain Sickness, Acute",
        "link": "https://www.webmd.com/skin-problems-and-treatments/ticks-and-the-diseases-they-spread",
        "causes": [
            "Headache",
            "Dizziness",
            "Nausea",
            "Vomiting",
            "Fatigue and loss of energy",
            "Shortness of breath",
            "Problems with sleep",
            "Loss of appetite"
        ],
        "symptoms": [
            "Headache",
            "Dizziness",
            "Nausea",
            "Vomiting",
            "Fatigue and loss of energy",
            "Shortness of breath",
            "Problems with sleep",
            "Loss of appetite"
        ],
        "prevention": [
            "Start your journey below 10,000 feet. If you have to fly or drive somewhere that’s higher up, stop at one destination that’s lower for at least a full day before going any higher.",
            "If you do fly or drive somewhere and can’t spend time at lower elevations on the way, the drug acetazolamide can help speed up acclimatization.",
            "If you walk, hike, or climb over 10,000 feet, only go up an additional 1,000 feet per day. For every 3,000 feet you climb, rest at least a day at that height.",
            "“Climb high and sleep low”: If you have to climb over 1,000 feet in a day, make sure you come back down to a lower altitude to sleep.",
            "Drink 3-4 quarts of water every day, and make sure about 70% of your calories are coming from carbs.",
            "Don’t use tobacco, alcohol, or medications such as sleeping pills, especially for the first 48 hours. Caffeine is OK if you normally drink it.",
            "Don’t vigorously exercise for the first 48 hours.",
            "Know how to identify the first signs of altitude sickness. Move to a lower elevation right away if you start to have these symptoms."
        ]
    },
    {
        "name": "Mouth (Oral) Cancer",
        "link": "https://www.webmd.com/a-to-z-guides/altitude-sickness",
        "symptoms": [
            "Swellings/thickenings, lumps or bumps, rough spots/crusts/or eroded areas on the lips, gums, cheek, or other areas inside the mouth",
            "Velvety white, red, or speckled (white and red) patches in the mouth",
            " $('.ua_type_mobile .article table').css('width','100%');",
            "Unexplained bleeding in the mouth",
            "Unexplained numbness, loss of feeling, or pain/tenderness in any area of the face, mouth, or neck",
            "Persistent sores on the face, neck, or mouth that bleed easily and do not heal within 2 weeks",
            "A soreness or feeling that something is caught in the back of the throat",
            "Difficulty chewing or swallowing, speaking, or moving the jaw or tongue",
            "Hoarseness, chronic sore throat, or change in voice",
            "Ear pain",
            "Swelling or pain in your jaw. If you wear dentures, they might be uncomfortable or hard to put in.",
            "A change in the way your teeth or dentures fit together",
            "Dramatic weight loss"
        ],
        "prevention": [
            "Don't smoke or use any tobacco products and drink alcohol in moderation (and refrain from binge drinking).",
            "Eat a well-balanced diet.",
            "Limit your exposure to the sun. Repeated exposure increases the risk of cancer on the lip, especially the lower lip. When in the sun, use UV-A/B-blocking sun protective lotions on your skin, as well as your lips."
        ]
    },
    {
        "name": "MPS",
        "link": "https://www.webmd.com/oral-health/oral-cancer",
        "causes": [
            "Large, round cheeks",
            "Broad nose",
            "Thick lips and a large tongue",
            "Bushy eyebrows",
            "Large head",
            "Slowed growth",
            "Thick, tough skin",
            "Short, broad hands with stiff, curled fingers"
        ],
        "symptoms": [
            "Large, round cheeks",
            "Broad nose",
            "Thick lips and a large tongue",
            "Bushy eyebrows",
            "Large head",
            "Slowed growth",
            "Thick, tough skin",
            "Short, broad hands with stiff, curled fingers"
        ],
        "prevention": [
            "Walking, climbing stairs, and the ability to keep up in general",
            "Movement and stiff joints",
            "Breathing",
            "Growth",
            "Hair and facial features"
        ]
    },
    {
        "name": "MPS Disorder",
        "link": "https://www.webmd.com/children/hunter-syndrome-mps-ii",
        "causes": [
            "Large, round cheeks",
            "Broad nose",
            "Thick lips and a large tongue",
            "Bushy eyebrows",
            "Large head",
            "Slowed growth",
            "Thick, tough skin",
            "Short, broad hands with stiff, curled fingers"
        ],
        "symptoms": [
            "Large, round cheeks",
            "Broad nose",
            "Thick lips and a large tongue",
            "Bushy eyebrows",
            "Large head",
            "Slowed growth",
            "Thick, tough skin",
            "Short, broad hands with stiff, curled fingers"
        ],
        "prevention": [
            "Walking, climbing stairs, and the ability to keep up in general",
            "Movement and stiff joints",
            "Breathing",
            "Growth",
            "Hair and facial features"
        ]
    },
    {
        "name": "MPS Disorder I",
        "link": "https://www.webmd.com/children/hunter-syndrome-mps-ii",
        "causes": [
            "Shorter than average, with stocky build",
            "Large head, bulging forehead",
            "Thick lips, widely spaced teeth, and large tongue",
            "Short, flat nose with wide nostrils",
            "Thick, tough skin",
            "Short, broad hands with curving fingers",
            "Knock-knees and walking on toes",
            "Curved spine"
        ],
        "symptoms": [
            "Shorter than average, with stocky build",
            "Large head, bulging forehead",
            "Thick lips, widely spaced teeth, and large tongue",
            "Short, flat nose with wide nostrils",
            "Thick, tough skin",
            "Short, broad hands with curving fingers",
            "Knock-knees and walking on toes",
            "Curved spine"
        ],
        "prevention": []
    },
    {
        "name": "MPS Disorder II",
        "link": "https://www.webmd.com/children/mucopolysaccharidosis-i-mps-i",
        "causes": [
            "Large, round cheeks",
            "Broad nose",
            "Thick lips and a large tongue",
            "Bushy eyebrows",
            "Large head",
            "Slowed growth",
            "Thick, tough skin",
            "Short, broad hands with stiff, curled fingers"
        ],
        "symptoms": [
            "Large, round cheeks",
            "Broad nose",
            "Thick lips and a large tongue",
            "Bushy eyebrows",
            "Large head",
            "Slowed growth",
            "Thick, tough skin",
            "Short, broad hands with stiff, curled fingers"
        ],
        "prevention": [
            "Walking, climbing stairs, and the ability to keep up in general",
            "Movement and stiff joints",
            "Breathing",
            "Growth",
            "Hair and facial features"
        ]
    },
    {
        "name": "MPS I",
        "link": "https://www.webmd.com/children/hunter-syndrome-mps-ii",
        "causes": [
            "Shorter than average, with stocky build",
            "Large head, bulging forehead",
            "Thick lips, widely spaced teeth, and large tongue",
            "Short, flat nose with wide nostrils",
            "Thick, tough skin",
            "Short, broad hands with curving fingers",
            "Knock-knees and walking on toes",
            "Curved spine"
        ],
        "symptoms": [
            "Shorter than average, with stocky build",
            "Large head, bulging forehead",
            "Thick lips, widely spaced teeth, and large tongue",
            "Short, flat nose with wide nostrils",
            "Thick, tough skin",
            "Short, broad hands with curving fingers",
            "Knock-knees and walking on toes",
            "Curved spine"
        ],
        "prevention": []
    },
    {
        "name": "MPS II",
        "link": "https://www.webmd.com/children/mucopolysaccharidosis-i-mps-i",
        "causes": [
            "Large, round cheeks",
            "Broad nose",
            "Thick lips and a large tongue",
            "Bushy eyebrows",
            "Large head",
            "Slowed growth",
            "Thick, tough skin",
            "Short, broad hands with stiff, curled fingers"
        ],
        "symptoms": [
            "Large, round cheeks",
            "Broad nose",
            "Thick lips and a large tongue",
            "Bushy eyebrows",
            "Large head",
            "Slowed growth",
            "Thick, tough skin",
            "Short, broad hands with stiff, curled fingers"
        ],
        "prevention": [
            "Walking, climbing stairs, and the ability to keep up in general",
            "Movement and stiff joints",
            "Breathing",
            "Growth",
            "Hair and facial features"
        ]
    },
    {
        "name": "MRSA",
        "link": "https://www.webmd.com/children/hunter-syndrome-mps-ii",
        "symptoms": [
            "Swollen",
            "Red",
            "Painful",
            "Filled with pus",
            "Have yellow crusting"
        ],
        "causes": [
            "The infection is no better after you’ve been taking the antibiotic 3 or 4 days.",
            "The rash spreads.",
            "You get a fever, or your fever gets worse."
        ]
    },
    {
        "name": "MS (Multiple Sclerosis)",
        "link": "https://www.webmd.com/skin-problems-and-treatments/understanding-mrsa"
    },
    {
        "name": "MSA",
        "link": "https://www.webmd.com/multiple-sclerosis/default.htm",
        "prevention": [
            "Medication can help some people move more easily and feel less stiff. Some drugs also can help with the problems caused by multiple system atrophy, like fainting or constipation.",
            "A cane or walker can help you get around.",
            "Speech therapy can help you communicate better.",
            "Exercise and physical therapy can make your muscles stronger and more flexible.",
            "Occupational therapy can help make everyday tasks easier."
        ]
    },
    {
        "name": "MSL",
        "link": "https://www.webmd.com/parkinsons-disease/parkinsons-plus-syndromes",
        "symptoms": [
            "Steroids: This type of drug can help shrink a tumor.",
            "Liposuction: The doctor uses a needle and syringe to draw out the fatty tissue."
        ],
        "causes": [
            "Steroids: This type of drug can help shrink a tumor.",
            "Liposuction: The doctor uses a needle and syringe to draw out the fatty tissue."
        ],
        "prevention": [
            "Steroids: This type of drug can help shrink a tumor.",
            "Liposuction: The doctor uses a needle and syringe to draw out the fatty tissue."
        ]
    },
    {
        "name": "Mucopolysaccharidoses",
        "link": "https://www.webmd.com/skin-problems-and-treatments/what-is-a-lipoma",
        "causes": [
            "Large, round cheeks",
            "Broad nose",
            "Thick lips and a large tongue",
            "Bushy eyebrows",
            "Large head",
            "Slowed growth",
            "Thick, tough skin",
            "Short, broad hands with stiff, curled fingers"
        ],
        "symptoms": [
            "Large, round cheeks",
            "Broad nose",
            "Thick lips and a large tongue",
            "Bushy eyebrows",
            "Large head",
            "Slowed growth",
            "Thick, tough skin",
            "Short, broad hands with stiff, curled fingers"
        ],
        "prevention": [
            "Walking, climbing stairs, and the ability to keep up in general",
            "Movement and stiff joints",
            "Breathing",
            "Growth",
            "Hair and facial features"
        ]
    },
    {
        "name": "Mucopolysaccharidosis Type I",
        "link": "https://www.webmd.com/children/hunter-syndrome-mps-ii",
        "causes": [
            "Shorter than average, with stocky build",
            "Large head, bulging forehead",
            "Thick lips, widely spaced teeth, and large tongue",
            "Short, flat nose with wide nostrils",
            "Thick, tough skin",
            "Short, broad hands with curving fingers",
            "Knock-knees and walking on toes",
            "Curved spine"
        ],
        "symptoms": [
            "Shorter than average, with stocky build",
            "Large head, bulging forehead",
            "Thick lips, widely spaced teeth, and large tongue",
            "Short, flat nose with wide nostrils",
            "Thick, tough skin",
            "Short, broad hands with curving fingers",
            "Knock-knees and walking on toes",
            "Curved spine"
        ],
        "prevention": []
    },
    {
        "name": "Mucopolysaccharidosis Type II",
        "link": "https://www.webmd.com/children/mucopolysaccharidosis-i-mps-i",
        "causes": [
            "Large, round cheeks",
            "Broad nose",
            "Thick lips and a large tongue",
            "Bushy eyebrows",
            "Large head",
            "Slowed growth",
            "Thick, tough skin",
            "Short, broad hands with stiff, curled fingers"
        ],
        "symptoms": [
            "Large, round cheeks",
            "Broad nose",
            "Thick lips and a large tongue",
            "Bushy eyebrows",
            "Large head",
            "Slowed growth",
            "Thick, tough skin",
            "Short, broad hands with stiff, curled fingers"
        ],
        "prevention": [
            "Walking, climbing stairs, and the ability to keep up in general",
            "Movement and stiff joints",
            "Breathing",
            "Growth",
            "Hair and facial features"
        ]
    },
    {
        "name": "Mucous Membrane Pemphigoid",
        "link": "https://www.webmd.com/children/hunter-syndrome-mps-ii",
        "symptoms": [
            "Ultraviolet light from the sun",
            "Chemicals used to kill pests",
            "Hormones",
            "Infection"
        ],
        "causes": [
            "Ultraviolet light from the sun",
            "Chemicals used to kill pests",
            "Hormones",
            "Infection"
        ],
        "prevention": [
            "Corticosteroids, such as prednisone (Deltasone, Prednicot, Rayos), that also ease inflammation",
            "Immunosuppressive medicines, such as azathioprine (Azasan, Imuran), cyclophosphamide, or mycophenolate mofetil (CellCept)",
            "Biologic drugs, such as rituximab (Rituxan), also used in some cancer treatments"
        ]
    },
    {
        "name": "Mud Fever",
        "link": "https://www.webmd.com/skin-problems-and-treatments/autoimmune-blistering-disorders",
        "causes": [
            "Farmer",
            "Veterinarian",
            "Underground worker (you work in a sewer or a mine)",
            "Slaughterhouse worker",
            "Military personnel"
        ],
        "symptoms": [
            "Headache",
            "Muscle ache",
            "Jaundice (yellowing of the skin and eyes)",
            "Vomiting",
            "Diarrhea",
            "Skin rash"
        ],
        "prevention": [
            "Fever",
            "Belly pain, vomiting, diarrhea",
            "Weakness",
            "Pain ",
            "Stiffness"
        ]
    },
    {
        "name": "Multifocal Motor Neuropathy",
        "link": "https://www.webmd.com/a-to-z-guides/what-is-leptospirosis",
        "causes": [
            "Which muscles are giving you trouble?",
            "Is it worse on one side of your body?",
            "How long have you been feeling this way?",
            "Do you have any numbness or tingling?",
            "Does anything make your symptoms better? What makes them worse?"
        ],
        "symptoms": [
            "Which muscles are giving you trouble?",
            "Is it worse on one side of your body?",
            "How long have you been feeling this way?",
            "Do you have any numbness or tingling?",
            "Does anything make your symptoms better? What makes them worse?"
        ],
        "prevention": []
    },
    {
        "name": "Multiple Endocrine Deficiency Syndrome",
        "link": "https://www.webmd.com/brain/multifocal-motor-neuropathy",
        "causes": [
            "Endocrine disease that results when a gland produces too much or too little of an endocrine hormone, called a hormone imbalance.",
            "Endocrine disease due to the development of lesions (such as nodules or tumors) in the endocrine system, which may or may not affect hormone levels."
        ]
    },
    {
        "name": "Multiple Lentigines Syndrome",
        "link": "https://www.webmd.com/diabetes/endocrine-system-disorders",
        "causes": [
            "Tanned",
            "Sunburned",
            "Blotchy"
        ],
        "prevention": [
            "Always wear a water-resistant sunscreen with broad-spectrum protection and an SPF of 30 or higher (even when it’s not sunny).",
            "Never use tanning beds.",
            "Don’t get sunburned.",
            "Stay in the shade, especially from 10 a.m. to 4 p.m."
        ]
    },
    {
        "name": "Multiple Myeloma",
        "link": "https://www.webmd.com/skin-problems-and-treatments/freckles-skin-spots",
        "causes": [
            "You're older than 65",
            "You're male",
            "You're African American",
            "You have a family member with it",
            "You're overweight or obese",
            "You've been exposed to radiation",
            "You've had contact with chemicals used in rubber manufacturing, woodworking, or firefighting; or in herbicides"
        ],
        "symptoms": [
            "Eat a healthy diet. A dietitian can help you choose the right foods, especially if you're having trouble eating certain things because of your treatment.",
            "Exercise if you can. Stay active to feel better, have more energy, and protect your bones.",
            "Get plenty of rest. Take naps or breaks as needed during the day.",
            "Take advantage of good days. Use those days to do the things you enjoy.",
            "Ask for help. Look for support groups to help you and your family manage this disease."
        ],
        "prevention": [
            "Bendamustine (Treanda)",
            "Cyclophosphamide (Cytoxan)",
            "Doxorubicin (Adriamycin)",
            "Etoposide (VP-16)",
            "Liposomal doxorubicin (Doxil)",
            "Melphalan (Alkeran, Evomela)",
            "Vincristine (Oncovin)"
        ]
    },
    {
        "name": "Multiple Peripheral Neuritis",
        "link": "https://www.webmd.com/cancer/multiple-myeloma/multiple-myeloma-symptoms-causes-treatment",
        "causes": [
            "Acquired neuropathies are caused by environmental factors such as toxins, trauma, illness, or infection. Known causes of acquired neuropathies include:",
            "Diabetes",
            "Several rare inherited diseases",
            "Alcoholism",
            "Poor nutrition or vitamin deficiency",
            "Certain kinds of cancer and chemotherapy used to treat them",
            "Conditions where nerves are mistakenly attacked by the body’s own immune system or damaged by an overaggressive response to injury",
            "Certain medications",
            "Kidney or thyroid disease",
            "Infections such as Lyme disease, shingles, or AIDS",
            "Hereditary neuropathies are not as common. Hereditary neuropathies are diseases of the peripheral nerves that are genetically passed from parent to child. The most common of these is Charcot-Marie-Tooth disease type 1. It is characterized by weakness in the legs and, to a lesser degree, the arms -- symptoms that usually appear between mid-childhood and age 30. This disease is caused by degeneration of the insulation that normally surrounds the nerves and helps them conduct the electrical impulses needed for them to trigger muscle movement.",
            "Idiopathic neuropathies are from an unknown cause. As many as one-third of all neuropathies are classified in this way."
        ]
    },
    {
        "name": "Multiple Polyposis of the Colon",
        "link": "https://www.webmd.com/brain/understanding-peripheral-neuropathy-basics"
    },
    {
        "name": "Multiple Pregnancy: Twins or More",
        "link": "https://www.webmd.com/colorectal-cancer/default.htm"
    },
    {
        "name": "Multiple Sclerosis (MS)",
        "link": "https://www.webmd.com/baby/risks-linked-with-twin-births"
    },
    {
        "name": "Multiple Sulfatase Deficiency",
        "link": "https://www.webmd.com/multiple-sclerosis/default.htm",
        "symptoms": [
            "Balance and mobility problems",
            "Behavioral and learning disabilities",
            "Bladder issues",
            "Breathing difficulties",
            "Developmental delays",
            "Hearing, speech, and vision problems",
            "Muscle control disorders",
            "Seizures"
        ],
        "causes": [
            "Blood and urine analysis",
            "CT scans",
            "Genetic testing",
            "MRI scans",
            "Psychological and cognitive tests"
        ],
        "prevention": []
    },
    {
        "name": "Multiple Symmetric Lipomatosis",
        "link": "https://www.webmd.com/brain/leukodystrophy-types",
        "symptoms": [
            "Steroids: This type of drug can help shrink a tumor.",
            "Liposuction: The doctor uses a needle and syringe to draw out the fatty tissue."
        ],
        "causes": [
            "Steroids: This type of drug can help shrink a tumor.",
            "Liposuction: The doctor uses a needle and syringe to draw out the fatty tissue."
        ],
        "prevention": [
            "Steroids: This type of drug can help shrink a tumor.",
            "Liposuction: The doctor uses a needle and syringe to draw out the fatty tissue."
        ]
    },
    {
        "name": "Mumps",
        "link": "https://www.webmd.com/skin-problems-and-treatments/what-is-a-lipoma",
        "symptoms": [
            "Fatigue",
            "Fever",
            "Headache",
            "Loss of appetite",
            "Muscle aches",
            "Weakness"
        ],
        "causes": [
            "Coughing, sneezing, or talking",
            "Sharing cups and utensils with others",
            "Not properly washing their hands and touching items that other people then touch",
            "Close contact from certain sports or kissing"
        ],
        "prevention": []
    },
    {
        "name": "Munchausen Syndrome by Proxy",
        "link": "https://www.webmd.com/children/vaccines/what-are-the-mumps",
        "symptoms": [
            "Is a parent or caregiver, usually a mother",
            "May be a health care professional",
            "Is very friendly and cooperative with the health care providers",
            "Appears quite concerned (some may seem overly concerned) about their child",
            "May suffer from Munchausen syndrome (a related disorder in which a person repeatedly acts as if they have a physical or mental illness when they are not really sick)"
        ],
        "causes": [],
        "prevention": []
    },
    {
        "name": "Murk Jansen Metaphyseal Chondrodysplasia",
        "link": "https://www.webmd.com/mental-health/munchausen-by-proxy",
        "causes": [
            "Back pain",
            "Curvature of the spine",
            "Spinal stenosis",
            "Issues with the joints",
            "Lung infections",
            "Seizures",
            "Sleep apnea"
        ],
        "symptoms": [
            "Back pain",
            "Curvature of the spine",
            "Spinal stenosis",
            "Issues with the joints",
            "Lung infections",
            "Seizures",
            "Sleep apnea"
        ],
        "prevention": [
            "Back pain",
            "Curvature of the spine",
            "Spinal stenosis",
            "Issues with the joints",
            "Lung infections",
            "Seizures",
            "Sleep apnea"
        ]
    },
    {
        "name": "Muscular Dystrophies",
        "link": "https://www.webmd.com/a-to-z-guides/what-is-chondrodysplasia",
        "causes": [
            "Fall down often",
            "Have weak muscles",
            "Have muscle cramps",
            "Have trouble getting up, climbing stairs, running, or jumping",
            "Walk on their toes or waddle"
        ],
        "symptoms": [
            "Fall down often",
            "Have weak muscles",
            "Have muscle cramps",
            "Have trouble getting up, climbing stairs, running, or jumping",
            "Walk on their toes or waddle"
        ],
        "prevention": [
            "Physical therapyuses different exercises and stretches to keep muscles strong and flexible.",
            "Occupational therapy teaches your child how to make the most of what their muscles can do. Therapists can also show them how to use wheelchairs, braces, and other devices that can help them with daily life.",
            "Speech therapy will teach them easier ways to talk if their throat or face muscles are weak.",
            "Respiratory therapy can help if your child is having trouble breathing. They'll learn ways to make it easier to breathe, or get machines to help.",
            "Medicines can help ease symptoms. They include:Eteplirsen (Exondys 51), golodirsen (Vyondys53), and vitolarsen (Viltepso) for treating DMD. They are injection medications that help treat individuals with a specific mutation of the gene that leads to DMD, specifically by increasing dystrophin production. Talk to your child's doctor about possible side effects. Anti-seizure drugs that reduce muscle spasms.Blood pressure medicines that help with heart problems.Drugs that turn down the body’s immune system, called immunosuppressants; they may slow damage to muscle cells.Steroids like prednisone and defkazacort (Emflaza) that slow down muscle damage and can help your child breathe better. They can cause serious side effects, such as weak bones and a higher risk of infections.Creatine, a chemical normally found in the body, that can help supply energy to muscles and improve strength for some people. Ask your child’s doctor if these supplements are a good idea for them.",
            "Eteplirsen (Exondys 51), golodirsen (Vyondys53), and vitolarsen (Viltepso) for treating DMD. They are injection medications that help treat individuals with a specific mutation of the gene that leads to DMD, specifically by increasing dystrophin production. Talk to your child's doctor about possible side effects. ",
            "Anti-seizure drugs that reduce muscle spasms.",
            "Blood pressure medicines that help with heart problems.",
            "Drugs that turn down the body’s immune system, called immunosuppressants; they may slow damage to muscle cells.",
            "Steroids like prednisone and defkazacort (Emflaza) that slow down muscle damage and can help your child breathe better. They can cause serious side effects, such as weak bones and a higher risk of infections.",
            "Creatine, a chemical normally found in the body, that can help supply energy to muscles and improve strength for some people. Ask your child’s doctor if these supplements are a good idea for them.",
            "Surgery can help with different complications of muscular dystrophy, like heart problems or trouble swallowing."
        ]
    },
    {
        "name": "Myelodysplastic Syndrome (MDS)",
        "link": "https://www.webmd.com/children/what-is-muscular-dystrophy",
        "symptoms": [
            "Constant tiredness. This is a common symptom of anemia, caused when you don’t have enough red blood cells",
            "Unusual bleeding",
            "Bruises and tiny red marks under the skin",
            "Paleness",
            "Shortness of breath when you’re exercising or being active"
        ],
        "prevention": [
            "Chemotherapy drugs. These are also used for treating leukemia.",
            "Immunosuppressive therapy. This treatment tries to stop your immune system from attacking your marrow. That can eventually help you rebuild your blood count.",
            "Blood transfusions. These are common, safe, and might help some people with low blood counts.",
            "Iron chelation. You can get too much iron in your blood if you have a lot of transfusions. This therapy can reduce how much of that mineral you have.",
            "Growth factors. These man-made hormones “encourage” your bone marrow to make more blood cells."
        ]
    }
]