[
    {
        "name": "Yeast Infections",
        "link": "https://www.webmd.com/women/understanding-vaginal-yeast-infection-basics",
        "symptoms": [
            "Burning, redness, and swelling of the vagina and the vulva (the outer part of the female genitals)",
            "Pain or burning when you pee",
            "Pain during sex",
            "A thick, white, odorless discharge, similar to cottage cheese"
        ],
        "causes": [
            "Hormones: Changes during pregnancy, breast-feeding or menopause (or if you’re taking birth control pills) can change the balance in your vagina.",
            "Diabetes: If your diabetes is not well-controlled, the increase in sugar in the mucus membranes (moist linings) of your vagina can create a place for yeast to grow.",
            "Antibiotics: These drugs can kill off many of the good bacteria that live in your vagina.",
            "Douches and vaginal sprays: The use of these products can change the balance in your vagina.",
            "A weakened immune system: If you are HIV-positive or have another immune system disorder, the yeast may also grow uncontrolled.",
            "Sex: Though a yeast infection is not considered a sexually transmitted infection, it can be passed from person to person through sexual contact."
        ],
        "prevention": []
    },
    {
        "name": "Yellow Fever",
        "link": "https://www.webmd.com/women/understanding-vaginal-yeast-infection-basics",
        "symptoms": [
            "Fever and chills",
            "Flu-like symptoms such as muscle aches, headache, and vomiting"
        ],
        "prevention": [
            "Use the right insect repellent for mosquitoes on exposed skin and follow package directions. Buy one with DEET, picaridin, oil of lemon eucalyptus, or an ingredient called IR3535.",
            "Cover your arms, hands, legs, and head to protect yourself from bites.",
            "Use a mosquito repellent containing permethrin on the outside of clothing, mosquito netting, and other gear.",
            "Use screens on windows and doors, and mosquito netting over beds, to keep mosquitoes away.",
            "Avoid the outdoors during peak mosquito hours (dusk to dawn for many types of mosquitoes that carry the infection).",
            "Keep accurate records of international travel dates, locations, and outdoor activities in case you need to identify a viral infection when you return."
        ]
    },
    {
        "name": "Yoga",
        "link": "https://www.webmd.com/a-to-z-guides/yellow-fever-symptoms-treatment"
    },
    {
        "name": "Your Home Health Center",
        "link": "https://www.webmd.com/balance/the-health-benefits-of-yoga"
    }
]