[{
        "link": "https://www.mayoclinic.org/diseases-conditions/nail-fungus/symptoms-causes/syc-20353294",
        "name": "Nail fungus",
        "Symptoms": [
                "Thickened",
                "Discolored",
                "Brittle, crumbly or ragged",
                "Misshapen",
                "Separated from the nail bed",
                "Smelly"
        ],
        "Causes": [
                "Older age",
                "Wearing shoes that make your feet sweat heavily",
                "Having had athlete's foot in the past",
                "Walking barefoot in damp public areas, such as swimming pools, gyms and shower rooms",
                "Having a minor skin or nail injury",
                "Having a skin condition that affects the nails, such as psoriasis",
                "Having diabetes, blood flow problems or a weakened immune system"
        ],
        "Risk Factors": [
                "Older age",
                "Wearing shoes that make your feet sweat heavily",
                "Having had athlete's foot in the past",
                "Walking barefoot in damp public areas, such as swimming pools, gyms and shower rooms",
                "Having a minor skin or nail injury",
                "Having a skin condition that affects the nails, such as psoriasis",
                "Having diabetes, blood flow problems or a weakened immune system"
        ],
        "Complications": [
                "Keep your nails clean and dry. Wash your hands and feet regularly. Wash your hands after touching an infected nail. Dry well, apply an antifungal foot powder and moisturize your nails. Consider applying a nail hardener, which might help strengthen nails and cuticles.",
                "Keep your nails trimmed. Cut nails straight across, smooth the edges with a file and file down thickened areas. Disinfect your nail clippers after each use. Letting your nails grow long creates more places for the fungus to grow.",
                "Wear absorbent socks or change your socks throughout the day.",
                "Choose shoes made of materials that breathe.",
                "Discard old shoes or treat them with disinfectants or antifungal powders.",
                "Wear footwear in pool areas and locker rooms.",
                "Choose a nail salon that uses sterilized manicure tools for each customer. Or disinfect tools you use for home pedicures.",
                "Give up nail polish and artificial nails.",
                "If you have athlete's foot, treat it with an antifungal product."
        ],
        "Prevention": [
                "Keep your nails clean and dry. Wash your hands and feet regularly. Wash your hands after touching an infected nail. Dry well, apply an antifungal foot powder and moisturize your nails. Consider applying a nail hardener, which might help strengthen nails and cuticles.",
                "Keep your nails trimmed. Cut nails straight across, smooth the edges with a file and file down thickened areas. Disinfect your nail clippers after each use. Letting your nails grow long creates more places for the fungus to grow.",
                "Wear absorbent socks or change your socks throughout the day.",
                "Choose shoes made of materials that breathe.",
                "Discard old shoes or treat them with disinfectants or antifungal powders.",
                "Wear footwear in pool areas and locker rooms.",
                "Choose a nail salon that uses sterilized manicure tools for each customer. Or disinfect tools you use for home pedicures.",
                "Give up nail polish and artificial nails.",
                "If you have athlete's foot, treat it with an antifungal product."
        ]
},{
        "link": "https://www.mayoclinic.org/diseases-conditions/narcissistic-personality-disorder/symptoms-causes/syc-20366662",
        "name": "Narcissistic personality disorder",
        "Symptoms": [
                "Have an unreasonably high sense of self-importance and require constant, excessive admiration.",
                "Feel that they deserve privileges and special treatment.",
                "Expect to be recognized as superior even without achievements.",
                "Make achievements and talents seem bigger than they are.",
                "Be preoccupied with fantasies about success, power, brilliance, beauty or the perfect mate.",
                "Believe they are superior to others and can only spend time with or be understood by equally special people.",
                "Be critical of and look down on people they feel are not important.",
                "Expect special favors and expect other people to do what they want without questioning them.",
                "Take advantage of others to get what they want.",
                "Have an inability or unwillingness to recognize the needs and feelings of others.",
                "Be envious of others and believe others envy them.",
                "Behave in an arrogant way, brag a lot and come across as conceited.",
                "Insist on having the best of everything — for instance, the best car or office."
        ],
        "Causes": [
                "Environment— parent-child relationships with either too much adoration or too much criticism that don't match the child's actual experiences and achievements.",
                "Genetics— inherited characteristics, such as certain personality traits.",
                "Neurobiology— the connection between the brain and behavior and thinking."
        ],
        "Risk Factors": [
                "Relationship difficulties",
                "Problems at work or school",
                "Depression and anxiety",
                "Other personality disorders",
                "An eating disorder called anorexia",
                "Physical health problems",
                "Drug or alcohol misuse",
                "Suicidal thoughts or behavior"
        ],
        "Complications": [
                "Relationship difficulties",
                "Problems at work or school",
                "Depression and anxiety",
                "Other personality disorders",
                "An eating disorder called anorexia",
                "Physical health problems",
                "Drug or alcohol misuse",
                "Suicidal thoughts or behavior"
        ],
        "Prevention": [
                "Get treatment as soon as possible for childhood mental health problems.",
                "Participate in family therapy to learn healthy ways to communicate or to cope with conflicts or emotional distress.",
                "Attend parenting classes and seek guidance from a therapist or social worker if needed."
        ]
},{
        "link": "https://www.mayoclinic.org/diseases-conditions/narcolepsy/symptoms-causes/syc-20375497",
        "name": "Narcolepsy",
        "Symptoms": [
                "Excessive daytime sleepiness.People with narcolepsy fall asleep without warning. It can happen anywhere and at any time. It may happen when you're bored or during a task. For example, you may be working or talking with friends and suddenly fall asleep. It can be especially dangerous if you fall asleep while driving. You might fall asleep for only a few minutes or up to a half-hour. After waking, you'll often feel refreshed but you'll get sleepy again.You also may experience a decrease in how alert and focused you feel during the day. Daytime sleepiness often is the first symptom to appear. Feeling sleepy makes it hard to focus and function.Some people with narcolepsy continue doing a task when they fall asleep briefly. For example, you may fall asleep while writing, typing or driving. You might continue to perform that task while asleep. When you awaken, you can't remember what you did, and you probably didn't do it well.",
                "Sudden loss of muscle tone.This condition is called cataplexy. It can cause slurred speech or complete weakness of most muscles. Symptoms may last up to a few minutes.Cataplexy can't be controlled. It's triggered by intense emotions. Often the emotions that cause cataplexy are positive. Laughter or excitement may cause the symptoms. But sometimes fear, surprise or anger can cause the loss of muscle tone. For example, when you laugh, your head may drop without your control. Or your knees may suddenly lose strength, causing you to fall.Some people with narcolepsy experience only one or two episodes of cataplexy a year. Others have several episodes a day. Not everyone with narcolepsy has these symptoms.",
                "Sleep paralysis.People with narcolepsy often experience sleep paralysis. During sleep paralysis, you can't move or speak while falling asleep or upon waking. It's usually brief — lasting a few seconds or minutes. But it can be scary. You may be aware of it happening and can recall it afterward.Not everyone with sleep paralysis has narcolepsy.",
                "Hallucinations.Sometimes people see things that aren't there during sleep paralysis. Hallucinations also may happen in bed without sleep paralysis. These are called hypnagogic hallucinations if they happen as you fall asleep. They're called hypnopompic hallucinations if they happen upon waking. For example, you might feel as if there is a stranger in your bedroom. These hallucinations may be vivid and frightening because you may not be fully asleep when you begin dreaming.",
                "Changes in rapid eye movement (REM) sleep.REMsleep is when most dreaming happens. Typically, people enterREMsleep 60 to 90 minutes after falling asleep. But people with narcolepsy often move more quickly toREMsleep. They tend to enterREMsleep within 15 minutes of falling asleep.REMsleep also can happen at any time of the day."
        ],
        "Causes": [
                "Age.Narcolepsy typically begins between ages 10 and 30.",
                "Family history.Your risk of narcolepsy is 20 to 40 times higher if you have a close family member who has it."
        ],
        "Risk Factors": [
                "Age.Narcolepsy typically begins between ages 10 and 30.",
                "Family history.Your risk of narcolepsy is 20 to 40 times higher if you have a close family member who has it."
        ],
        "Complications": [
                "Public misconception of the condition.Narcolepsy can cause problems at work or in your personal life. Your performance may suffer at school or work. Others might see people with narcolepsy as lazy or lethargic.",
                "Effects on intimate relationships.Intense feelings, such as anger or joy, can trigger cataplexy. This can cause people with narcolepsy to withdraw from emotional interactions.",
                "Physical harm.Falling asleep suddenly may result in injury. You're at increased risk of a car accident if you fall asleep while driving. Your risk of cuts and burns is greater if you fall asleep while cooking.",
                "Obesity.People with narcolepsy are more likely to be overweight. Sometimes weight rapidly increases when sleepiness symptoms start."
        ],
        "Prevention": [
                "Get treatment as soon as possible for childhood mental health problems.",
                "Participate in family therapy to learn healthy ways to communicate or to cope with conflicts or emotional distress.",
                "Attend parenting classes and seek guidance from a therapist or social worker if needed."
        ]
},{
        "link": "https://www.mayoclinic.org/diseases-conditions/nasal-paranasal-tumors/symptoms-causes/syc-20354136",
        "name": "Nasal and paranasal tumors",
        "Symptoms": [
                "Difficulty breathing through the nose.",
                "Frequent headaches.",
                "Loss of the sense of smell.",
                "Nosebleeds.",
                "Discharge from the nose.",
                "Facial swelling or pain.",
                "Watery eyes.",
                "A sore on the roof of the mouth.",
                "Vision problems.",
                "A lump in the neck.",
                "Difficulty opening the mouth."
        ],
        "Causes": [
                "Smoking tobacco increases the risk.This includes cigarettes, cigars and pipes.",
                "Being exposed to air pollution.Breathing in polluted air increases the risk of nasal and paranasal tumors.",
                "Being exposed to chemicals and irritants in the air at work.These may include wood dust, fumes from glue, rubbing alcohol and formaldehyde, and dust from flour, chromium and nickel.",
                "Being exposed to human papillomavirus, also calledHPV.HPVis a common virus that's passed through sexual contact. For most people, it causes no problems and goes away on its own. For others, it causes changes in cells that can lead to many types of cancer."
        ],
        "Risk Factors": [
                "Smoking tobacco increases the risk.This includes cigarettes, cigars and pipes.",
                "Being exposed to air pollution.Breathing in polluted air increases the risk of nasal and paranasal tumors.",
                "Being exposed to chemicals and irritants in the air at work.These may include wood dust, fumes from glue, rubbing alcohol and formaldehyde, and dust from flour, chromium and nickel.",
                "Being exposed to human papillomavirus, also calledHPV.HPVis a common virus that's passed through sexual contact. For most people, it causes no problems and goes away on its own. For others, it causes changes in cells that can lead to many types of cancer."
        ],
        "Complications": [
                "Public misconception of the condition.Narcolepsy can cause problems at work or in your personal life. Your performance may suffer at school or work. Others might see people with narcolepsy as lazy or lethargic.",
                "Effects on intimate relationships.Intense feelings, such as anger or joy, can trigger cataplexy. This can cause people with narcolepsy to withdraw from emotional interactions.",
                "Physical harm.Falling asleep suddenly may result in injury. You're at increased risk of a car accident if you fall asleep while driving. Your risk of cuts and burns is greater if you fall asleep while cooking.",
                "Obesity.People with narcolepsy are more likely to be overweight. Sometimes weight rapidly increases when sleepiness symptoms start."
        ],
        "Prevention": [
                "Stop smoking.If you don't use tobacco, don't start. If you currently use tobacco of any kind, talk with a healthcare professional about strategies to help you quit.",
                "Protect yourself at work.Follow your workplace safety rules for protecting yourself from harmful fumes and irritants in the air, such as wearing a face mask.",
                "Ask about theHPVvaccine.Receiving a vaccination to preventHPVinfection may reduce your risk ofHPV-related cancers. Ask your doctor or other healthcare professional whether anHPVvaccine is right for you."
        ]
},{
        "link": "https://www.mayoclinic.org/diseases-conditions/nasal-polyps/symptoms-causes/syc-20351888",
        "name": "Nasal polyps",
        "Symptoms": [
                "Runny, stuffy nose.",
                "Mucus running down the throat, also known as postnasal drip.",
                "Not being able to smell.",
                "Not being able to taste.",
                "Facial pain or headache.",
                "Pain in the teeth.",
                "A sense of pressure over the forehead and face.",
                "Snoring."
        ],
        "Causes": [
                "Asthma.",
                "Aspirin sensitivity.",
                "Cystic fibrosis.",
                "Dental infections.",
                "Lack of vitamin D."
        ],
        "Risk Factors": [
                "Asthma.",
                "Aspirin sensitivity.",
                "Cystic fibrosis.",
                "Dental infections.",
                "Lack of vitamin D."
        ],
        "Complications": [
                "Manage allergies and asthma.Follow your treatment plan. Be sure symptoms are controlled. See your health care provider if they're not.",
                "Avoid things that can irritate the nose.These include tobacco smoke, chemical fumes and dust. If you smoke, talk to your health care provider about ways to quit.",
                "Wash your hands often and well.This is one of the best ways to protect against infections that can cause irritation and swelling of the nose and sinuses.",
                "Use a machine that adds moisture to the air, known as a humidifier.This might help prevent the nose from getting stuffy and irritated. Clean the humidifier as directed to keep bacteria from growing.",
                "Use a nasal rinse.Rinsing the inside of the nose with a saltwater spray or nasal wash might help remove what irritates it.You can buy saltwater sprays and nasal wash kits without a prescription. Nasal wash kits come with a neti pot or squeeze bottle and directions for how to use them.Use water that's distilled or sterile or has been boiled for one minute and cooled. The water can also be filtered using a filter with an absolute pore size of 1 micron or smaller. Rinse the pot or bottle after each use with the distilled, sterile, previously boiled or filtered water and leave it open to dry."
        ],
        "Prevention": [
                "Manage allergies and asthma.Follow your treatment plan. Be sure symptoms are controlled. See your health care provider if they're not.",
                "Avoid things that can irritate the nose.These include tobacco smoke, chemical fumes and dust. If you smoke, talk to your health care provider about ways to quit.",
                "Wash your hands often and well.This is one of the best ways to protect against infections that can cause irritation and swelling of the nose and sinuses.",
                "Use a machine that adds moisture to the air, known as a humidifier.This might help prevent the nose from getting stuffy and irritated. Clean the humidifier as directed to keep bacteria from growing.",
                "Use a nasal rinse.Rinsing the inside of the nose with a saltwater spray or nasal wash might help remove what irritates it.You can buy saltwater sprays and nasal wash kits without a prescription. Nasal wash kits come with a neti pot or squeeze bottle and directions for how to use them.Use water that's distilled or sterile or has been boiled for one minute and cooled. The water can also be filtered using a filter with an absolute pore size of 1 micron or smaller. Rinse the pot or bottle after each use with the distilled, sterile, previously boiled or filtered water and leave it open to dry."
        ]
},{
        "link": "https://www.mayoclinic.org/diseases-conditions/nasopharyngeal-carcinoma/symptoms-causes/syc-20375529",
        "name": "Nasopharyngeal carcinoma",
        "Symptoms": [
                "A lump in your neck caused by a swollen lymph node",
                "Blood in your saliva",
                "Bloody discharge from your nose",
                "Nasal congestion or ringing in your ears",
                "Hearing loss",
                "Frequent ear infections",
                "Sore throat",
                "Headaches"
        ],
        "Causes": [
                "Sex.Nasopharyngeal carcinoma is more common in men than it is in women.",
                "Race.This type of cancer more commonly affects people in parts of China, Southeast Asia and northern Africa. In the United States, Asian immigrants have a higher risk of this type of cancer than do American-born Asians. Inuits in Alaska also have an increased risk of nasopharyngeal cancer.",
                "Age.Nasopharyngeal cancer can occur at any age, but it's most commonly diagnosed in adults between the ages of 30 and 50.",
                "Salt-cured foods.Chemicals released in steam when cooking salt-cured foods, such as fish and preserved vegetables, may enter the nasal cavity, increasing the risk of nasopharyngeal carcinoma. Being exposed to these chemicals at an early age may increase the risk even more.",
                "Epstein-Barr virus.This common virus usually produces mild signs and symptoms, such as those of a cold. Sometimes it can cause infectious mononucleosis. The Epstein-Barr virus is also linked to several rare cancers, including nasopharyngeal carcinoma.",
                "Family history.Having a family member with nasopharyngeal carcinoma increases your risk of the disease.",
                "Alcohol and tobacco.Heavy alcohol intake and tobacco use can raise your risk of developing nasopharyngeal carcinoma."
        ],
        "Risk Factors": [
                "Sex.Nasopharyngeal carcinoma is more common in men than it is in women.",
                "Race.This type of cancer more commonly affects people in parts of China, Southeast Asia and northern Africa. In the United States, Asian immigrants have a higher risk of this type of cancer than do American-born Asians. Inuits in Alaska also have an increased risk of nasopharyngeal cancer.",
                "Age.Nasopharyngeal cancer can occur at any age, but it's most commonly diagnosed in adults between the ages of 30 and 50.",
                "Salt-cured foods.Chemicals released in steam when cooking salt-cured foods, such as fish and preserved vegetables, may enter the nasal cavity, increasing the risk of nasopharyngeal carcinoma. Being exposed to these chemicals at an early age may increase the risk even more.",
                "Epstein-Barr virus.This common virus usually produces mild signs and symptoms, such as those of a cold. Sometimes it can cause infectious mononucleosis. The Epstein-Barr virus is also linked to several rare cancers, including nasopharyngeal carcinoma.",
                "Family history.Having a family member with nasopharyngeal carcinoma increases your risk of the disease.",
                "Alcohol and tobacco.Heavy alcohol intake and tobacco use can raise your risk of developing nasopharyngeal carcinoma."
        ],
        "Complications": [
                "Cancer that grows to invade nearby structures.Advanced nasopharyngeal carcinoma can cause complications if it grows large enough to invade nearby structures, such as the throat, bones and brain.",
                "Cancer that spreads to other areas of the body.Nasopharyngeal carcinoma frequently spreads (metastasizes) beyond the nasopharynx.Most people with nasopharyngeal carcinoma have regional metastases. That means cancer cells from the initial tumor have migrated to nearby areas, such as lymph nodes in the neck.Cancer cells that spread to other areas of the body (distant metastases) most commonly travel to the bones, lungs and liver."
        ],
        "Prevention": [
                "Brachytherapy",
                "Chemotherapy",
                "CT scan",
                "Home enteral nutrition",
                "MRI",
                "Needle biopsy",
                "Positron emission tomography scan",
                "Radiation therapy",
                "X-ray"
        ]
},{
        "link": "https://www.mayoclinic.org/diseases-conditions/nearsightedness/symptoms-causes/syc-20375556",
        "name": "Nearsightedness",
        "Symptoms": [
                "Blurry vision when looking at distant objects",
                "The need to squint or partially close the eyelids to see clearly",
                "Headaches",
                "Eyestrain"
        ],
        "Causes": [
                "The corneais the clear, dome-shaped front surface of your eye.",
                "The lensis a clear structure about the size and shape of an M&M's candy."
        ],
        "Risk Factors": [
                "Genetics.Nearsightedness tends to run in families. If one of your parents is nearsighted, your risk of developing the condition is increased. The risk is higher if both parents are nearsighted.",
                "Prolonged close-up activities.Prolonged reading or other close-up activities are associated with an increased risk of nearsightedness.",
                "Screen time.Studies have shown that children who use computers or smart devices for long periods have a greater risk of developing nearsightedness.",
                "Environmental conditions.Some studies support the idea that a lack of time spent outdoors may increase the risk of nearsightedness."
        ],
        "Complications": [
                "Poor school experiences.Children with myopia or other vision problems can experience delays in reading or other academic skills, difficulty with social interactions, and poor self-esteem.",
                "Reduced quality of life.Uncorrected nearsightedness can prevent you from performing daily tasks well or enjoying activities.",
                "Eyestrain.Uncorrected nearsightedness may cause persistent eyestrain and headaches.",
                "Impaired safety.Your safety and the safety of others may be jeopardized if you have an uncorrected vision problem. This could be especially serious if you are driving a car or operating heavy equipment.",
                "Other eye problems.Severe nearsightedness puts you at an increased risk of retinal detachment, glaucoma, cataracts and other serious eye conditions."
        ],
        "Prevention": [
                "Brachytherapy",
                "Chemotherapy",
                "CT scan",
                "Home enteral nutrition",
                "MRI",
                "Needle biopsy",
                "Positron emission tomography scan",
                "Radiation therapy",
                "X-ray"
        ]
},{
        "link": "https://www.mayoclinic.org/diseases-conditions/neck-pain/symptoms-causes/syc-20375581",
        "name": "Neck pain",
        "Symptoms": [
                "Pain that's often worsened by holding the head in one place for long periods, such as when driving or working at a computer",
                "Muscle tightness and spasms",
                "Decreased ability to move the head",
                "Headache"
        ],
        "Causes": [
                "Muscle strains.Overuse, such as too many hours hunched over a computer or a smartphone, often triggers muscle strains. Even minor things, such as reading in bed, can strain neck muscles.",
                "Worn joints.As with other joints in the body, neck joints tend to wear with age. In response to this wear and tear, the body often forms bone spurs that can affect joint motion and cause pain.",
                "Nerve compression.Herniated disks or bone spurs in the vertebrae of the neck can press on the nerves branching out from the spinal cord.",
                "Injuries.Rear-end auto collisions often result in whiplash injury. This occurs when the head jerks backward and then forward, straining the soft tissues of the neck.",
                "Diseases.Certain diseases, such as rheumatoid arthritis, meningitis or cancer, can cause neck pain."
        ],
        "Risk Factors": [
                "Genetics.Nearsightedness tends to run in families. If one of your parents is nearsighted, your risk of developing the condition is increased. The risk is higher if both parents are nearsighted.",
                "Prolonged close-up activities.Prolonged reading or other close-up activities are associated with an increased risk of nearsightedness.",
                "Screen time.Studies have shown that children who use computers or smart devices for long periods have a greater risk of developing nearsightedness.",
                "Environmental conditions.Some studies support the idea that a lack of time spent outdoors may increase the risk of nearsightedness."
        ],
        "Complications": [
                "Poor school experiences.Children with myopia or other vision problems can experience delays in reading or other academic skills, difficulty with social interactions, and poor self-esteem.",
                "Reduced quality of life.Uncorrected nearsightedness can prevent you from performing daily tasks well or enjoying activities.",
                "Eyestrain.Uncorrected nearsightedness may cause persistent eyestrain and headaches.",
                "Impaired safety.Your safety and the safety of others may be jeopardized if you have an uncorrected vision problem. This could be especially serious if you are driving a car or operating heavy equipment.",
                "Other eye problems.Severe nearsightedness puts you at an increased risk of retinal detachment, glaucoma, cataracts and other serious eye conditions."
        ],
        "Prevention": [
                "Use good posture.When standing and sitting, be sure your shoulders are in a straight line over your hips and your ears are directly over your shoulders. When using cell phones, tablets and other small screens, keep your head up and hold the device straight out rather than bending your neck to look down at the device.",
                "Take frequent breaks.If you travel long distances or work long hours at your computer, get up, move around, and stretch your neck and shoulders.",
                "Adjust your desk, chair and computerso that the monitor is at eye level. Knees should be slightly lower than hips. Use your chair's armrests.",
                "If you smoke, quit.Smoking can increase the risk of developing neck pain.",
                "Avoid carrying heavy bags with straps over your shoulder.The weight can strain your neck.",
                "Sleep in a healthy position.Your head and neck should be aligned with your body. Use a small pillow under your neck. Try sleeping on your back with your thighs elevated on pillows, which will flatten your spinal muscles.",
                "Stay active.If you don't move much, increase your activity level."
        ]
},{
        "link": "https://www.mayoclinic.org/diseases-conditions/nephrogenic-systemic-fibrosis/symptoms-causes/syc-20352299",
        "name": "Nephrogenic systemic fibrosis",
        "Symptoms": [
                "Swelling and tightening of the skin",
                "Reddened or darkened patches on the skin",
                "Thickening and hardening of the skin, typically on the arms and legs and sometimes on the body, but almost never on the face or head",
                "Skin that may feel \"woody\" and develop an orange-peel appearance",
                "Burning, itching or severe sharp pains in areas of involvement",
                "Skin thickening that inhibits movement, resulting in loss of joint flexibility",
                "Rarely, blisters or ulcers"
        ],
        "Causes": [
                "Use of high-dose erythropoietin (EPO), a hormone that promotes the production of red blood cells, often used to treat anemia",
                "Recent vascular surgery",
                "Blood-clotting problems",
                "Severe infection"
        ],
        "Risk Factors": [
                "Have moderate to severe kidney disease",
                "Have had a kidney transplant but have compromised renal function",
                "Are receiving hemodialysis or peritoneal dialysis",
                "Have acute kidney injury"
        ],
        "Complications": [
                "Poor school experiences.Children with myopia or other vision problems can experience delays in reading or other academic skills, difficulty with social interactions, and poor self-esteem.",
                "Reduced quality of life.Uncorrected nearsightedness can prevent you from performing daily tasks well or enjoying activities.",
                "Eyestrain.Uncorrected nearsightedness may cause persistent eyestrain and headaches.",
                "Impaired safety.Your safety and the safety of others may be jeopardized if you have an uncorrected vision problem. This could be especially serious if you are driving a car or operating heavy equipment.",
                "Other eye problems.Severe nearsightedness puts you at an increased risk of retinal detachment, glaucoma, cataracts and other serious eye conditions."
        ],
        "Prevention": [
                "Hemodialysis",
                "Kidney transplant",
                "Skin biopsy"
        ]
},{
        "link": "https://www.mayoclinic.org/diseases-conditions/nephrotic-syndrome/symptoms-causes/syc-20375608",
        "name": "Nephrotic syndrome",
        "Symptoms": [
                "Severe swelling (edema), particularly around your eyes and in your ankles and feet",
                "Foamy urine, a result of excess protein in your urine",
                "Weight gain due to fluid retention",
                "Fatigue",
                "Loss of appetite"
        ],
        "Causes": [
                "Diabetic kidney disease.Diabetes can lead to kidney damage (diabetic nephropathy) that affects the glomeruli.",
                "Minimal change disease.This is the most common cause of nephrotic syndrome in children. Minimal change disease results in abnormal kidney function, but when the kidney tissue is examined under a microscope, it appears normal or nearly normal. The cause of the abnormal function typically can't be determined.",
                "Focal segmental glomerulosclerosis.Characterized by scarring of some of the glomeruli, this condition can result from another disease, a genetic defect or certain medications or occur for no known reason.",
                "Membranous nephropathy.This kidney disorder is the result of thickening membranes within the glomeruli. The thickening is due to deposits made by the immune system. It can be associated with other medical conditions, such as lupus, hepatitis B, malaria and cancer, or it can occur for no known reason.",
                "Systemic lupus erythematosus.This chronic inflammatory disease can lead to serious kidney damage.",
                "Amyloidosis.This disorder occurs when amyloid proteins accumulate in your organs. Amyloid buildup often damages the kidneys' filtering system."
        ],
        "Risk Factors": [
                "Medical conditions that can damage your kidneys.Certain diseases and conditions increase your risk of developing nephrotic syndrome, such as diabetes, lupus, amyloidosis, reflux nephropathy and other kidney diseases.",
                "Certain medications.Medications that might cause nephrotic syndrome include nonsteroidal anti-inflammatory drugs and drugs used to fight infections.",
                "Certain infections.Infections that increase the risk of nephrotic syndrome include HIV, hepatitis B, hepatitis C and malaria."
        ],
        "Complications": [
                "Blood clots.The inability of the glomeruli to filter blood properly can lead to loss of blood proteins that help prevent clotting. This increases your risk of developing a blood clot in your veins.",
                "High blood cholesterol and elevated blood triglycerides.When the level of the protein albumin in your blood falls, your liver makes more albumin. At the same time, your liver releases more cholesterol and triglycerides.",
                "Poor nutrition.Loss of too much blood protein can result in malnutrition. This can lead to weight loss, which can be masked by edema. You may also have too few red blood cells (anemia), low blood protein levels and low levels of vitamin D.",
                "High blood pressure.Damage to your glomeruli and the resulting buildup of excess body fluid can raise your blood pressure.",
                "Acute kidney injury.If your kidneys lose their ability to filter blood due to damage to the glomeruli, waste products can build up quickly in your blood. If this happens, you might need emergency dialysis — an artificial means of removing extra fluids and waste from your blood — typically with an artificial kidney machine (dialyzer).",
                "Chronic kidney disease.Nephrotic syndrome can cause your kidneys to lose their function over time. If kidney function falls low enough, you might need dialysis or a kidney transplant.",
                "Infections.People with nephrotic syndrome have an increased risk of infections."
        ],
        "Prevention": [
                "Hemodialysis",
                "Kidney transplant",
                "Skin biopsy"
        ]
},{
        "link": "https://www.mayoclinic.org/diseases-conditions/neuroblastoma/symptoms-causes/syc-20351017",
        "name": "Neuroblastoma",
        "Symptoms": [
                "Abdominal pain",
                "A mass under the skin that isn't tender when touched",
                "Changes in bowel habits, such as diarrhea or constipation"
        ],
        "Causes": [
                "Spread of the cancer (metastasis).Neuroblastoma may spread (metastasize) to other parts of the body, such as the lymph nodes, bone marrow, liver, skin and bones.",
                "Spinal cord compression.Tumors may grow and press on the spinal cord, causing spinal cord compression. Spinal cord compression may cause pain and paralysis.",
                "Signs and symptoms caused by tumor secretions.Neuroblastoma cells may secrete certain chemicals that irritate other normal tissues, causing signs and symptoms called paraneoplastic syndromes. One paraneoplastic syndrome that occurs rarely in people with neuroblastoma causes rapid eye movements and difficulty with coordination. Another rare syndrome causes abdominal swelling and diarrhea."
        ],
        "Risk Factors": [
                "Spread of the cancer (metastasis).Neuroblastoma may spread (metastasize) to other parts of the body, such as the lymph nodes, bone marrow, liver, skin and bones.",
                "Spinal cord compression.Tumors may grow and press on the spinal cord, causing spinal cord compression. Spinal cord compression may cause pain and paralysis.",
                "Signs and symptoms caused by tumor secretions.Neuroblastoma cells may secrete certain chemicals that irritate other normal tissues, causing signs and symptoms called paraneoplastic syndromes. One paraneoplastic syndrome that occurs rarely in people with neuroblastoma causes rapid eye movements and difficulty with coordination. Another rare syndrome causes abdominal swelling and diarrhea."
        ],
        "Complications": [
                "Spread of the cancer (metastasis).Neuroblastoma may spread (metastasize) to other parts of the body, such as the lymph nodes, bone marrow, liver, skin and bones.",
                "Spinal cord compression.Tumors may grow and press on the spinal cord, causing spinal cord compression. Spinal cord compression may cause pain and paralysis.",
                "Signs and symptoms caused by tumor secretions.Neuroblastoma cells may secrete certain chemicals that irritate other normal tissues, causing signs and symptoms called paraneoplastic syndromes. One paraneoplastic syndrome that occurs rarely in people with neuroblastoma causes rapid eye movements and difficulty with coordination. Another rare syndrome causes abdominal swelling and diarrhea."
        ],
        "Prevention": [
                "Hemodialysis",
                "Kidney transplant",
                "Skin biopsy"
        ]
},{
        "link": "https://www.mayoclinic.org/diseases-conditions/neurodermatitis/symptoms-causes/syc-20375634",
        "name": "Neurodermatitis",
        "Symptoms": [
                "An itchy, scaly skin patch or patches",
                "Open sores that bleed",
                "Thick, leathery skin",
                "Discolored, wrinkled genital skin",
                "Raised, rough patches that are inflamed or darker than the rest of the skin"
        ],
        "Causes": [
                "Age.The condition is most common among people between 30 and 50 years of age.",
                "Other skin conditions.People who have or had other skin conditions, such as atopic dermatitis or psoriasis, are more likely to develop neurodermatitis.",
                "Family history.People whose blood relatives have or had hay fever, childhood eczema or asthma may be more likely to develop neurodermatitis.",
                "Anxiety disorders.Anxiety and emotional stress can trigger neurodermatitis."
        ],
        "Risk Factors": [
                "Age.The condition is most common among people between 30 and 50 years of age.",
                "Other skin conditions.People who have or had other skin conditions, such as atopic dermatitis or psoriasis, are more likely to develop neurodermatitis.",
                "Family history.People whose blood relatives have or had hay fever, childhood eczema or asthma may be more likely to develop neurodermatitis.",
                "Anxiety disorders.Anxiety and emotional stress can trigger neurodermatitis."
        ],
        "Complications": [
                "Neurodermatitis"
        ],
        "Prevention": [
                "Hemodialysis",
                "Kidney transplant",
                "Skin biopsy"
        ]
},{
        "link": "https://www.mayoclinic.org/diseases-conditions/neuroendocrine-tumors/symptoms-causes/syc-20354132",
        "name": "Neuroendocrine tumors",
        "Symptoms": [
                "Pain from a growing tumor",
                "A growing lump you can feel under the skin",
                "Feeling unusually tired",
                "Losing weight without trying"
        ],
        "Causes": [
                "Multiple endocrine neoplasia, type 1 (MEN 1)",
                "Multiple endocrine neoplasia, type 2 (MEN 2)",
                "Von Hippel-Lindau disease",
                "Tuberous sclerosis",
                "Neurofibromatosis"
        ],
        "Risk Factors": [
                "Multiple endocrine neoplasia, type 1 (MEN 1)",
                "Multiple endocrine neoplasia, type 2 (MEN 2)",
                "Von Hippel-Lindau disease",
                "Tuberous sclerosis",
                "Neurofibromatosis"
        ],
        "Complications": [
                "Neurodermatitis"
        ],
        "Prevention": [
                "Hemodialysis",
                "Kidney transplant",
                "Skin biopsy"
        ]
},{
        "link": "https://www.mayoclinic.org/diseases-conditions/neurofibroma/cdc-20352978",
        "name": "Peripheral nerve tumors",
        "Symptoms": [
                "Pain from a growing tumor",
                "A growing lump you can feel under the skin",
                "Feeling unusually tired",
                "Losing weight without trying"
        ],
        "Causes": [
                "Multiple endocrine neoplasia, type 1 (MEN 1)",
                "Multiple endocrine neoplasia, type 2 (MEN 2)",
                "Von Hippel-Lindau disease",
                "Tuberous sclerosis",
                "Neurofibromatosis"
        ],
        "Risk Factors": [
                "Multiple endocrine neoplasia, type 1 (MEN 1)",
                "Multiple endocrine neoplasia, type 2 (MEN 2)",
                "Von Hippel-Lindau disease",
                "Tuberous sclerosis",
                "Neurofibromatosis"
        ],
        "Complications": [
                "Neurodermatitis"
        ],
        "Prevention": [
                "Hemodialysis",
                "Kidney transplant",
                "Skin biopsy"
        ]
},{
        "link": "https://www.mayoclinic.org/diseases-conditions/neurofibromatosis/symptoms-causes/syc-20350490",
        "name": "Neurofibromatosis",
        "Symptoms": [
                "Flat, light brown spots on the skin (cafe au lait spots).These harmless spots are common in many people. Having more than six cafe au lait spots suggestsNF1. They are usually present at birth or appear during the first years of life. After childhood, new spots stop appearing.",
                "Freckling in the armpits or groin area.Freckling usually appears by ages 3 to 5. Freckles are smaller than cafe au lait spots and tend to occur in clusters in skin folds.",
                "Tiny bumps on the iris of the eye (Lisch nodules).These harmless nodules can't easily be seen and don't affect vision.",
                "Soft, pea-sized bumps on or under the skin (neurofibromas).These benign tumors usually develop in or under the skin, but can also grow inside the body. Sometimes, a growth will involve many nerves (plexiform neurofibroma). Plexiform neurofibromas, when located on the face, can cause disfigurement. Neurofibromas may increase in number with age.",
                "Bone deformities.Abnormal bone development and a deficiency in bone mineral density can cause bone deformities such as a curved spine (scoliosis) or a bowed lower leg.",
                "Tumor on the optic nerve (optic glioma).These tumors usually appear by age 3, rarely in late childhood and adolescence, and almost never in adults.",
                "Learning disabilities.Impaired thinking skills are common in children who haveNF1but are usually mild. Often there is a specific learning disability, such as a problem with reading or mathematics. Attention-deficit/hyperactivity disorder (ADHD) and speech delay also are common.",
                "Larger than average head size.Children withNF1tend to have a larger than average head size due to increased brain volume.",
                "Short stature.Children who haveNF1often are below average in height."
        ],
        "Causes": [
                "NF1.TheNF1gene is located on chromosome 17. This gene produces a protein called neurofibromin that helps regulate cell growth. The mutated gene causes a loss of neurofibromin, which allows cells to grow uncontrolled.",
                "NF2.TheNF2gene is located on chromosome 22, and produces a protein called merlin (also called schwannomin), which suppresses tumors. The mutated gene causes a loss of merlin, leading to uncontrolled cell growth.",
                "Schwannomatosis.So far, two genes are known to cause schwannomatosis. Mutations of the genes SMARCB1 and LZTR1, which suppress tumors, are associated with this type of neurofibromatosis."
        ],
        "Risk Factors": [
                "Neurological problems.Learning and thinking difficulties are the most common neurological problems associated withNF1. Uncommon complications include epilepsy and the buildup of excess fluid in the brain.",
                "Concerns with appearance.Visible signs of neurofibromatosis — such as extensive cafe au lait spots, many neurofibromas in the facial area or large neurofibromas — can cause anxiety and emotional distress, even if they're not medically serious.",
                "Skeletal problems.Some children have abnormally formed bones, which can result in bowing of the legs and fractures that sometimes don't heal.NF1can cause curvature of the spine (scoliosis) that may need bracing or surgery.NF1is also associated with decreased bone mineral density, which increases the risk of weak bones (osteoporosis).",
                "Vision problems.Sometimes a tumor develops on the optic nerve (optic glioma), which can affect vision.",
                "Problems during times of hormonal change.Hormonal changes associated with puberty or pregnancy might cause an increase in neurofibromas. Most women who haveNF1have healthy pregnancies but will likely need monitoring by an obstetrician who is familiar with the disorder.",
                "Cardiovascular problems.People who haveNF1have an increased risk of high blood pressure and may develop blood vessel abnormalities.",
                "Breathing problems.Rarely, plexiform neurofibromas can put pressure on the airway.",
                "Cancer.An estimated 3% to 5% of people who haveNF1develop cancerous tumors. These usually arise from neurofibromas under the skin or from plexiform neurofibromas. People who haveNF1also have a higher risk of other forms of cancer, such as breast cancer, leukemia, colorectal cancer, brain tumors and some types of soft tissue cancer. Women who haveNF1should start screening for breast cancer at an earlier age than the general population.",
                "Benign adrenal gland tumor (pheochromocytoma).This noncancerous tumor secretes hormones that raise your blood pressure. Surgery is usually needed to remove the pheochromocytoma."
        ],
        "Complications": [
                "Neurological problems.Learning and thinking difficulties are the most common neurological problems associated withNF1. Uncommon complications include epilepsy and the buildup of excess fluid in the brain.",
                "Concerns with appearance.Visible signs of neurofibromatosis — such as extensive cafe au lait spots, many neurofibromas in the facial area or large neurofibromas — can cause anxiety and emotional distress, even if they're not medically serious.",
                "Skeletal problems.Some children have abnormally formed bones, which can result in bowing of the legs and fractures that sometimes don't heal.NF1can cause curvature of the spine (scoliosis) that may need bracing or surgery.NF1is also associated with decreased bone mineral density, which increases the risk of weak bones (osteoporosis).",
                "Vision problems.Sometimes a tumor develops on the optic nerve (optic glioma), which can affect vision.",
                "Problems during times of hormonal change.Hormonal changes associated with puberty or pregnancy might cause an increase in neurofibromas. Most women who haveNF1have healthy pregnancies but will likely need monitoring by an obstetrician who is familiar with the disorder.",
                "Cardiovascular problems.People who haveNF1have an increased risk of high blood pressure and may develop blood vessel abnormalities.",
                "Breathing problems.Rarely, plexiform neurofibromas can put pressure on the airway.",
                "Cancer.An estimated 3% to 5% of people who haveNF1develop cancerous tumors. These usually arise from neurofibromas under the skin or from plexiform neurofibromas. People who haveNF1also have a higher risk of other forms of cancer, such as breast cancer, leukemia, colorectal cancer, brain tumors and some types of soft tissue cancer. Women who haveNF1should start screening for breast cancer at an earlier age than the general population.",
                "Benign adrenal gland tumor (pheochromocytoma).This noncancerous tumor secretes hormones that raise your blood pressure. Surgery is usually needed to remove the pheochromocytoma."
        ],
        "Prevention": [
                "Hemodialysis",
                "Kidney transplant",
                "Skin biopsy"
        ]
},{
        "link": "https://www.mayoclinic.org/diseases-conditions/neuromyelitis-optica/symptoms-causes/syc-20375652",
        "name": "Neuromyelitis optica",
        "Symptoms": [
                "Flat, light brown spots on the skin (cafe au lait spots).These harmless spots are common in many people. Having more than six cafe au lait spots suggestsNF1. They are usually present at birth or appear during the first years of life. After childhood, new spots stop appearing.",
                "Freckling in the armpits or groin area.Freckling usually appears by ages 3 to 5. Freckles are smaller than cafe au lait spots and tend to occur in clusters in skin folds.",
                "Tiny bumps on the iris of the eye (Lisch nodules).These harmless nodules can't easily be seen and don't affect vision.",
                "Soft, pea-sized bumps on or under the skin (neurofibromas).These benign tumors usually develop in or under the skin, but can also grow inside the body. Sometimes, a growth will involve many nerves (plexiform neurofibroma). Plexiform neurofibromas, when located on the face, can cause disfigurement. Neurofibromas may increase in number with age.",
                "Bone deformities.Abnormal bone development and a deficiency in bone mineral density can cause bone deformities such as a curved spine (scoliosis) or a bowed lower leg.",
                "Tumor on the optic nerve (optic glioma).These tumors usually appear by age 3, rarely in late childhood and adolescence, and almost never in adults.",
                "Learning disabilities.Impaired thinking skills are common in children who haveNF1but are usually mild. Often there is a specific learning disability, such as a problem with reading or mathematics. Attention-deficit/hyperactivity disorder (ADHD) and speech delay also are common.",
                "Larger than average head size.Children withNF1tend to have a larger than average head size due to increased brain volume.",
                "Short stature.Children who haveNF1often are below average in height."
        ],
        "Causes": [
                "NF1.TheNF1gene is located on chromosome 17. This gene produces a protein called neurofibromin that helps regulate cell growth. The mutated gene causes a loss of neurofibromin, which allows cells to grow uncontrolled.",
                "NF2.TheNF2gene is located on chromosome 22, and produces a protein called merlin (also called schwannomin), which suppresses tumors. The mutated gene causes a loss of merlin, leading to uncontrolled cell growth.",
                "Schwannomatosis.So far, two genes are known to cause schwannomatosis. Mutations of the genes SMARCB1 and LZTR1, which suppress tumors, are associated with this type of neurofibromatosis."
        ],
        "Risk Factors": [
                "Neurological problems.Learning and thinking difficulties are the most common neurological problems associated withNF1. Uncommon complications include epilepsy and the buildup of excess fluid in the brain.",
                "Concerns with appearance.Visible signs of neurofibromatosis — such as extensive cafe au lait spots, many neurofibromas in the facial area or large neurofibromas — can cause anxiety and emotional distress, even if they're not medically serious.",
                "Skeletal problems.Some children have abnormally formed bones, which can result in bowing of the legs and fractures that sometimes don't heal.NF1can cause curvature of the spine (scoliosis) that may need bracing or surgery.NF1is also associated with decreased bone mineral density, which increases the risk of weak bones (osteoporosis).",
                "Vision problems.Sometimes a tumor develops on the optic nerve (optic glioma), which can affect vision.",
                "Problems during times of hormonal change.Hormonal changes associated with puberty or pregnancy might cause an increase in neurofibromas. Most women who haveNF1have healthy pregnancies but will likely need monitoring by an obstetrician who is familiar with the disorder.",
                "Cardiovascular problems.People who haveNF1have an increased risk of high blood pressure and may develop blood vessel abnormalities.",
                "Breathing problems.Rarely, plexiform neurofibromas can put pressure on the airway.",
                "Cancer.An estimated 3% to 5% of people who haveNF1develop cancerous tumors. These usually arise from neurofibromas under the skin or from plexiform neurofibromas. People who haveNF1also have a higher risk of other forms of cancer, such as breast cancer, leukemia, colorectal cancer, brain tumors and some types of soft tissue cancer. Women who haveNF1should start screening for breast cancer at an earlier age than the general population.",
                "Benign adrenal gland tumor (pheochromocytoma).This noncancerous tumor secretes hormones that raise your blood pressure. Surgery is usually needed to remove the pheochromocytoma."
        ],
        "Complications": [
                "Neurological problems.Learning and thinking difficulties are the most common neurological problems associated withNF1. Uncommon complications include epilepsy and the buildup of excess fluid in the brain.",
                "Concerns with appearance.Visible signs of neurofibromatosis — such as extensive cafe au lait spots, many neurofibromas in the facial area or large neurofibromas — can cause anxiety and emotional distress, even if they're not medically serious.",
                "Skeletal problems.Some children have abnormally formed bones, which can result in bowing of the legs and fractures that sometimes don't heal.NF1can cause curvature of the spine (scoliosis) that may need bracing or surgery.NF1is also associated with decreased bone mineral density, which increases the risk of weak bones (osteoporosis).",
                "Vision problems.Sometimes a tumor develops on the optic nerve (optic glioma), which can affect vision.",
                "Problems during times of hormonal change.Hormonal changes associated with puberty or pregnancy might cause an increase in neurofibromas. Most women who haveNF1have healthy pregnancies but will likely need monitoring by an obstetrician who is familiar with the disorder.",
                "Cardiovascular problems.People who haveNF1have an increased risk of high blood pressure and may develop blood vessel abnormalities.",
                "Breathing problems.Rarely, plexiform neurofibromas can put pressure on the airway.",
                "Cancer.An estimated 3% to 5% of people who haveNF1develop cancerous tumors. These usually arise from neurofibromas under the skin or from plexiform neurofibromas. People who haveNF1also have a higher risk of other forms of cancer, such as breast cancer, leukemia, colorectal cancer, brain tumors and some types of soft tissue cancer. Women who haveNF1should start screening for breast cancer at an earlier age than the general population.",
                "Benign adrenal gland tumor (pheochromocytoma).This noncancerous tumor secretes hormones that raise your blood pressure. Surgery is usually needed to remove the pheochromocytoma."
        ],
        "Prevention": [
                "Hemodialysis",
                "Kidney transplant",
                "Skin biopsy"
        ]
},{
        "link": "https://www.mayoclinic.org/diseases-conditions/nickel-allergy/symptoms-causes/syc-20351529",
        "name": "Nickel allergy",
        "Symptoms": [
                "Rash or bumps on the skin",
                "Itching, which may be severe",
                "Redness or changes in skin color",
                "Dry patches of skin that may resemble a burn",
                "Blisters and draining fluid in severe cases"
        ],
        "Causes": [
                "Jewelry for body piercings",
                "Other jewelry, including rings, bracelets, necklaces and jewelry clasps",
                "Watchbands",
                "Clothing fasteners, such as zippers, snaps and bra hooks",
                "Belt buckles",
                "Eyeglass frames",
                "Coins",
                "Metal tools",
                "Cellphones",
                "Keys",
                "Military \"dog-tag\" ID",
                "Chalk",
                "Medical devices",
                "Laptops or computer tablets",
                "E-cigarettes"
        ],
        "Risk Factors": [
                "Having ear or body piercings.Because nickel is common in jewelry, nickel allergy is most often associated with earrings and other body-piercing jewelry containing nickel.",
                "Working with metal.If you work in an occupation that constantly exposes you to nickel, your risk of developing an allergy may be higher than it is for someone who doesn't work with the metal.In addition, people who have regular exposure to nickel while doing \"wet work\" — as a result of either sweat or frequent contact with water — may be more likely to develop nickel allergy. These people may include bartenders, people who work in certain food industries and domestic cleaners.Other people who may have an increased risk of nickel allergy include metalworkers, tailors and hairdressers.",
                "Being female.Females are more likely to have a nickel allergy than are males. This may be because females tend to have more piercings. A recent study found that overweight women seem to have an even higher risk of nickel allergy.",
                "Having a family history of nickel allergy.You may have inherited a tendency to develop a nickel allergy if other people in your family are sensitive to nickel.",
                "Being allergic to other metals.People who have a sensitivity to other metals may also be allergic to nickel."
        ],
        "Complications": [
                "Neurological problems.Learning and thinking difficulties are the most common neurological problems associated withNF1. Uncommon complications include epilepsy and the buildup of excess fluid in the brain.",
                "Concerns with appearance.Visible signs of neurofibromatosis — such as extensive cafe au lait spots, many neurofibromas in the facial area or large neurofibromas — can cause anxiety and emotional distress, even if they're not medically serious.",
                "Skeletal problems.Some children have abnormally formed bones, which can result in bowing of the legs and fractures that sometimes don't heal.NF1can cause curvature of the spine (scoliosis) that may need bracing or surgery.NF1is also associated with decreased bone mineral density, which increases the risk of weak bones (osteoporosis).",
                "Vision problems.Sometimes a tumor develops on the optic nerve (optic glioma), which can affect vision.",
                "Problems during times of hormonal change.Hormonal changes associated with puberty or pregnancy might cause an increase in neurofibromas. Most women who haveNF1have healthy pregnancies but will likely need monitoring by an obstetrician who is familiar with the disorder.",
                "Cardiovascular problems.People who haveNF1have an increased risk of high blood pressure and may develop blood vessel abnormalities.",
                "Breathing problems.Rarely, plexiform neurofibromas can put pressure on the airway.",
                "Cancer.An estimated 3% to 5% of people who haveNF1develop cancerous tumors. These usually arise from neurofibromas under the skin or from plexiform neurofibromas. People who haveNF1also have a higher risk of other forms of cancer, such as breast cancer, leukemia, colorectal cancer, brain tumors and some types of soft tissue cancer. Women who haveNF1should start screening for breast cancer at an earlier age than the general population.",
                "Benign adrenal gland tumor (pheochromocytoma).This noncancerous tumor secretes hormones that raise your blood pressure. Surgery is usually needed to remove the pheochromocytoma."
        ],
        "Prevention": [
                "Watchbands made of leather, cloth or plastic",
                "Zippers or clothing fasteners made of plastic or coated metals",
                "Plastic or titanium eyeglass frames"
        ]
},{
        "link": "https://www.mayoclinic.org/diseases-conditions/nicotine-dependence/symptoms-causes/syc-20351584",
        "name": "Nicotine dependence",
        "Symptoms": [
                "You can't stop smoking.You've made one or more serious, but unsuccessful, attempts to stop.",
                "You have withdrawal symptoms when you try to stop.Your attempts at stopping have caused physical and mood-related symptoms, such as strong cravings, anxiety, irritability, restlessness, difficulty concentrating, depressed mood, frustration, anger, increased hunger, insomnia, constipation or diarrhea.",
                "You keep smoking despite health problems.Even though you've developed health problems with your lungs or your heart, you haven't been able to stop.",
                "You give up social activities.You may stop going to smoke-free restaurants or stop socializing with family or friends because you can't smoke in these situations."
        ],
        "Causes": [
                "Drinking coffee or taking breaks at work",
                "Talking on the phone",
                "Drinking alcohol",
                "Driving your car",
                "Spending time with friends"
        ],
        "Risk Factors": [
                "Age.Most people begin smoking during childhood or the teen years. The younger you are when you begin smoking, the greater the chance that you'll become addicted.",
                "Genetics.The likelihood that you will start smoking and keep smoking may be partly inherited. Genetic factors may influence how receptors on the surface of your brain's nerve cells respond to high doses of nicotine delivered by cigarettes.",
                "Parents and peers.Children who grow up with parents who smoke are more likely to become smokers. Children with friends who smoke are also more likely to try it.",
                "Depression or other mental illness.Many studies show an association between depression and smoking. People who have depression, schizophrenia, post-traumatic stress disorder or other forms of mental illness are more likely to be smokers.",
                "Substance use.People who abuse alcohol and illegal drugs are more likely to be smokers."
        ],
        "Complications": [
                "Lung cancer and lung disease.Smoking is the leading cause of lung cancer deaths. In addition, smoking causes lung diseases, such as emphysema and chronic bronchitis. Smoking also makes asthma worse.",
                "Other cancers.Smoking increases the risk of many types of cancer, including cancer of the mouth, throat (pharynx), esophagus, larynx, bladder, pancreas, kidney, cervix and some types of leukemia. Overall, smoking causes 30% of all cancer deaths.",
                "Heart and circulatory system problems.Smoking increases your risk of dying of heart and blood vessel (cardiovascular) disease, including heart attacks and strokes. If you have heart or blood vessel disease, such as heart failure, smoking worsens your condition.",
                "Diabetes.Smoking increases insulin resistance, which can set the stage for type 2 diabetes. If you have diabetes, smoking can speed the progress of complications, such as kidney disease and eye problems.",
                "Eye problems.Smoking can increase your risk of serious eye problems such as cataracts and loss of eyesight from macular degeneration.",
                "Infertility and impotence.Smoking increases the risk of reduced fertility in women and the risk of impotence in men.",
                "Complications during pregnancy.Mothers who smoke while pregnant face a higher risk of preterm delivery and giving birth to lower birth weight babies.",
                "Cold, flu and other illnesses.Smokers are more prone to respiratory infections, such as colds, the flu and bronchitis.",
                "Tooth and gum disease.Smoking is associated with an increased risk of developing inflammation of the gum and a serious gum infection that can destroy the support system for teeth (periodontitis)."
        ],
        "Prevention": [
                "Illustration of lung function after quitting smoking"
        ]
},{
        "link": "https://www.mayoclinic.org/diseases-conditions/niemann-pick/symptoms-causes/syc-20355887",
        "name": "Niemann-Pick disease",
        "Symptoms": [
                "Loss of muscle control, such as clumsiness and problems walking.",
                "Muscle weakness and floppiness.",
                "Stiff and awkward movements.",
                "Vision problems, such as vision loss and eye movements that can't be controlled.",
                "Hearing loss.",
                "Being sensitive to touch.",
                "Problems sleeping.",
                "Problems swallowing and eating.",
                "Slurred speech.",
                "Problems with learning and memory that get worse.",
                "Mental health conditions, such as depression, paranoia and behavior problems.",
                "Liver and spleen that get too large.",
                "Repeated infections that cause pneumonia."
        ],
        "Causes": [
                "A Book: Mayo Clinic Family Health Book, 5th Edition",
                "Newsletter: Mayo Clinic Health Letter — Digital Edition"
        ],
        "Risk Factors": [
                "A Book: Mayo Clinic Family Health Book, 5th Edition",
                "Newsletter: Mayo Clinic Health Letter — Digital Edition"
        ],
        "Complications": [
                "Lung cancer and lung disease.Smoking is the leading cause of lung cancer deaths. In addition, smoking causes lung diseases, such as emphysema and chronic bronchitis. Smoking also makes asthma worse.",
                "Other cancers.Smoking increases the risk of many types of cancer, including cancer of the mouth, throat (pharynx), esophagus, larynx, bladder, pancreas, kidney, cervix and some types of leukemia. Overall, smoking causes 30% of all cancer deaths.",
                "Heart and circulatory system problems.Smoking increases your risk of dying of heart and blood vessel (cardiovascular) disease, including heart attacks and strokes. If you have heart or blood vessel disease, such as heart failure, smoking worsens your condition.",
                "Diabetes.Smoking increases insulin resistance, which can set the stage for type 2 diabetes. If you have diabetes, smoking can speed the progress of complications, such as kidney disease and eye problems.",
                "Eye problems.Smoking can increase your risk of serious eye problems such as cataracts and loss of eyesight from macular degeneration.",
                "Infertility and impotence.Smoking increases the risk of reduced fertility in women and the risk of impotence in men.",
                "Complications during pregnancy.Mothers who smoke while pregnant face a higher risk of preterm delivery and giving birth to lower birth weight babies.",
                "Cold, flu and other illnesses.Smokers are more prone to respiratory infections, such as colds, the flu and bronchitis.",
                "Tooth and gum disease.Smoking is associated with an increased risk of developing inflammation of the gum and a serious gum infection that can destroy the support system for teeth (periodontitis)."
        ],
        "Prevention": [
                "Illustration of lung function after quitting smoking"
        ]
},{
        "link": "https://www.mayoclinic.org/diseases-conditions/nightmare-disorder/symptoms-causes/syc-20353515",
        "name": "Nightmare disorder",
        "Symptoms": [
                "Your dream seems vivid and real and is very upsetting, often becoming more disturbing as the dream unfolds.",
                "Your dream storyline is usually related to threats to safety or survival, but it can have other disturbing themes.",
                "Your dream awakens you.",
                "You feel scared, anxious, angry, sad or disgusted as a result of your dream.",
                "You feel sweaty or have a pounding heartbeat while in bed.",
                "You can think clearly upon awakening and can recall details of your dream.",
                "Your dream causes distress that keeps you from falling back to sleep easily."
        ],
        "Causes": [
                "Stress or anxiety.Sometimes the ordinary stresses of daily life, such as a problem at home or school, trigger nightmares. A major change, such as a move or the death of a loved one, can have the same effect. Experiencing anxiety is associated with a greater risk of nightmares.",
                "Trauma.Nightmares are common after an accident, injury, physical or sexual abuse, or other traumatic event. Nightmares are common in people who have post-traumatic stress disorder (PTSD).",
                "Sleep deprivation.Changes in your schedule that cause irregular sleeping and waking times or that interrupt or reduce the amount of sleep you get can increase your risk of having nightmares. Insomnia is associated with an increased risk of nightmares.",
                "Medications.Some drugs — including certain antidepressants, blood pressure medications, beta blockers, and drugs used to treat Parkinson's disease or to help stop smoking — can trigger nightmares.",
                "Substance misuse.Alcohol and recreational drug use or withdrawal can trigger nightmares.",
                "Other disorders.Depression and other mental health disorders may be linked to nightmares. Nightmares can happen along with some medical conditions, such as heart disease or cancer. Having other sleep disorders that interfere with adequate sleep can be associated with having nightmares.",
                "Scary books and movies.For some people, reading scary books or watching frightening movies, especially before bed, can be associated with nightmares."
        ],
        "Risk Factors": [
                "Excessive daytime sleepiness, which can lead to difficulties at school or work, or problems with everyday tasks, such as driving and concentrating",
                "Problems with mood, such as depression or anxiety from dreams that continue to bother you",
                "Resistance to going to bed or to sleep for fear you'll have another bad dream",
                "Suicidal thoughts or suicide attempts"
        ],
        "Complications": [
                "Excessive daytime sleepiness, which can lead to difficulties at school or work, or problems with everyday tasks, such as driving and concentrating",
                "Problems with mood, such as depression or anxiety from dreams that continue to bother you",
                "Resistance to going to bed or to sleep for fear you'll have another bad dream",
                "Suicidal thoughts or suicide attempts"
        ],
        "Prevention": [
                "Illustration of lung function after quitting smoking"
        ]
},{
        "link": "https://www.mayoclinic.org/diseases-conditions/nonalcoholic-fatty-liver-disease/symptoms-causes/syc-20354567",
        "name": "Nonalcoholic fatty liver disease",
        "Symptoms": [
                "Fatigue.",
                "Not feeling well, or malaise.",
                "Pain or discomfort in the upper right belly area."
        ],
        "Causes": [
                "Genetics.",
                "Overweight or obesity.",
                "Insulin resistance, which happens when your cells don't take up sugar in response to the hormone insulin.",
                "Type 2 diabetes, sometimes called high blood sugar or hyperglycemia.",
                "High levels of fats, especially triglycerides, in the blood."
        ],
        "Risk Factors": [
                "Family history of fatty liver disease or obesity.",
                "Growth hormone deficiency, which means the body doesn't make enough hormones to grow.",
                "High cholesterol.",
                "High levels of triglycerides in the blood.",
                "Insulin resistance.",
                "Metabolic syndrome.",
                "Obesity, especially when fat is centered in the waist.",
                "Polycystic ovary syndrome.",
                "Obstructive sleep apnea.",
                "Type 2 diabetes.",
                "Underactive thyroid, also called hypothyroidism.",
                "Underactive pituitary gland, or hypopituitarism."
        ],
        "Complications": [
                "Fluid buildup in the stomach area, called ascites.",
                "Swollen veins in your esophagus, or esophageal varices, which can rupture and bleed.",
                "Confusion, sleepiness and slurred speech, also called hepatic encephalopathy.",
                "Overactive spleen, or hypersplenism, which can cause too few blood platelets.",
                "Liver cancer.",
                "End-stage liver failure, which means the liver has stopped working."
        ],
        "Prevention": [
                "Eat a healthy diet.Eat a healthy diet that's rich in fruits, vegetables, whole grains and healthy fats.",
                "Limit alcohol, simple sugars and portion sizes.Avoid sugary drinks like soda, sports drinks, juices and sweet tea. Drinking alcohol can damage your liver and should be avoided or minimized.",
                "Keep a healthy weight.If you are overweight or obese, work with your health care team to gradually lose weight. If you are a healthy weight, work to keep it by eating a healthy diet and exercising.",
                "Exercise.Be active most days of the week. Get an OK from your health care team first if you haven't been exercising regularly."
        ]
},{
        "link": "https://www.mayoclinic.org/diseases-conditions/nonallergic-rhinitis/symptoms-causes/syc-20351229",
        "name": "Nonallergic rhinitis",
        "Symptoms": [
                "Stuffy or runny nose.",
                "Sneezing.",
                "Mucus in the throat.",
                "Cough."
        ],
        "Causes": [
                "Irritants in the air.These include dust, smog and cigarette smoke. Strong odors such as perfumes also can cause the symptoms to start. So can chemical fumes, including fumes some workers might get exposed to at their jobs.",
                "Weather.Changes in temperature or humidity can trigger swelling in the lining of the nose. This can cause a runny or stuffy nose.",
                "Infections.Illnesses caused by a virus often cause nonallergic rhinitis. These include a cold or the flu.",
                "Foods and drinks.Nonallergic rhinitis can happen when you eat. Hot or spicy foods are the main triggers. Drinking alcohol also can cause the tissue that lines the inside of the nose to swell. This can lead to a stuffy nose.",
                "Some medicines.These include aspirin and ibuprofen (Advil, Motrin IB, others). High blood pressure medicines such as beta blockers also can cause symptoms.Medicines that have a calming effect, called sedatives, can trigger nonallergic rhinitis too. So can medicines for depression. Birth control pills and medicines that treat erectile dysfunction also can trigger the symptoms. And using decongestant nose spray or drops too often can cause a type of nonallergic rhinitis called rhinitis medicamentosa.",
                "Hormone changes.These can be due to pregnancy, periods or birth control use. Hormone problems that may trigger nonallergic rhinitis include a condition that happens when the thyroid gland doesn't make enough thyroid hormone. This is called hypothyroidism.",
                "Issues linked with sleep.Lying on your back while you sleep can trigger nonallergic rhinitis. Acid reflux that happens overnight also can be a trigger."
        ],
        "Risk Factors": [
                "Breathing in some types of unclean air.Smog, exhaust fumes and tobacco smoke are a few of the things that can raise the risk of nonallergic rhinitis.",
                "Being older than age 20.Most people who get nonallergic rhinitis are 20 or older. That makes it different from allergic rhinitis, which people often have when they're younger than 20.",
                "Using nose sprays or drops for a long time.Don't use store-bought decongestant drops or sprays oxymetazoline (Afrin, Dristan, others) for more than a few days. A stuffy nose or other symptoms might get worse when the decongestant wears off. This is often called rebound congestion.",
                "Getting pregnant or having periods.Congestion in the nose often gets worse during these times due to hormone changes.",
                "Being exposed to fumes at work.In some lines of work, fumes from supplies can cause nonallergic rhinitis to start. Some common triggers include construction materials and chemicals. Fumes from compost also can be a trigger.",
                "Some health problems.Some long-term health problems can cause nonallergic rhinitis or make it worse. These include diabetes and a problem that happens when the thyroid gland doesn't make enough thyroid hormone."
        ],
        "Complications": [
                "Nasal polyps.These are soft growths that form on the tissue that lines the inside of the nose. Polyps also can form on the lining of the spaces inside the nose and head, called sinuses. Polyps are caused by swelling, also known as inflammation. They're not cancer. Small polyps might not cause problems. But larger ones can block the airflow through the nose. That makes it hard to breathe.",
                "Sinusitis.This is swelling of the sinuses. Long-term congestion in the nose due to nonallergic rhinitis can raise the risk of sinusitis.",
                "Trouble with daily life.Nonallergic rhinitis might affect your work or school grades. You also might need to take time off when your symptoms flare or when you need a checkup."
        ],
        "Prevention": [
                "Learn your triggers.Find out what factors cause your symptoms or make them worse. That way you can stay away from them. Your health care provider can help you learn your triggers.",
                "Don't use decongestant nose sprays or drops for too long.Using these medicines for more than a few days at a time can make your symptoms worse.",
                "Get treatment that works.If you've tried a medicine that doesn't help enough, talk to your health care provider. A change to your treatment plan may be needed to prevent or ease your symptoms."
        ]
},{
        "link": "https://www.mayoclinic.org/diseases-conditions/non-hodgkins-lymphoma/symptoms-causes/syc-20375680",
        "name": "Non-Hodgkin's lymphoma",
        "Symptoms": [
                "Swollen lymph nodes in your neck, armpits or groin",
                "Abdominal pain or swelling",
                "Chest pain, coughing or trouble breathing",
                "Persistent fatigue",
                "Fever",
                "Night sweats",
                "Unexplained weight loss"
        ],
        "Causes": [
                "B cells.B cells are a type of lymphocyte that fights infection by producing antibodies to neutralize foreign invaders. Most non-Hodgkin's lymphoma arises from B cells. Subtypes of non-Hodgkin's lymphoma that involve B cells include diffuse large B-cell lymphoma, follicular lymphoma, mantle cell lymphoma and Burkitt lymphoma.",
                "T cells.T cells are a type of lymphocyte that's involved in killing foreign invaders directly. Non-Hodgkin's lymphoma occurs much less often in T cells. Subtypes of non-Hodgkin's lymphoma that involve T cells include peripheral T-cell lymphoma and cutaneous T-cell lymphoma."
        ],
        "Risk Factors": [
                "Medications that suppress your immune system.If you've had an organ transplant and take medicines that control your immune system, you might have an increased risk of non-Hodgkin's lymphoma.",
                "Infection with certain viruses and bacteria.Certain viral and bacterial infections appear to increase the risk of non-Hodgkin's lymphoma. Viruses linked to this type of cancer includeHIVand Epstein-Barr infection. Bacteria linked to non-Hodgkin's lymphoma include the ulcer-causing Helicobacter pylori.",
                "Chemicals.Certain chemicals, such as those used to kill insects and weeds, may increase your risk of developing non-Hodgkin's lymphoma. More research is needed to understand the possible link between pesticides and the development of non-Hodgkin's lymphoma.",
                "Older age.Non-Hodgkin's lymphoma can occur at any age, but the risk increases with age. It's most common in people 60 or over."
        ],
        "Complications": [
                "Nasal polyps.These are soft growths that form on the tissue that lines the inside of the nose. Polyps also can form on the lining of the spaces inside the nose and head, called sinuses. Polyps are caused by swelling, also known as inflammation. They're not cancer. Small polyps might not cause problems. But larger ones can block the airflow through the nose. That makes it hard to breathe.",
                "Sinusitis.This is swelling of the sinuses. Long-term congestion in the nose due to nonallergic rhinitis can raise the risk of sinusitis.",
                "Trouble with daily life.Nonallergic rhinitis might affect your work or school grades. You also might need to take time off when your symptoms flare or when you need a checkup."
        ],
        "Prevention": [
                "Learn your triggers.Find out what factors cause your symptoms or make them worse. That way you can stay away from them. Your health care provider can help you learn your triggers.",
                "Don't use decongestant nose sprays or drops for too long.Using these medicines for more than a few days at a time can make your symptoms worse.",
                "Get treatment that works.If you've tried a medicine that doesn't help enough, talk to your health care provider. A change to your treatment plan may be needed to prevent or ease your symptoms."
        ]
},{
        "link": "https://www.mayoclinic.org/diseases-conditions/nonmelanoma-skin-cancer/symptoms-causes/syc-20355397",
        "name": "Nonmelanoma skin cancer",
        "Symptoms": [
                "Swollen lymph nodes in your neck, armpits or groin",
                "Abdominal pain or swelling",
                "Chest pain, coughing or trouble breathing",
                "Persistent fatigue",
                "Fever",
                "Night sweats",
                "Unexplained weight loss"
        ],
        "Causes": [
                "B cells.B cells are a type of lymphocyte that fights infection by producing antibodies to neutralize foreign invaders. Most non-Hodgkin's lymphoma arises from B cells. Subtypes of non-Hodgkin's lymphoma that involve B cells include diffuse large B-cell lymphoma, follicular lymphoma, mantle cell lymphoma and Burkitt lymphoma.",
                "T cells.T cells are a type of lymphocyte that's involved in killing foreign invaders directly. Non-Hodgkin's lymphoma occurs much less often in T cells. Subtypes of non-Hodgkin's lymphoma that involve T cells include peripheral T-cell lymphoma and cutaneous T-cell lymphoma."
        ],
        "Risk Factors": [
                "Medications that suppress your immune system.If you've had an organ transplant and take medicines that control your immune system, you might have an increased risk of non-Hodgkin's lymphoma.",
                "Infection with certain viruses and bacteria.Certain viral and bacterial infections appear to increase the risk of non-Hodgkin's lymphoma. Viruses linked to this type of cancer includeHIVand Epstein-Barr infection. Bacteria linked to non-Hodgkin's lymphoma include the ulcer-causing Helicobacter pylori.",
                "Chemicals.Certain chemicals, such as those used to kill insects and weeds, may increase your risk of developing non-Hodgkin's lymphoma. More research is needed to understand the possible link between pesticides and the development of non-Hodgkin's lymphoma.",
                "Older age.Non-Hodgkin's lymphoma can occur at any age, but the risk increases with age. It's most common in people 60 or over."
        ],
        "Complications": [
                "Nasal polyps.These are soft growths that form on the tissue that lines the inside of the nose. Polyps also can form on the lining of the spaces inside the nose and head, called sinuses. Polyps are caused by swelling, also known as inflammation. They're not cancer. Small polyps might not cause problems. But larger ones can block the airflow through the nose. That makes it hard to breathe.",
                "Sinusitis.This is swelling of the sinuses. Long-term congestion in the nose due to nonallergic rhinitis can raise the risk of sinusitis.",
                "Trouble with daily life.Nonallergic rhinitis might affect your work or school grades. You also might need to take time off when your symptoms flare or when you need a checkup."
        ],
        "Prevention": [
                "Learn your triggers.Find out what factors cause your symptoms or make them worse. That way you can stay away from them. Your health care provider can help you learn your triggers.",
                "Don't use decongestant nose sprays or drops for too long.Using these medicines for more than a few days at a time can make your symptoms worse.",
                "Get treatment that works.If you've tried a medicine that doesn't help enough, talk to your health care provider. A change to your treatment plan may be needed to prevent or ease your symptoms."
        ]
},{
        "link": "https://www.mayoclinic.org/diseases-conditions/noonan-syndrome/symptoms-causes/syc-20354422",
        "name": "Noonan syndrome",
        "Symptoms": [
                "Eyesare wide-set, slant down and have droopy lids. Eyes may be pale blue or green.",
                "Earsare set low and look like they're tipped backward.",
                "Noseis depressed at the top, with a wide base and round tip.",
                "Mouthhas a deep groove between the nose and the mouth and wide peaks in the upper lip. The crease that runs from the edge of the nose to the corner of the mouth becomes deeply grooved with age. Teeth may be crooked. The inside roof of the mouth may be highly arched. And the lower jaw may be small.",
                "Facial featuresmay appear coarse but look sharper with age. The face may appear droopy and not show expression.",
                "Headmay be large with a big forehead and a low hairline on the back of the head.",
                "Skinmay appear thin and transparent with age."
        ],
        "Causes": [
                "Inherited.Children who have one parent with Noonan syndrome who carries the changed gene have a 50% chance of developing the condition. This is called an autosomal dominant inheritance pattern.",
                "Random.Noonan syndrome can develop in a child because of a new changed gene — meaning the child did not inherit that gene from a parent. This is known as a de novo genetic condition."
        ],
        "Risk Factors": [
                "Developmental delays.Children with Noonan syndrome may be slow to develop compared with other children their age. For example, they may be way behind in learning to speak or walk or in learning things at school. A plan is needed to address the children's developmental challenges and learning and educational needs.",
                "Bleeding and bruising.Sometimes the bleeding problem common in people with Noonan syndrome is not found until they have dental work or surgery.",
                "Buildup of fluid.Called lymphedema, this complication involves too much fluid that builds up in various areas of the body. Sometimes fluid can collect in the space around the heart and lungs.",
                "Urinary tract issues.A kidney structure that is not typical may raise the risk of urinary tract infections.",
                "Fertility issues.Males may have a low sperm count and other fertility problems because of undescended testicles or testicles that do not work properly.",
                "Higher risk of cancer.There may be a higher risk of developing certain types of cancer, such as leukemia or certain types of tumors."
        ],
        "Complications": [
                "Developmental delays.Children with Noonan syndrome may be slow to develop compared with other children their age. For example, they may be way behind in learning to speak or walk or in learning things at school. A plan is needed to address the children's developmental challenges and learning and educational needs.",
                "Bleeding and bruising.Sometimes the bleeding problem common in people with Noonan syndrome is not found until they have dental work or surgery.",
                "Buildup of fluid.Called lymphedema, this complication involves too much fluid that builds up in various areas of the body. Sometimes fluid can collect in the space around the heart and lungs.",
                "Urinary tract issues.A kidney structure that is not typical may raise the risk of urinary tract infections.",
                "Fertility issues.Males may have a low sperm count and other fertility problems because of undescended testicles or testicles that do not work properly.",
                "Higher risk of cancer.There may be a higher risk of developing certain types of cancer, such as leukemia or certain types of tumors."
        ],
        "Prevention": [
                "Echocardiogram",
                "Electrocardiogram (ECG or EKG)",
                "Genetic testing"
        ]
},{
        "link": "https://www.mayoclinic.org/diseases-conditions/norovirus/symptoms-causes/syc-20355296",
        "name": "Norovirus infection",
        "Symptoms": [
                "Nausea",
                "Vomiting",
                "Stomach pain or cramps",
                "Watery or loose diarrhea",
                "Feeling ill",
                "Low-grade fever",
                "Muscle pain"
        ],
        "Causes": [
                "Eating contaminated food",
                "Drinking contaminated water",
                "Touching your hand to your mouth after your hand has been in contact with a contaminated surface or object",
                "Being in close contact with a person who has norovirus infection"
        ],
        "Risk Factors": [
                "Eating in a place where food has been handled by someone with norovirus infection or the food has been in contact with contaminated water or surfaces",
                "Attending preschool or a child care center",
                "Living in close quarters, such as in nursing homes",
                "Staying in hotels, resorts, cruise ships or other destinations with many people in close quarters",
                "Having contact with someone who has norovirus infection"
        ],
        "Complications": [
                "Fatigue",
                "Dry mouth and throat",
                "Listlessness",
                "Dizziness",
                "Decreased urine output"
        ],
        "Prevention": [
                "Wash your hands thoroughly with soap and water for at least 20 seconds,especially after using the toilet or changing a diaper and before you prepare food and eat or drink. Alcohol-based hand sanitizers aren't as effective against noroviruses as using soap and water.",
                "Avoid contaminated food and water,including food that could have been prepared by someone who was sick.",
                "Wash fruits and vegetablesbefore eating.",
                "Cook seafood thoroughly.",
                "Disinfect surfaces that might have been contaminated.Wear gloves and use a chlorine bleach solution or a disinfectant that is effective against noroviruses.",
                "Use caution when traveling.If you're traveling to areas with a high risk of norovirus infection, consider eating only cooked foods, drinking only hot or carbonated beverages, and avoiding food sold by street vendors."
        ]
}]