[{
        "link": "https://www.mayoclinic.org/diseases-conditions/obesity/symptoms-causes/syc-20375742",
        "name": "Obesity",
        "Symptoms": [
                "Obesity care at Mayo Clinic",
                "What is insulin resistance? A Mayo Clinic expert explains"
        ],
        "Causes": [
                "Unhealthy diet.A diet that's high in calories, lacking in fruits and vegetables, full of fast food, and laden with high-calorie beverages and oversized portions contributes to weight gain.",
                "Liquid calories.People can drink many calories without feeling full, especially calories from alcohol. Other high-calorie beverages, such as sugared soft drinks, can contribute to weight gain.",
                "Inactivity.If you have an inactive lifestyle, you can easily take in more calories every day than you burn through exercise and routine daily activities. Looking at computer, tablet and phone screens is inactivity. The number of hours spent in front of a screen is highly associated with weight gain."
        ],
        "Risk Factors": [
                "Unhealthy diet.A diet that's high in calories, lacking in fruits and vegetables, full of fast food, and laden with high-calorie beverages and oversized portions contributes to weight gain.",
                "Liquid calories.People can drink many calories without feeling full, especially calories from alcohol. Other high-calorie beverages, such as sugared soft drinks, can contribute to weight gain.",
                "Inactivity.If you have an inactive lifestyle, you can easily take in more calories every day than you burn through exercise and routine daily activities. Looking at computer, tablet and phone screens is inactivity. The number of hours spent in front of a screen is highly associated with weight gain."
        ],
        "Complications": [
                "Heart disease and strokes.Obesity makes you more likely to have high blood pressure and unhealthy cholesterol levels, which are risk factors for heart disease and strokes.",
                "Type 2 diabetes.Obesity can affect the way the body uses insulin to control blood sugar levels. This raises the risk of insulin resistance and diabetes.",
                "Certain cancers.Obesity may increase the risk of cancer of the uterus, cervix, endometrium, ovary, breast, colon, rectum, esophagus, liver, gallbladder, pancreas, kidney and prostate.",
                "Digestive problems.Obesity increases the likelihood of developing heartburn, gallbladder disease and liver problems.",
                "Sleep apnea.People with obesity are more likely to have sleep apnea, a potentially serious disorder in which breathing repeatedly stops and starts during sleep.",
                "Osteoarthritis.Obesity increases the stress placed on weight-bearing joints. It also promotes inflammation, which includes swelling, pain and a feeling of heat within the body. These factors may lead to complications such as osteoarthritis.",
                "Fatty liver disease.Obesity increases the risk of fatty liver disease, a condition that happens due to excessive fat deposit in the liver. In some cases, this can lead to serious liver damage, known as liver cirrhosis.",
                "Severe COVID-19 symptoms.Obesity increases the risk of developing severe symptoms if you become infected with the virus that causes coronavirus disease 2019, known as COVID-19. People who have severe cases ofCOVID-19may need treatment in intensive care units or even mechanical assistance to breathe."
        ],
        "Prevention": ""
},{
        "link": "https://www.mayoclinic.org/diseases-conditions/obsessive-compulsive-disorder/symptoms-causes/syc-20354432",
        "name": "Obsessive-compulsive disorder (OCD)",
        "Symptoms": [
                "Fear of contamination or dirt.",
                "Doubting and having a hard time dealing with uncertainty.",
                "Needing things to be orderly and balanced.",
                "Aggressive or horrific thoughts about losing control and harming yourself or others.",
                "Unwanted thoughts, including aggression, or sexual or religious subjects."
        ],
        "Causes": [
                "Biology.OCDmay be due to changes in your body's natural chemistry or brain functions.",
                "Genetics.OCDmay have a genetic component, but specific genes have yet to be found.",
                "Learning.Obsessive fears and compulsive behaviors can be learned from watching family members or learning them over time."
        ],
        "Risk Factors": [
                "Family history.Having parents or other family members with the disorder can raise your risk of gettingOCD.",
                "Stressful life events.If you've gone through traumatic or stressful events, your risk may increase. This reaction may cause the intrusive thoughts, rituals and emotional distress seen inOCD.",
                "Other mental health disorders.OCDmay be related to other mental health disorders, such as anxiety disorders, depression, substance abuse or tic disorders."
        ],
        "Complications": [
                "Excessive time spent taking part in ritualistic behaviors.",
                "Health issues, such as contact dermatitis from frequent hand-washing.",
                "Having a hard time going to work or school or taking part in social activities.",
                "Troubled relationships.",
                "Poor quality of life.",
                "Thoughts about suicide and behavior related to suicide."
        ],
        "Prevention": [
                "Cognitive behavioral therapy",
                "Deep brain stimulation",
                "Electroconvulsive therapy (ECT)",
                "Psychotherapy",
                "Transcranial magnetic stimulation"
        ]
},{
        "link": "https://www.mayoclinic.org/diseases-conditions/obstructive-sleep-apnea/symptoms-causes/syc-20352090",
        "name": "Obstructive sleep apnea",
        "Symptoms": [
                "Excessive daytime sleepiness.",
                "Loud snoring.",
                "Observed episodes of stopped breathing during sleep.",
                "Waking during the night and gasping or choking.",
                "Awakening in the morning with a dry mouth or sore throat.",
                "Morning headaches.",
                "Trouble focusing during the day.",
                "Mood changes, such as depression or being easily upset.",
                "High blood pressure.",
                "Decreased interest in sex."
        ],
        "Causes": [
                "Obstructive sleep apnea care at Mayo Clinic",
                "Obstructive sleep apnea: What happens?"
        ],
        "Risk Factors": [
                "Excess weight.Most but not all people with obstructive sleep apnea are overweight. Fat deposits around the upper airway can obstruct breathing. Medical conditions that are associated with obesity, such as hypothyroidism and polycystic ovary syndrome, also can cause obstructive sleep apnea.",
                "Older age.The risk of obstructive sleep apnea increases as you age but appears to level off after your 60s and 70s.",
                "Narrowed airway.A naturally narrow airway is a trait that can be passed down in your family. Or your tonsils or adenoids might become enlarged and block your airway.",
                "High blood pressure, known as hypertension.Obstructive sleep apnea is relatively common in people with hypertension.",
                "Chronic nasal congestion.Obstructive sleep apnea occurs twice as often in those who have consistent nasal congestion at night, regardless of the cause.",
                "Smoking.People who smoke are more likely to have obstructive sleep apnea.",
                "Diabetes.Obstructive sleep apnea might be more common in people with diabetes.",
                "Male sex.In general, men are 2 to 3 times more likely as premenopausal women to have obstructive sleep apnea. However, the risk of obstructive sleep apnea increases in women after menopause.",
                "A family history of sleep apnea.Having family members with obstructive sleep apnea might increase your risk.",
                "Asthma.Research has found an association between asthma and the risk of obstructive sleep apnea."
        ],
        "Complications": [
                "Daytime fatigue and sleepiness.Because of a lack of restorative sleep at night, people with obstructive sleep apnea often have severe daytime drowsiness, fatigue and irritability. They might have difficulty concentrating and find themselves falling asleep at work, while watching TV or even when driving. This can put them at higher risk of work-related accidents.Children and young people with obstructive sleep apnea might do poorly in school and commonly have attention or behavior problems.",
                "Cardiovascular problems.Sudden drops in blood oxygen levels that occur during obstructive sleep apnea increase blood pressure and strain the cardiovascular system. Many people with obstructive sleep apnea develop high blood pressure, which can increase the risk of heart disease.The worse the obstructive sleep apnea, the greater the risk of coronary artery disease, heart attack, heart failure and stroke.Obstructive sleep apnea also increases the risk of heart rhythm problems known as arrhythmias. Arrhythmias can lower blood pressure. If there's underlying heart disease, these repeated multiple episodes of arrhythmias could lead to sudden death.",
                "Complications with medicines and surgery.Obstructive sleep apnea also is a concern with certain medicines and general anesthesia. Medicines such as sedatives, some prescription painkillers and general anesthetics, relax the upper airway and can make obstructive sleep apnea worse.If you have obstructive sleep apnea, having major surgery can worsen breathing problems. This is especially true if you have been sedated and you were lying on your back. People with obstructive sleep apnea might be more prone to complications after surgery.Before you have surgery, tell your surgeon if you have obstructive sleep apnea or symptoms related to the condition. You may need to get tested for obstructive sleep apnea before surgery.",
                "Eye problems.Some research has found a connection between obstructive sleep apnea and certain eye conditions, such as glaucoma. Eye complications can usually be treated.",
                "Sleep-deprived partners.Loud snoring can keep those around you from getting good rest and eventually disrupt your relationships. Some partners choose to sleep in another room."
        ],
        "Prevention": [
                "Cognitive behavioral therapy",
                "Deep brain stimulation",
                "Electroconvulsive therapy (ECT)",
                "Psychotherapy",
                "Transcranial magnetic stimulation"
        ]
},{
        "link": "https://www.mayoclinic.org/diseases-conditions/occupational-asthma/symptoms-causes/syc-20375772",
        "name": "Occupational asthma",
        "Symptoms": [
                "Wheezing, sometimes just at night",
                "Coughing",
                "Shortness of breath",
                "Chest tightness"
        ],
        "Causes": [
                "Animal substances,such as proteins found in dander, hair, scales, fur, saliva and body wastes.",
                "Chemicalsused to make paints, varnishes, adhesives, laminates and soldering resin. Other examples include chemicals used to make insulation, packaging materials, and foam mattresses and upholstery.",
                "Enzymesused in detergents and flour conditioners.",
                "Metals,particularly platinum, chromium and nickel sulfate.",
                "Plant substances,including proteins found in natural rubber latex, flour, cereals, cotton, flax, hemp, rye, wheat and papain — a digestive enzyme derived from papaya.",
                "Respiratory irritants,such as chlorine gas, sulfur dioxide and smoke."
        ],
        "Risk Factors": [
                "You have existing allergies or asthma.Although this can increase your risk, many people who have allergies or asthma do jobs that expose them to lung irritants and never have symptoms.",
                "Allergies or asthma runs in your family.Your parents may pass down genes that make it more likely for you to develop asthma.",
                "You work around known asthma triggers.Some substances are known to be lung irritants and asthma triggers.",
                "You smoke.Smoking increases your risk of developing asthma if you are exposed to certain types of irritants."
        ],
        "Complications": [
                "If you smoke, quit.Being smoke-free may help prevent or lessen symptoms of occupational asthma.",
                "Get a flu vaccination.This can help prevent illness.",
                "Avoid nonsteroidal anti-inflammatory drugs (NSAIDs)and other medications that may make symptoms worse.",
                "Lose weight.For people with obesity, losing weight can help improve symptoms and lung function."
        ],
        "Prevention": [
                "If you smoke, quit.Being smoke-free may help prevent or lessen symptoms of occupational asthma.",
                "Get a flu vaccination.This can help prevent illness.",
                "Avoid nonsteroidal anti-inflammatory drugs (NSAIDs)and other medications that may make symptoms worse.",
                "Lose weight.For people with obesity, losing weight can help improve symptoms and lung function."
        ]
},{
        "link": "https://www.mayoclinic.org/diseases-conditions/ocular-rosacea/symptoms-causes/syc-20375798",
        "name": "Ocular rosacea",
        "Symptoms": [
                "Red, burning, itchy or watering eyes",
                "Dry eyes",
                "Grittiness or the feeling of having a foreign body in the eye or eyes",
                "Blurred vision",
                "Sensitivity to light (photophobia)",
                "Dilated small blood vessels on the white part of the eye that are visible when you look in a mirror",
                "Red, swollen eyelids",
                "Recurrent eye or eyelid infections, such as pink eye (conjunctivitis), blepharitis, sties or chalazia"
        ],
        "Causes": [
                "Heredity",
                "Environmental factors",
                "Bacterial involvement",
                "Blocked glands in the eyelids",
                "Eyelash mites"
        ],
        "Risk Factors": [
                "Symptoms&causes",
                "Diagnosis&treatment",
                "Doctors&departments"
        ],
        "Complications": [
                "Symptoms&causes",
                "Diagnosis&treatment",
                "Doctors&departments"
        ],
        "Prevention": [
                "If you smoke, quit.Being smoke-free may help prevent or lessen symptoms of occupational asthma.",
                "Get a flu vaccination.This can help prevent illness.",
                "Avoid nonsteroidal anti-inflammatory drugs (NSAIDs)and other medications that may make symptoms worse.",
                "Lose weight.For people with obesity, losing weight can help improve symptoms and lung function."
        ]
},{
        "link": "https://www.mayoclinic.org/diseases-conditions/oligodendroglioma/cdc-20350152",
        "name": "Glioma",
        "Symptoms": [
                "Red, burning, itchy or watering eyes",
                "Dry eyes",
                "Grittiness or the feeling of having a foreign body in the eye or eyes",
                "Blurred vision",
                "Sensitivity to light (photophobia)",
                "Dilated small blood vessels on the white part of the eye that are visible when you look in a mirror",
                "Red, swollen eyelids",
                "Recurrent eye or eyelid infections, such as pink eye (conjunctivitis), blepharitis, sties or chalazia"
        ],
        "Causes": [
                "Heredity",
                "Environmental factors",
                "Bacterial involvement",
                "Blocked glands in the eyelids",
                "Eyelash mites"
        ],
        "Risk Factors": [
                "Symptoms&causes",
                "Diagnosis&treatment",
                "Doctors&departments"
        ],
        "Complications": [
                "Symptoms&causes",
                "Diagnosis&treatment",
                "Doctors&departments"
        ],
        "Prevention": [
                "If you smoke, quit.Being smoke-free may help prevent or lessen symptoms of occupational asthma.",
                "Get a flu vaccination.This can help prevent illness.",
                "Avoid nonsteroidal anti-inflammatory drugs (NSAIDs)and other medications that may make symptoms worse.",
                "Lose weight.For people with obesity, losing weight can help improve symptoms and lung function."
        ]
},{
        "link": "https://www.mayoclinic.org/diseases-conditions/oppositional-defiant-disorder/symptoms-causes/syc-20375831",
        "name": "Oppositional defiant disorder (ODD)",
        "Symptoms": [
                "Often and easily loses temper.",
                "Is frequently touchy and easily annoyed by others.",
                "Is often angry and resentful."
        ],
        "Causes": [
                "Genetics.A child's natural personality or character — also called temperament — may contribute to developingODD. Differences in the way nerves and the brain function also may play a role.",
                "Environment.Problems with parenting that may involve a lack of supervision, inconsistent or harsh discipline, or abuse or neglect may contribute to developingODD."
        ],
        "Risk Factors": [
                "Temperament —a child who has a temperament that includes difficulty managing emotions, such as reacting with strong emotions to situations or having trouble tolerating frustration.",
                "Parenting issues —a child who experiences abuse or neglect, harsh or inconsistent discipline, or a lack of proper supervision.",
                "Other family issues —a child who lives with parent or family relationships that are unstable or has a parent with a mental health condition or substance use disorder.",
                "Environment —problem behaviors that are reinforced through attention from peers and inconsistent discipline from other authority figures, such as teachers."
        ],
        "Complications": [
                "Poor school and work performance.",
                "Antisocial behavior.",
                "Legal problems.",
                "Impulse control problems.",
                "Substance use disorder.",
                "Suicide."
        ],
        "Prevention": [
                "Symptoms&causes",
                "Diagnosis&treatment"
        ]
},{
        "link": "https://www.mayoclinic.org/diseases-conditions/optic-neuritis/symptoms-causes/syc-20354953",
        "name": "Optic neuritis",
        "Symptoms": [
                "Pain.Most people who develop optic neuritis have eye pain that's worsened by eye movement. Sometimes the pain feels like a dull ache behind the eye.",
                "Vision loss in one eye.Most people have at least some temporary reduction in vision, but the extent of loss varies. Noticeable vision loss usually develops over hours or days and improves over several weeks to months. Vision loss is permanent in some people.",
                "Visual field loss.Side vision loss can occur in any pattern, such as central vision loss or peripheral vision loss.",
                "Loss of color vision.Optic neuritis often affects color perception. You might notice that colors appear less vivid than normal.",
                "Flashing lights.Some people with optic neuritis report seeing flashing or flickering lights with eye movements."
        ],
        "Causes": [
                "Multiple sclerosis.Multiple sclerosis is a disease in which your autoimmune system attacks the myelin sheath covering nerve fibers in your brain. In people with optic neuritis, the risk of developing multiple sclerosis after one episode of optic neuritis is about 50% over a lifetime.Your risk of developing multiple sclerosis after optic neuritis increases further if an Magnetic resonance imaging (MRI) scan shows lesions on your brain.",
                "Neuromyelitis optica.In this condition, inflammation affects the optic nerve and spinal cord. Neuromyelitis optica has similarities to multiple sclerosis, but neuromyelitis optica doesn't cause damage to the nerves in the brain as often as multiple sclerosis does. Still, neuromyelitis optica is more severe thanMS, often resulting in a diminished recovery after an attack compared withMS.",
                "Myelin oligodendrocyte glycoprotein (MOG) antibody disorder.This condition can cause inflammation to the optic nerve, spinal cord or brain. Similar toMSand neuromyelitis optica, recurrent attacks of inflammation can occur. Recovery from myelin oligodendrocyte glycoprotein (MOG) attacks is usually better than recovery from neuromyelitis optica."
        ],
        "Risk Factors": [
                "Age.Optic neuritis most often affects adults ages 20 to 40.",
                "Sex.Women are much more likely to develop optic neuritis than men are.",
                "Race.Optic neuritis occurs more often in white people.",
                "Genetic mutations.Certain genetic mutations might increase your risk of developing optic neuritis or multiple sclerosis."
        ],
        "Complications": [
                "Optic nerve damage.Most people have some permanent optic nerve damage after an episode of optic neuritis, but the damage might not cause permanent symptoms.",
                "Decreased visual acuity.Most people regain normal or near-normal vision within several months, but a partial loss of color discrimination might persist. For some people, vision loss persists.",
                "Side effects of treatment.Steroid medications used to treat optic neuritis subdue your immune system, which causes your body to become more susceptible to infections. Other side effects include mood changes and weight gain."
        ],
        "Prevention": [
                "Symptoms&causes",
                "Diagnosis&treatment"
        ]
},{
        "link": "https://www.mayoclinic.org/diseases-conditions/oral-lichen-planus/symptoms-causes/syc-20350869",
        "name": "Oral lichen planus",
        "Symptoms": [
                "Lacy, white, raised patches of tissues",
                "Red, swollen, tender patches of tissues",
                "Open sores"
        ],
        "Causes": [
                "Significant pain",
                "Weight loss or nutritional deficiency",
                "Stress or anxiety",
                "Depression",
                "Scarring from erosive lesions",
                "Secondary oral yeast or fungal infections",
                "Oral cancer"
        ],
        "Risk Factors": [
                "Significant pain",
                "Weight loss or nutritional deficiency",
                "Stress or anxiety",
                "Depression",
                "Scarring from erosive lesions",
                "Secondary oral yeast or fungal infections",
                "Oral cancer"
        ],
        "Complications": [
                "Significant pain",
                "Weight loss or nutritional deficiency",
                "Stress or anxiety",
                "Depression",
                "Scarring from erosive lesions",
                "Secondary oral yeast or fungal infections",
                "Oral cancer"
        ],
        "Prevention": [
                "Symptoms&causes",
                "Diagnosis&treatment"
        ]
},{
        "link": "https://www.mayoclinic.org/diseases-conditions/oral-thrush/symptoms-causes/syc-20353533",
        "name": "Oral thrush",
        "Symptoms": [
                "Creamy white lesions on your tongue, inner cheeks, and sometimes on the roof of your mouth, gums and tonsils",
                "Slightly raised lesions with a cottage cheese-like appearance",
                "Redness, burning or soreness that may be severe enough to cause difficulty eating or swallowing",
                "Slight bleeding if the lesions are rubbed or scraped",
                "Cracking and redness at the corners of your mouth",
                "A cottony feeling in your mouth",
                "Loss of taste",
                "Redness, irritation and pain under dentures (denture stomatitis)"
        ],
        "Causes": [
                "Weakened immunity.Oral thrush is more likely to occur in infants and older adults due to reduced immunity. Some medical conditions and treatments can suppress your immune system, such as cancer and its treatments, organ transplantation and required drugs that suppress the immune system, and HIV/AIDS.",
                "Diabetes.If you have untreated diabetes or the disease isn't well-controlled, your saliva may contain large amounts of sugar, which encourages the growth of candida.",
                "Vaginal yeast infections.Vaginal yeast infections are caused by the same fungus that causes oral thrush. You can pass the infection to your baby.",
                "Medications.Drugs such as prednisone, inhaled corticosteroids, or antibiotics that disturb the natural balance of microorganisms in your body can increase your risk of oral thrush.",
                "Other oral conditions.Wearing dentures, especially upper dentures, or having conditions that cause dry mouth can increase the risk of oral thrush."
        ],
        "Risk Factors": [
                "Weakened immunity.Oral thrush is more likely to occur in infants and older adults due to reduced immunity. Some medical conditions and treatments can suppress your immune system, such as cancer and its treatments, organ transplantation and required drugs that suppress the immune system, and HIV/AIDS.",
                "Diabetes.If you have untreated diabetes or the disease isn't well-controlled, your saliva may contain large amounts of sugar, which encourages the growth of candida.",
                "Vaginal yeast infections.Vaginal yeast infections are caused by the same fungus that causes oral thrush. You can pass the infection to your baby.",
                "Medications.Drugs such as prednisone, inhaled corticosteroids, or antibiotics that disturb the natural balance of microorganisms in your body can increase your risk of oral thrush.",
                "Other oral conditions.Wearing dentures, especially upper dentures, or having conditions that cause dry mouth can increase the risk of oral thrush."
        ],
        "Complications": [
                "Rinse your mouth.If you need to use a corticosteroid inhaler, be sure to rinse your mouth with water or brush your teeth after taking your medication.",
                "Brush your teeth at least twice a day and floss dailyor as often as your dentist recommends.",
                "Check your dentures.Remove your dentures at night. Make sure dentures fit properly and don't cause irritation. Clean your dentures daily. Ask your dentist for the best way to clean your type of dentures.",
                "See your dentist regularly,especially if you have diabetes or wear dentures. Ask your dentist how often you need to be seen.",
                "Watch what you eat.Try limiting the amount of sugar-containing foods you eat. These may encourage the growth of candida.",
                "Maintain good blood sugar control if you have diabetes.Well-controlled blood sugar can reduce the amount of sugar in your saliva, discouraging the growth of candida.",
                "Treat a vaginal yeast infectionas soon as possible.",
                "Treat dry mouth.Ask your doctor about ways to avoid or treat your dry mouth."
        ],
        "Prevention": [
                "Rinse your mouth.If you need to use a corticosteroid inhaler, be sure to rinse your mouth with water or brush your teeth after taking your medication.",
                "Brush your teeth at least twice a day and floss dailyor as often as your dentist recommends.",
                "Check your dentures.Remove your dentures at night. Make sure dentures fit properly and don't cause irritation. Clean your dentures daily. Ask your dentist for the best way to clean your type of dentures.",
                "See your dentist regularly,especially if you have diabetes or wear dentures. Ask your dentist how often you need to be seen.",
                "Watch what you eat.Try limiting the amount of sugar-containing foods you eat. These may encourage the growth of candida.",
                "Maintain good blood sugar control if you have diabetes.Well-controlled blood sugar can reduce the amount of sugar in your saliva, discouraging the growth of candida.",
                "Treat a vaginal yeast infectionas soon as possible.",
                "Treat dry mouth.Ask your doctor about ways to avoid or treat your dry mouth."
        ]
},{
        "link": "https://www.mayoclinic.org/diseases-conditions/orchitis/symptoms-causes/syc-20375860",
        "name": "Orchitis",
        "Symptoms": [
                "Swelling in one or both testicles",
                "Pain ranging from mild to severe",
                "Fever",
                "Nausea and vomiting",
                "General feeling of unwellness (malaise)"
        ],
        "Causes": [
                "Not being immunized against mumps",
                "Having recurring urinary tract infections",
                "Having surgery that involves the genitals or urinary tract",
                "Being born with an abnormality in the urinary tract"
        ],
        "Risk Factors": [
                "Not being immunized against mumps",
                "Having recurring urinary tract infections",
                "Having surgery that involves the genitals or urinary tract",
                "Being born with an abnormality in the urinary tract"
        ],
        "Complications": [
                "Testicular atrophy.Orchitis can eventually cause the affected testicle to shrink.",
                "Scrotal abscess.The infected tissue fills with pus.",
                "Infertility.Occasionally, orchitis can cause infertility or inadequate testosterone production (hypogonadism). But these are less likely if orchitis affects only one testicle."
        ],
        "Prevention": [
                "Get immunized against mumps, the most common cause of viral orchitis",
                "Practice safe sex, to help protect againstSTIsthat can cause bacterial orchitis"
        ]
},{
        "link": "https://www.mayoclinic.org/diseases-conditions/orthostatic-hypotension/symptoms-causes/syc-20352548",
        "name": "Orthostatic hypotension (postural hypotension)",
        "Symptoms": [
                "Lightheadedness or dizziness upon standing",
                "Blurry vision",
                "Weakness",
                "Fainting (syncope)",
                "Confusion"
        ],
        "Causes": [
                "Dehydration.Fever, vomiting, not drinking enough fluids, severe diarrhea and strenuous exercise with a lot of sweating can all lead to dehydration. Dehydration decreases blood volume. Mild dehydration can cause symptoms of orthostatic hypotension, such as weakness, dizziness and fatigue.",
                "Heart problems.Some heart conditions that can lead to low blood pressure include extremely low heart rate (bradycardia), heart valve problems, heart attack and heart failure. These conditions prevent the body from quickly pumping more blood when standing up.",
                "Endocrine problems.Thyroid conditions, adrenal insufficiency (Addison's disease) and low blood sugar (hypoglycemia) can cause orthostatic hypotension. So can diabetes, which can damage the nerves that help send signals that control blood pressure.",
                "Nervous system disorders.Some nervous system disorders, such as Parkinson's disease, multiple system atrophy, Lewy body dementia, pure autonomic failure and amyloidosis, can disrupt the body's ability to control blood pressure.",
                "Eating meals.Some people have low blood pressure after eating meals (postprandial hypotension). This condition is more common in older adults."
        ],
        "Risk Factors": [
                "Age.Orthostatic hypotension is common in those who are age 65 and older. Special cells (baroreceptors) near the heart and neck arteries that control blood pressure can slow as you age. It also can be harder for an aging heart to speed up to make up for drops in blood pressure.",
                "Medications.These include medications used to treat high blood pressure or heart disease, such as diuretics, alpha blockers, beta blockers, calcium channel blockers, angiotensin-converting enzyme (ACE) inhibitors and nitrates.Other medications that can increase the risk of orthostatic hypotension include medications used to treat Parkinson's disease, certain antidepressants, certain antipsychotics, muscle relaxants, medications to treat erectile dysfunction and narcotics.",
                "Certain diseases.Diseases that can increase the risk of low blood pressure include some heart conditions, such as heart valve problems, heart attack and heart failure. They also include certain nervous system disorders, such as Parkinson's disease. And they include diseases that cause nerve damage (neuropathy), such as diabetes.",
                "Heat exposure.Being in a hot environment can cause heavy sweating and possibly dehydration, which can lower blood pressure and trigger orthostatic hypotension.",
                "Bed rest.Staying in bed for a long time because of an illness or injury can cause weakness. This can lead to orthostatic hypotension.",
                "Alcohol.Drinking alcohol can increase the risk of orthostatic hypotension."
        ],
        "Complications": [
                "Falls.Falling as a result of fainting is a common complication in people with orthostatic hypotension.",
                "Stroke.The swings in blood pressure from standing and sitting as a result of orthostatic hypotension can be a risk factor for stroke due to the reduced blood supply to the brain.",
                "Cardiovascular diseases.Orthostatic hypotension can be a risk factor for cardiovascular diseases and complications, such as chest pain, heart failure or heart rhythm problems."
        ],
        "Prevention": [
                "Get immunized against mumps, the most common cause of viral orchitis",
                "Practice safe sex, to help protect againstSTIsthat can cause bacterial orchitis"
        ]
},{
        "link": "https://www.mayoclinic.org/diseases-conditions/osteoarthritis/symptoms-causes/syc-20351925",
        "name": "Osteoarthritis",
        "Symptoms": [
                "Pain.Affected joints might hurt during or after movement.",
                "Stiffness.Joint stiffness might be most noticeable upon awakening or after being inactive.",
                "Tenderness.Your joint might feel tender when you apply light pressure to or near it.",
                "Loss of flexibility.You might not be able to move your joint through its full range of motion.",
                "Grating sensation.You might feel a grating sensation when you use the joint, and you might hear popping or crackling.",
                "Bone spurs.These extra bits of bone, which feel like hard lumps, can form around the affected joint.",
                "Swelling.This might be caused by soft tissue inflammation around the joint."
        ],
        "Causes": [
                "Older age.The risk of osteoarthritis increases with age.",
                "Sex.Women are more likely to develop osteoarthritis, though it isn't clear why.",
                "Obesity.Carrying extra body weight contributes to osteoarthritis in several ways, and the more you weigh, the greater your risk. Increased weight adds stress to weight-bearing joints, such as your hips and knees. Also, fat tissue produces proteins that can cause harmful inflammation in and around your joints.",
                "Joint injuries.Injuries, such as those that occur when playing sports or from an accident, can increase the risk of osteoarthritis. Even injuries that occurred many years ago and seemingly healed can increase your risk of osteoarthritis.",
                "Repeated stress on the joint.If your job or a sport you play places repetitive stress on a joint, that joint might eventually develop osteoarthritis.",
                "Genetics.Some people inherit a tendency to develop osteoarthritis.",
                "Bone deformities.Some people are born with malformed joints or defective cartilage.",
                "Certain metabolic diseases.These include diabetes and a condition in which your body has too much iron (hemochromatosis)."
        ],
        "Risk Factors": [
                "Older age.The risk of osteoarthritis increases with age.",
                "Sex.Women are more likely to develop osteoarthritis, though it isn't clear why.",
                "Obesity.Carrying extra body weight contributes to osteoarthritis in several ways, and the more you weigh, the greater your risk. Increased weight adds stress to weight-bearing joints, such as your hips and knees. Also, fat tissue produces proteins that can cause harmful inflammation in and around your joints.",
                "Joint injuries.Injuries, such as those that occur when playing sports or from an accident, can increase the risk of osteoarthritis. Even injuries that occurred many years ago and seemingly healed can increase your risk of osteoarthritis.",
                "Repeated stress on the joint.If your job or a sport you play places repetitive stress on a joint, that joint might eventually develop osteoarthritis.",
                "Genetics.Some people inherit a tendency to develop osteoarthritis.",
                "Bone deformities.Some people are born with malformed joints or defective cartilage.",
                "Certain metabolic diseases.These include diabetes and a condition in which your body has too much iron (hemochromatosis)."
        ],
        "Complications": [
                "Mayo Clinic expert offers tips on how to keep joints healthy as you age",
                "Mayo Clinic Q and A: Spinal arthritis",
                "Mayo Clinic Q and A: Managing osteoarthritis for hips and knees"
        ],
        "Prevention": [
                "Get immunized against mumps, the most common cause of viral orchitis",
                "Practice safe sex, to help protect againstSTIsthat can cause bacterial orchitis"
        ]
},{
        "link": "https://www.mayoclinic.org/diseases-conditions/osteochondritis-dissecans/symptoms-causes/syc-20375887",
        "name": "Osteochondritis dissecans",
        "Symptoms": [
                "Pain.This most common symptom of osteochondritis dissecans might be triggered by physical activity — walking up stairs, climbing a hill or playing sports.",
                "Swelling and tenderness.The skin around your joint might be swollen and tender.",
                "Joint popping or locking.Your joint might pop or stick in one position if a loose fragment gets caught between bones during movement.",
                "Joint weakness.You might feel as though your joint is \"giving way\" or weakening.",
                "Decreased range of motion.You might be unable to straighten the affected limb completely."
        ],
        "Causes": [
                "CT scan",
                "MRI",
                "X-ray"
        ],
        "Risk Factors": [
                "CT scan",
                "MRI",
                "X-ray"
        ],
        "Complications": [
                "CT scan",
                "MRI",
                "X-ray"
        ],
        "Prevention": [
                "CT scan",
                "MRI",
                "X-ray"
        ]
},{
        "link": "https://www.mayoclinic.org/diseases-conditions/osteomyelitis/symptoms-causes/syc-20375913",
        "name": "Osteomyelitis",
        "Symptoms": [
                "Fever",
                "Swelling, warmth and redness over the area of the infection",
                "Pain in the area of the infection",
                "Fatigue"
        ],
        "Causes": [
                "The bloodstream.Germs in other parts of your body — for example, in the lungs from pneumonia or in the bladder from a urinary tract infection — can travel through your bloodstream to a weakened spot in a bone.",
                "Injuries.Severe puncture wounds can carry germs deep inside your body. If such an injury becomes infected, the germs can spread into a nearby bone. Germs can also enter the body if you have broken a bone so severely that part of it is sticking out through your skin.",
                "Surgery.Direct contamination with germs can occur during surgeries to replace joints or repair fractures."
        ],
        "Risk Factors": [
                "Poorly controlled diabetes",
                "Peripheral artery disease, often related to smoking",
                "Sickle cell disease"
        ],
        "Complications": [
                "Bone death (osteonecrosis).An infection in your bone can impede blood circulation within the bone, leading to bone death. Areas where bone has died need to be surgically removed for antibiotics to be effective.",
                "Septic arthritis.Sometimes, infection within bones can spread into a nearby joint.",
                "Impaired growth.Normal growth in bones or joints in children may be affected if osteomyelitis occurs in the softer areas, called growth plates, at either end of the long bones of the arms and legs.",
                "Skin cancer.If your osteomyelitis has resulted in an open sore that is draining pus, the surrounding skin is at higher risk of developing squamous cell cancer."
        ],
        "Prevention": [
                "CT scan",
                "MRI",
                "X-ray"
        ]
},{
        "link": "https://www.mayoclinic.org/diseases-conditions/osteoporosis/symptoms-causes/syc-20351968",
        "name": "Osteoporosis",
        "Symptoms": [
                "Back pain, caused by a broken or collapsed bone in the spine.",
                "Loss of height over time.",
                "A stooped posture.",
                "A bone that breaks much more easily than expected."
        ],
        "Causes": [
                "Your sex.Women are much more likely to develop osteoporosis than are men.",
                "Age.The older you get, the greater your risk of osteoporosis.",
                "Race.You're at greatest risk of osteoporosis if you're white or of Asian descent.",
                "Family history.Having a parent or sibling with osteoporosis puts you at greater risk, especially if your mother or father fractured a hip.",
                "Body frame size.Men and women who have small body frames tend to have a higher risk because they might have less bone mass to draw from as they age."
        ],
        "Risk Factors": [
                "Your sex.Women are much more likely to develop osteoporosis than are men.",
                "Age.The older you get, the greater your risk of osteoporosis.",
                "Race.You're at greatest risk of osteoporosis if you're white or of Asian descent.",
                "Family history.Having a parent or sibling with osteoporosis puts you at greater risk, especially if your mother or father fractured a hip.",
                "Body frame size.Men and women who have small body frames tend to have a higher risk because they might have less bone mass to draw from as they age."
        ],
        "Complications": [
                "Low-fat dairy products.",
                "Dark green leafy vegetables.",
                "Canned salmon or sardines with bones.",
                "Soy products, such as tofu.",
                "Calcium-fortified cereals and orange juice."
        ],
        "Prevention": [
                "Low-fat dairy products.",
                "Dark green leafy vegetables.",
                "Canned salmon or sardines with bones.",
                "Soy products, such as tofu.",
                "Calcium-fortified cereals and orange juice."
        ]
},{
        "link": "https://www.mayoclinic.org/diseases-conditions/osteosarcoma/symptoms-causes/syc-20351052",
        "name": "Osteosarcoma",
        "Symptoms": [
                "Bone or joint pain. Pain might come and go at first. It can be mistaken for growing pains.",
                "Pain related to a bone that breaks for no clear reason.",
                "Swelling near a bone."
        ],
        "Causes": [
                "Certain conditions that run in families. These include hereditary retinoblastoma, Bloom syndrome, Li-Fraumeni syndrome, Rothmund-Thomson syndrome and Werner syndrome.",
                "Other bone conditions. These include Paget's disease of bone and fibrous dysplasia.",
                "Prior treatment with radiation therapy or chemotherapy."
        ],
        "Risk Factors": [
                "Certain conditions that run in families. These include hereditary retinoblastoma, Bloom syndrome, Li-Fraumeni syndrome, Rothmund-Thomson syndrome and Werner syndrome.",
                "Other bone conditions. These include Paget's disease of bone and fibrous dysplasia.",
                "Prior treatment with radiation therapy or chemotherapy."
        ],
        "Complications": [
                "Chemotherapy"
        ],
        "Prevention": [
                "Low-fat dairy products.",
                "Dark green leafy vegetables.",
                "Canned salmon or sardines with bones.",
                "Soy products, such as tofu.",
                "Calcium-fortified cereals and orange juice."
        ]
},{
        "link": "https://www.mayoclinic.org/diseases-conditions/ovarian-cancer/symptoms-causes/syc-20375941",
        "name": "Ovarian cancer",
        "Symptoms": [
                "Abdominal bloating or swelling",
                "Quickly feeling full when eating",
                "Weight loss",
                "Discomfort in the pelvic area",
                "Fatigue",
                "Back pain",
                "Changes in bowel habits, such as constipation",
                "A frequent need to urinate"
        ],
        "Causes": [
                "Epithelial ovarian cancer.This type is the most common. It includes several subtypes, including serous carcinoma and mucinous carcinoma.",
                "Stromal tumors.These rare tumors are usually diagnosed at an earlier stage than other ovarian cancers.",
                "Germ cell tumors.These rare ovarian cancers tend to occur at a younger age."
        ],
        "Risk Factors": [
                "Older age.The risk of ovarian cancer increases as you age. It's most often diagnosed in older adults.",
                "Inherited gene changes.A small percentage of ovarian cancers are caused by genes changes you inherit from your parents. The genes that increase the risk of ovarian cancer includeBRCA1andBRCA2. These genes also increase the risk of breast cancer.Several other gene changes are known to increase the risk of ovarian cancer, including gene changes associated with Lynch syndrome and the genesBRIP1,RAD51CandRAD51D.",
                "Family history of ovarian cancer.If you have blood relatives who have been diagnosed with ovarian cancer, you may have an increased risk of the disease.",
                "Being overweight or obese.Being overweight or obese increases the risk of ovarian cancer.",
                "Postmenopausal hormone replacement therapy.Taking hormone replacement therapy to control menopause signs and symptoms may increase the risk of ovarian cancer.",
                "Endometriosis.Endometriosis is an often painful disorder in which tissue similar to the tissue that lines the inside of your uterus grows outside your uterus.",
                "Age when menstruation started and ended.Beginning menstruation at an early age or starting menopause at a later age, or both, may increase the risk of ovarian cancer.",
                "Never having been pregnant.If you've never been pregnant, you may have an increased risk of ovarian cancer."
        ],
        "Complications": [
                "Chemotherapy"
        ],
        "Prevention": [
                "Consider taking birth control pills.Ask your doctor whether birth control pills (oral contraceptives) may be right for you. Taking birth control pills reduces the risk of ovarian cancer. But these medications do have risks, so discuss whether the benefits outweigh those risks based on your situation.",
                "Discuss your risk factors with your doctor.If you have a family history of breast and ovarian cancers, bring this up with your doctor. Your doctor can determine what this may mean for your own risk of cancer. You may be referred to a genetic counselor who can help you decide whether genetic testing may be right for you. If you're found to have a gene change that increases your risk of ovarian cancer, you may consider surgery to remove your ovaries to prevent cancer."
        ]
},{
        "link": "https://www.mayoclinic.org/diseases-conditions/ovarian-cysts/symptoms-causes/syc-20353405",
        "name": "Ovarian cysts",
        "Symptoms": [
                "Pelvic pain that may come and go. You may feel a dull ache or a sharp pain in the area below your bellybutton toward one side.",
                "Fullness, pressure or heaviness in your belly (abdomen).",
                "Bloating."
        ],
        "Causes": [
                "Follicular cyst.About halfway through your menstrual cycle, an egg bursts out of its follicle. The egg then travels down a fallopian tube. A follicular cyst begins when the follicle doesn't rupture. It doesn't release its egg and continues to grow.",
                "Corpus luteum cyst.After a follicle releases its egg, it shrinks and begins producing estrogen and progesterone. These hormones are needed for conception. The follicle is now called the corpus luteum. Sometimes, the opening where the egg came from gets blocked. Fluid builds up inside the corpus luteum, causing a cyst."
        ],
        "Risk Factors": [
                "Hormonal problems.These include taking a fertility drug that causes you to ovulate, for example clomiphene or letrozole (Femara).",
                "Pregnancy.Sometimes, the follicle that forms when you ovulate stays on your ovary throughout pregnancy. It can sometimes grow larger.",
                "Endometriosis.Some of the tissue can attach to your ovary and form a cyst.",
                "Severe pelvic infection.If the infection spreads to the ovaries, it can cause cysts.",
                "Previous ovarian cysts.If you've had one ovarian cyst, you're likely to develop more."
        ],
        "Complications": [
                "Ovarian torsion.Cysts that become large can cause the ovary to move. This increases the chance of painful twisting of the ovary (ovarian torsion). If this happens, you might have sudden, severe pelvic pain and nausea and vomiting. Ovarian torsion can also reduce or stop blood flow to the ovary.",
                "Cyst rupture.A cyst that bursts open (ruptures) can cause severe pain and bleeding inside the pelvis. The larger the cyst, the greater the risk of rupture. Vigorous activity that affects the pelvis, such as vaginal sex, also increases the risk of rupture."
        ],
        "Prevention": [
                "Corpus luteum cyst",
                "Follicular cyst",
                "Ovarian cysts and infertility: A connection?"
        ]
},{
        "link": "https://www.mayoclinic.org/diseases-conditions/ovarian-hyperstimulation-syndrome-ohss/symptoms-causes/syc-20354697",
        "name": "Ovarian hyperstimulation syndrome",
        "Symptoms": [
                "Mild to moderate abdominal pain",
                "Abdominal bloating or increased waist size",
                "Nausea",
                "Vomiting",
                "Diarrhea",
                "Tenderness in the area of your ovaries"
        ],
        "Causes": [
                "Polycystic ovary syndrome — a common reproductive disorder that causes irregular menstrual periods, excess hair growth and unusual appearance of the ovaries on ultrasound examination",
                "Large number of follicles",
                "Age under 35",
                "Low body weight",
                "High or steeply increasing level of estradiol (estrogen) before anHCGtrigger shot",
                "Previous episodes ofOHSS"
        ],
        "Risk Factors": [
                "Polycystic ovary syndrome — a common reproductive disorder that causes irregular menstrual periods, excess hair growth and unusual appearance of the ovaries on ultrasound examination",
                "Large number of follicles",
                "Age under 35",
                "Low body weight",
                "High or steeply increasing level of estradiol (estrogen) before anHCGtrigger shot",
                "Previous episodes ofOHSS"
        ],
        "Complications": [
                "Fluid collection in the abdomen and sometimes the chest",
                "Electrolyte disturbances (sodium, potassium, others)",
                "Blood clots in large vessels, usually in the legs",
                "Kidney failure",
                "Twisting of an ovary (ovarian torsion)",
                "Rupture of a cyst in an ovary, which can lead to serious bleeding",
                "Breathing problems",
                "Pregnancy loss from miscarriage or termination because of complications",
                "Rarely, death"
        ],
        "Prevention": [
                "Adjusting medication.Your provider uses the lowest possible dose of gonadotropins to stimulate your ovaries and trigger ovulation.",
                "Adding medication.Some medications seem to reduce the risk ofOHSSwithout affecting the odds of pregnancy. These include low-dose aspirin; dopamine agonists such as carbergoline or quinogloide; and calcium infusions. Giving women who have polycystic ovary syndrome the drug metformin (Glumetza) during ovarian stimulation may help prevent hyperstimulation.",
                "Coasting.If your estrogen level is high or you have a large number of developed follicles, your provider may have you stop injectable medications and wait a few days before givingHCG, which triggers ovulation. This is known as coasting.",
                "Avoiding use of anHCGtrigger shot.BecauseOHSSoften develops after anHCGtrigger shot is given, alternatives toHCGfor triggering have been developed using gonadotropin-releasing hormone (Gn-RH) agonists, such as leuprolide (Lupron), as a way to prevent or limitOHSS.",
                "Freezing embryos.If you're undergoing in vitro fertilization (IVF), all the follicles (mature and immature) may be removed from your ovaries to reduce the chance ofOHSS. Mature follicles are fertilized and frozen, and your ovaries are allowed to rest. You can resume theIVFprocess at a later date, when your body is ready."
        ]
},{
        "link": "https://www.mayoclinic.org/diseases-conditions/overactive-bladder/symptoms-causes/syc-20355715",
        "name": "Overactive bladder",
        "Symptoms": [
                "Feel a sudden urge to urinate that's difficult to control",
                "Experience unintentional loss of urine immediately after an urgent need to urinate (urgency incontinence)",
                "Urinate frequently, usually eight or more times in 24 hours",
                "Wake up more than two times in the night to urinate (nocturia)"
        ],
        "Causes": [
                "Neurological disorders, such as stroke and multiple sclerosis",
                "Diabetes",
                "Urinary tract infections that can cause symptoms similar to those of an overactive bladder",
                "Hormonal changes during menopause in women",
                "Conditions affecting the bladder, such as tumors or bladder stones",
                "Factors that get in the way of urine leaving the bladder, such as enlarged prostate, constipation or previous surgery to treat incontinence"
        ],
        "Risk Factors": [
                "Emotional distress or depression",
                "Anxiety",
                "Sleep disturbances and interrupted sleep cycles",
                "Issues with sexuality"
        ],
        "Complications": [
                "Emotional distress or depression",
                "Anxiety",
                "Sleep disturbances and interrupted sleep cycles",
                "Issues with sexuality"
        ],
        "Prevention": [
                "Maintain a healthy weight.",
                "Get regular, daily physical activity and exercise.",
                "Limit caffeine and alcohol.",
                "Quit smoking.",
                "Manage chronic conditions, such as diabetes, that might contribute to overactive bladder symptoms.",
                "Do exercises to make the pelvic floor muscles stronger. These exercises are called Kegel exercises."
        ]
}]