[{
        "link": "https://www.mayoclinic.org/diseases-conditions/vaginal-agenesis/symptoms-causes/syc-20355737",
        "name": "Server Error",
        "Symptoms": "",
        "Causes": "",
        "Risk Factors": "",
        "Complications": "",
        "Prevention": ""
},{
        "link": "https://www.mayoclinic.org/diseases-conditions/vaginal-atrophy/symptoms-causes/syc-20352288",
        "name": "Vaginal atrophy",
        "Symptoms": [
                "Vaginal dryness",
                "Vaginal burning",
                "Vaginal discharge",
                "Genital itching",
                "Burning with urination",
                "Urgency with urination",
                "Frequent urination",
                "Recurrent urinary tract infections",
                "Urinary incontinence",
                "Light bleeding after intercourse",
                "Discomfort with intercourse",
                "Decreased vaginal lubrication during sexual activity",
                "Shortening and tightening of the vaginal canal"
        ],
        "Causes": [
                "After menopause",
                "During the years leading up to menopause (perimenopause)",
                "After surgical removal of both ovaries (surgical menopause)",
                "During breast-feeding",
                "While taking medications that can affect estrogen levels, such as some birth control pills",
                "After pelvic radiation therapy for cancer",
                "After chemotherapy for cancer",
                "As a side effect of breast cancer hormonal treatment"
        ],
        "Risk Factors": [
                "Smoking.Cigarette smoking affects your blood circulation, and may lessen the flow of blood and oxygen to the vagina and other nearby areas. Smoking also reduces the effects of naturally occurring estrogens in your body.",
                "No vaginal births.Researchers have observed that women who have never given birth vaginally are more likely to developGSMsymptoms than women who have had vaginal deliveries.",
                "No sexual activity.Sexual activity, with or without a partner, increases blood flow and makes your vaginal tissues more elastic."
        ],
        "Complications": [
                "Vaginal infections.Changes in the acid balance of your vagina make vaginal infections more likely.",
                "Urinary problems.Urinary changes associated withGSMcan contribute to urinary problems. You might experience increased frequency or urgency of urination or burning with urination. Some women experience more urinary tract infections or urine leakage (incontinence)."
        ],
        "Prevention": [
                "Vaginal dryness"
        ]
},{
        "link": "https://www.mayoclinic.org/diseases-conditions/vaginal-cancer/symptoms-causes/syc-20352447",
        "name": "Vaginal cancer",
        "Symptoms": [
                "Vaginal bleeding that isn't typical, such as after menopause or after sex.",
                "Vaginal discharge.",
                "A lump or mass in the vagina.",
                "Painful urination.",
                "Frequent urination.",
                "Constipation.",
                "Pelvic pain."
        ],
        "Causes": [
                "Vaginal squamous cell carcinoma, which begins in thin, flat cells called squamous cells. The squamous cells line the surface of the vagina. This is the most common type.",
                "Vaginal adenocarcinoma, which begins in the glandular cells on the surface of the vagina. This is a rare type of vaginal cancer. It's linked to a medicine called diethylstilbestrol that was once used to prevent miscarriage.",
                "Vaginal melanoma, which begins in the pigment-producing cells, called melanocytes. This type is very rare.",
                "Vaginal sarcoma, which begins in the connective tissue cells or muscles cells in the walls of the vagina. This type is very rare."
        ],
        "Risk Factors": [
                "Layers of vaginal tissue",
                "Vaginal cancer"
        ],
        "Complications": [
                "Layers of vaginal tissue",
                "Vaginal cancer"
        ],
        "Prevention": [
                "Layers of vaginal tissue",
                "Vaginal cancer"
        ]
},{
        "link": "https://www.mayoclinic.org/diseases-conditions/vaginal-fistulas/symptoms-causes/syc-20355762",
        "name": "Vaginal fistula",
        "Symptoms": [
                "Leaking of urine or stool, or passing of gas, through the vagina.",
                "Urinary tract infections that happen often.",
                "Urine that has an unusual odor or contains blood.",
                "Vaginal fluid called discharge that looks or smells unusual.",
                "Pain during sex.",
                "Pain, swelling or irritation in the area between the vagina and the anus, called the perineum.",
                "Repeated infections of the vagina."
        ],
        "Causes": [
                "Surgery complications.Surgeries that involve the vaginal wall, anus or rectum can lead to vaginal fistulas. So can surgery on the area between the vagina and anus, called the perineum. Fistulas can form for reasons such as injuries during surgery and infections after surgery. Skilled surgeons can repair injuries while operating, which lowers the risk of fistula. But complications such as fistulas are more common after surgery in people with diabetes or in people who use tobacco.Surgery to remove the uterus, called a hysterectomy, is an example of an operation that can raise the risk of a vaginal fistula. The risk is higher if the hysterectomy is more complex. For example, the risk rises if the surgery takes longer than five hours, or if it involves larger blood loss or the removal of more surrounding tissue.",
                "Childbirth injuries.A vaginal fistula could stem from tearing that sometimes happens when a baby's head comes through the opening of the vagina. Or a fistula might form due to an infection of a surgical cut made between the vagina and the anus to help deliver a baby. This cause is not common in developed countries.Being in labor a long time because the baby can't move into the birth canal can raise the risk of a vaginal fistula, mainly in developing countries. That's partly because access to emergency delivery measures such as C-section may be limited.",
                "Crohn's disease.This condition inflames tissue that lines the digestive tract. If you follow your Crohn's treatment plan, you're not likely to get a vaginal fistula. Crohn's is a type of inflammatory bowel disease (IBD). Another type ofIBDcalled ulcerative colitis also may lead to vaginal fistulas, but the risk of that happening is even lower.",
                "Certain cancers and radiation therapy.Cancer of the anus, rectum, vagina or cervix can lead to a vaginal fistula. So can damage from radiation therapy for the treatment of cancer in the pelvic area.",
                "Diverticulitis.This condition involves small, bulging pouches in the digestive tract. Diverticulitis that leads to a vaginal fistula is more common in older people.",
                "A large amount of stool stuck in the rectum.This condition is known as a fecal impaction. It also is more likely to cause a vaginal fistula in an older person."
        ],
        "Risk Factors": [
                "Fistulas that keep coming back.",
                "Ongoing pelvic infections.",
                "Narrowing of the vagina, anus or rectum. This also is called stenosis.",
                "Trouble becoming pregnant.",
                "Loss of a pregnancy after 20 weeks, also called stillbirth."
        ],
        "Complications": [
                "Fistulas that keep coming back.",
                "Ongoing pelvic infections.",
                "Narrowing of the vagina, anus or rectum. This also is called stenosis.",
                "Trouble becoming pregnant.",
                "Loss of a pregnancy after 20 weeks, also called stillbirth."
        ],
        "Prevention": [
                "Computerized tomography (CT) urogram"
        ]
},{
        "link": "https://www.mayoclinic.org/diseases-conditions/vaginitis/symptoms-causes/syc-20354707",
        "name": "Vaginitis",
        "Symptoms": [
                "Change in color, odor or amount of discharge from your vagina",
                "Vaginal itching or irritation",
                "Pain during sex",
                "Painful urination",
                "Light vaginal bleeding or spotting"
        ],
        "Causes": [
                "Bacterial vaginosis.This most common type of vaginitis results from a change of the bacteria found in your vagina, upsetting the balance. What causes the imbalance is unknown. It's possible to have bacterial vaginosis without symptoms.This type of vaginitis seems to be linked to but not caused by sex — especially if you have multiple sex partners or a new sex partner — but it also occurs in women who aren't sexually active.",
                "Yeast infections.These occur when there's an overgrowth of a fungal organism — usually Candida albicans — in your vagina. C. albicans also causes infections in other moist areas of your body, such as in your mouth (thrush), skin folds and nail beds. The fungus can also cause diaper rash.",
                "Trichomoniasis.This common sexually transmitted infection is caused by a microscopic, one-celled parasite called Trichomonas vaginalis. This organism spreads during sex with someone who has the infection.In men, the organism usually infects the urinary tract, but often it causes no symptoms. In women, trichomoniasis typically infects the vagina, and might cause symptoms. It also increases women's risk of getting other sexually transmitted infections.",
                "Noninfectious vaginitis.Vaginal sprays, douches, perfumed soaps, scented detergents and spermicidal products can cause an allergic reaction or irritate vulvar and vaginal tissues. Foreign objects, such as toilet paper or forgotten tampons, in the vagina also can irritate vaginal tissues.",
                "Genitourinary syndrome of menopause (vaginal atrophy).Reduced estrogen levels after menopause or surgical removal of your ovaries can cause the vaginal lining to thin, sometimes resulting in vaginal irritation, burning and dryness."
        ],
        "Risk Factors": [
                "Hormonal changes, such as those associated with pregnancy, birth control pills or menopause",
                "Sexual activity",
                "Having a sexually transmitted infection",
                "Medications, such as antibiotics and steroids",
                "Use of spermicides for birth control",
                "Uncontrolled diabetes",
                "Use of hygiene products such as bubble bath, vaginal spray or vaginal deodorant",
                "Douching",
                "Wearing damp or tight-fitting clothing",
                "Using an intrauterine device (IUD) for birth control"
        ],
        "Complications": [
                "Avoid baths, hot tubsand whirlpool spas.",
                "Avoid irritants.These include scented tampons, pads, douches and scented soaps. Rinse soap from your outer genital area after a shower and dry the area well to prevent irritation. Don't use harsh soaps, such as those with deodorant or antibacterial action, or bubble bath.",
                "Wipe from front to back after using the toilet.Doing so avoids spreading fecal bacteria to your vagina."
        ],
        "Prevention": [
                "Avoid baths, hot tubsand whirlpool spas.",
                "Avoid irritants.These include scented tampons, pads, douches and scented soaps. Rinse soap from your outer genital area after a shower and dry the area well to prevent irritation. Don't use harsh soaps, such as those with deodorant or antibacterial action, or bubble bath.",
                "Wipe from front to back after using the toilet.Doing so avoids spreading fecal bacteria to your vagina."
        ]
},{
        "link": "https://www.mayoclinic.org/diseases-conditions/valley-fever/symptoms-causes/syc-20378761",
        "name": "Valley fever",
        "Symptoms": [
                "Fever",
                "Cough",
                "Tiredness",
                "Shortness of breath",
                "Headache",
                "Chills",
                "Night sweats",
                "Joint aches and muscle soreness",
                "Red, spotty rash, mainly on lower legs but sometimes on the chest, arms and back"
        ],
        "Causes": [
                "Environmental exposure.Anyone who inhales the spores that cause valley fever is at risk of infection. People who live in areas where the fungi are common — especially those who spend a lot of time outdoors — have a greater risk.Also, people who have jobs that expose them to dust are most at risk — construction, road and agricultural workers, ranchers, archaeologists, and military personnel on field exercises.",
                "Race.For reasons that aren't well understood, people of Filipino and African heritage are more susceptible to developing serious fungal infections.",
                "Pregnancy.Pregnant women are vulnerable to more-serious infections when they get the infection during the third trimester. New mothers are vulnerable right after their babies are born.",
                "Weakened immune system.Anyone with a weakened immune system is at increased risk of serious complications. This includes people living with acquired immunodeficiency syndrome (AIDS) or those being treated with steroids, chemotherapy and anti-rejection drugs after transplant surgery. People with certain autoimmune diseases, such as rheumatoid arthritis or Crohn's disease, who are being treated with anti-tumor necrosis factor (TNF) drugs also have an increased risk of infection.",
                "Diabetes.People with diabetes may have a higher risk of severe lung infections.",
                "Age.Older adults are more likely to develop valley fever. This may be because their immune systems are less robust or because they have other medical conditions that affect their overall health."
        ],
        "Risk Factors": [
                "Environmental exposure.Anyone who inhales the spores that cause valley fever is at risk of infection. People who live in areas where the fungi are common — especially those who spend a lot of time outdoors — have a greater risk.Also, people who have jobs that expose them to dust are most at risk — construction, road and agricultural workers, ranchers, archaeologists, and military personnel on field exercises.",
                "Race.For reasons that aren't well understood, people of Filipino and African heritage are more susceptible to developing serious fungal infections.",
                "Pregnancy.Pregnant women are vulnerable to more-serious infections when they get the infection during the third trimester. New mothers are vulnerable right after their babies are born.",
                "Weakened immune system.Anyone with a weakened immune system is at increased risk of serious complications. This includes people living with acquired immunodeficiency syndrome (AIDS) or those being treated with steroids, chemotherapy and anti-rejection drugs after transplant surgery. People with certain autoimmune diseases, such as rheumatoid arthritis or Crohn's disease, who are being treated with anti-tumor necrosis factor (TNF) drugs also have an increased risk of infection.",
                "Diabetes.People with diabetes may have a higher risk of severe lung infections.",
                "Age.Older adults are more likely to develop valley fever. This may be because their immune systems are less robust or because they have other medical conditions that affect their overall health."
        ],
        "Complications": [
                "Severe pneumonia.Most people recover from coccidioidomycosis-related pneumonia without complications. Others, such as people of Filipino and African heritage, and those with weakened immune systems, may become seriously ill.",
                "Ruptured lung nodules.A small percentage of people develop thin-walled nodules (cavities) in their lungs. Many of these eventually disappear without causing any problems, but some may rupture, causing chest pain and difficulty breathing. A ruptured lung nodule might require the placement of a tube into the space around the lungs to remove the air or surgery to repair the damage.",
                "Disseminated disease.This is the most serious complication of coccidioidomycosis but it's uncommon. If the fungus spreads (disseminates) throughout the body, it can cause problems including skin ulcers, abscesses, bone lesions, severe joint pain, heart inflammation, urinary tract problems and meningitis — a potentially fatal infection of the membranes and fluid covering the brain and spinal cord."
        ],
        "Prevention": [
                "Wear a mask.",
                "Avoid very dusty areas, such as construction sites.",
                "Stay inside during dust storms.",
                "Wet the soil before digging in it, or avoiding soil if you're at higher risk of infection.",
                "Keep doors and windows tightly closed.",
                "Clean skin injuries with soap and water."
        ]
},{
        "link": "https://www.mayoclinic.org/diseases-conditions/varicocele/symptoms-causes/syc-20378771",
        "name": "Varicocele",
        "Symptoms": [
                "Pain.A dull, aching pain or discomfort is more likely when standing or late in the day. Lying down often relieves pain.",
                "A mass in the scrotum.If a varicocele is large enough, a mass like a \"bag of worms\" may be visible above the testicle. A smaller varicocele may be too small to see but noticeable by touch.",
                "Differently sized testicles.The affected testicle may be noticeably smaller than the other testicle.",
                "Infertility.A varicocele may lead to difficulty fathering a child, but not all varicoceles cause infertility."
        ],
        "Causes": [
                "Poor testicular health.For boys going through puberty, a varicocele may inhibit testicle growth, hormone production, and other factors related to the health and function of the testicle. For men, a varicocele may result in gradual shrinkage due to tissue loss.",
                "Infertility.A varicocele doesn't necessarily cause infertility. An estimated 10% to 20% of men diagnosed with a varicocele experience difficulty fathering a child. Among men with fertility problems, about 40% have a varicocele."
        ],
        "Risk Factors": [
                "Poor testicular health.For boys going through puberty, a varicocele may inhibit testicle growth, hormone production, and other factors related to the health and function of the testicle. For men, a varicocele may result in gradual shrinkage due to tissue loss.",
                "Infertility.A varicocele doesn't necessarily cause infertility. An estimated 10% to 20% of men diagnosed with a varicocele experience difficulty fathering a child. Among men with fertility problems, about 40% have a varicocele."
        ],
        "Complications": [
                "Poor testicular health.For boys going through puberty, a varicocele may inhibit testicle growth, hormone production, and other factors related to the health and function of the testicle. For men, a varicocele may result in gradual shrinkage due to tissue loss.",
                "Infertility.A varicocele doesn't necessarily cause infertility. An estimated 10% to 20% of men diagnosed with a varicocele experience difficulty fathering a child. Among men with fertility problems, about 40% have a varicocele."
        ],
        "Prevention": [
                "Wear a mask.",
                "Avoid very dusty areas, such as construction sites.",
                "Stay inside during dust storms.",
                "Wet the soil before digging in it, or avoiding soil if you're at higher risk of infection.",
                "Keep doors and windows tightly closed.",
                "Clean skin injuries with soap and water."
        ]
},{
        "link": "https://www.mayoclinic.org/diseases-conditions/varicose-veins/symptoms-causes/syc-20350643",
        "name": "Varicose veins",
        "Symptoms": [
                "Veins that are dark purple, blue or the same color as the skin. Depending on skin color, these changes may be harder or easier to see.",
                "Veins that look twisted and bulging. They often look like cords on the legs."
        ],
        "Causes": [
                "Family history.If other family members have varicose veins, there's a greater chance you will too.",
                "Obesity.Being overweight puts added pressure on veins."
        ],
        "Risk Factors": [
                "Family history.If other family members have varicose veins, there's a greater chance you will too.",
                "Obesity.Being overweight puts added pressure on veins."
        ],
        "Complications": [
                "Ulcers.Painful ulcers can form on the skin near varicose veins, mostly near the ankles. A discolored spot on the skin often begins before an ulcer forms. See your healthcare professional right away if you think you have a leg ulcer.",
                "Blood clots.Sometimes, veins deep within the legs get larger. They might cause leg pain and swelling. Seek medical help for ongoing leg pain or swelling. This can mean a blood clot.",
                "Bleeding.Rarely, veins close to the skin burst. This mostly causes only minor bleeding. But it needs medical help.",
                "Leg swelling.Longtime varicose veins can cause the legs to swell."
        ],
        "Prevention": [
                "Don't wear high heels or tight stockings, other than compression stockings.",
                "Change how you sit or stand often.",
                "Eat a high-fiber, low-salt diet.",
                "Exercise.",
                "Raise your legs when sitting or lying down.",
                "Keep a healthy weight."
        ]
},{
        "link": "https://www.mayoclinic.org/diseases-conditions/vascular-dementia/symptoms-causes/syc-20378793",
        "name": "Vascular dementia",
        "Symptoms": [
                "Confusion",
                "Trouble paying attention and concentrating",
                "Reduced ability to organize thoughts or actions",
                "Decline in ability to analyze a situation, develop an effective plan and communicate that plan to others",
                "Slowed thinking",
                "Difficulty with organization",
                "Difficulty deciding what to do next",
                "Problems with memory",
                "Restlessness and agitation",
                "Unsteady gait",
                "Sudden or frequent urge to urinate or inability to control passing urine",
                "Depression or apathy"
        ],
        "Causes": [
                "Stroke (infarction) blocking a brain artery.Strokes that block a brain artery usually cause a range of symptoms that may include vascular dementia. But some strokes don't cause any noticeable symptoms. These silent strokes still increase dementia risk.With both silent and apparent strokes, the risk of vascular dementia increases with the number of strokes that occur over time. One type of vascular dementia involving many strokes is called multi-infarct dementia.",
                "Brain hemorrhage.Often caused by high blood pressure weakening a blood vessel leading to bleeding into the brain causing damage or from buildup of protein in small blood vessels occurring with aging weakening them over time (cerebral amyloid angiopathy)",
                "Narrowed or chronically damaged brain blood vessels.Conditions that narrow or inflict long-term damage on your brain blood vessels also can lead to vascular dementia. These conditions include the wear and tear associated with aging, high blood pressure, abnormal aging of blood vessels (atherosclerosis), diabetes"
        ],
        "Risk Factors": [
                "Increasing age.Your risk of vascular dementia rises as you grow older. The disorder is rare before age 65, and the risk rises substantially by your 90s.",
                "History of heart attacks, strokes or ministrokes.If you've had a heart attack, you may be at increased risk of having blood vessel problems in your brain. The brain damage that occurs with a stroke or a ministroke (transient ischemic attack) may increase your risk of developing dementia.",
                "Abnormal aging of blood vessels (atherosclerosis).This condition occurs when deposits of cholesterol and other substances (plaques) build up in your arteries and narrow your blood vessels. Atherosclerosis can increase your risk of vascular dementia by reducing the flow of blood that nourishes your brain.",
                "High cholesterol.Elevated levels of low-density lipoprotein (LDL), the \"bad\" cholesterol, are associated with an increased risk of vascular dementia.",
                "High blood pressure.When your blood pressure's too high, it puts extra stress on blood vessels everywhere in your body, including your brain. This increases the risk of vascular problems in the brain.",
                "Diabetes.High glucose levels damage blood vessels throughout your body. Damage in brain blood vessels can increase your risk of stroke and vascular dementia.",
                "Smoking.Smoking directly damages your blood vessels, increasing your risk of atherosclerosis and other circulatory diseases, including vascular dementia.",
                "Obesity.Being overweight is a well-known risk factor for vascular diseases in general, and therefore, presumably increases your risk of vascular dementia.",
                "Atrial fibrillation.In this abnormal heart rhythm, the upper chambers of your heart begin to beat rapidly and irregularly, out of coordination with your heart's lower chambers. Atrial fibrillation increases your risk of stroke because it causes blood clots to form in the heart that can break off and go to the brain blood vessels."
        ],
        "Complications": [
                "Ulcers.Painful ulcers can form on the skin near varicose veins, mostly near the ankles. A discolored spot on the skin often begins before an ulcer forms. See your healthcare professional right away if you think you have a leg ulcer.",
                "Blood clots.Sometimes, veins deep within the legs get larger. They might cause leg pain and swelling. Seek medical help for ongoing leg pain or swelling. This can mean a blood clot.",
                "Bleeding.Rarely, veins close to the skin burst. This mostly causes only minor bleeding. But it needs medical help.",
                "Leg swelling.Longtime varicose veins can cause the legs to swell."
        ],
        "Prevention": [
                "Maintain a healthy blood pressure.Keeping your blood pressure in the normal range may help prevent both vascular dementia and Alzheimer's disease.",
                "Prevent or control diabetes.Avoiding the onset of type 2 diabetes, with diet and exercise, is another possible way to decrease your risk of dementia. If you already have diabetes, controlling your glucose levels may help protect your brain blood vessels from damage.",
                "Quit smoking.Smoking tobacco damages blood vessels everywhere in your body.",
                "Get physical exercise.Regular physical activity should be a key part of everyone's wellness plan. In addition to all of its other benefits, exercise may help you avoid vascular dementia.",
                "Keep your cholesterol in check.A healthy, low-fat diet and cholesterol-lowering medications if you need them may reduce your risk of strokes and heart attacks that could lead to vascular dementia, probably by reducing the amount of plaque deposits building up inside your brain's arteries."
        ]
},{
        "link": "https://www.mayoclinic.org/diseases-conditions/vascular-rings/cdc-20389579",
        "name": "Congenital heart defects in children",
        "Symptoms": [
                "Confusion",
                "Trouble paying attention and concentrating",
                "Reduced ability to organize thoughts or actions",
                "Decline in ability to analyze a situation, develop an effective plan and communicate that plan to others",
                "Slowed thinking",
                "Difficulty with organization",
                "Difficulty deciding what to do next",
                "Problems with memory",
                "Restlessness and agitation",
                "Unsteady gait",
                "Sudden or frequent urge to urinate or inability to control passing urine",
                "Depression or apathy"
        ],
        "Causes": [
                "Stroke (infarction) blocking a brain artery.Strokes that block a brain artery usually cause a range of symptoms that may include vascular dementia. But some strokes don't cause any noticeable symptoms. These silent strokes still increase dementia risk.With both silent and apparent strokes, the risk of vascular dementia increases with the number of strokes that occur over time. One type of vascular dementia involving many strokes is called multi-infarct dementia.",
                "Brain hemorrhage.Often caused by high blood pressure weakening a blood vessel leading to bleeding into the brain causing damage or from buildup of protein in small blood vessels occurring with aging weakening them over time (cerebral amyloid angiopathy)",
                "Narrowed or chronically damaged brain blood vessels.Conditions that narrow or inflict long-term damage on your brain blood vessels also can lead to vascular dementia. These conditions include the wear and tear associated with aging, high blood pressure, abnormal aging of blood vessels (atherosclerosis), diabetes"
        ],
        "Risk Factors": [
                "Increasing age.Your risk of vascular dementia rises as you grow older. The disorder is rare before age 65, and the risk rises substantially by your 90s.",
                "History of heart attacks, strokes or ministrokes.If you've had a heart attack, you may be at increased risk of having blood vessel problems in your brain. The brain damage that occurs with a stroke or a ministroke (transient ischemic attack) may increase your risk of developing dementia.",
                "Abnormal aging of blood vessels (atherosclerosis).This condition occurs when deposits of cholesterol and other substances (plaques) build up in your arteries and narrow your blood vessels. Atherosclerosis can increase your risk of vascular dementia by reducing the flow of blood that nourishes your brain.",
                "High cholesterol.Elevated levels of low-density lipoprotein (LDL), the \"bad\" cholesterol, are associated with an increased risk of vascular dementia.",
                "High blood pressure.When your blood pressure's too high, it puts extra stress on blood vessels everywhere in your body, including your brain. This increases the risk of vascular problems in the brain.",
                "Diabetes.High glucose levels damage blood vessels throughout your body. Damage in brain blood vessels can increase your risk of stroke and vascular dementia.",
                "Smoking.Smoking directly damages your blood vessels, increasing your risk of atherosclerosis and other circulatory diseases, including vascular dementia.",
                "Obesity.Being overweight is a well-known risk factor for vascular diseases in general, and therefore, presumably increases your risk of vascular dementia.",
                "Atrial fibrillation.In this abnormal heart rhythm, the upper chambers of your heart begin to beat rapidly and irregularly, out of coordination with your heart's lower chambers. Atrial fibrillation increases your risk of stroke because it causes blood clots to form in the heart that can break off and go to the brain blood vessels."
        ],
        "Complications": [
                "Ulcers.Painful ulcers can form on the skin near varicose veins, mostly near the ankles. A discolored spot on the skin often begins before an ulcer forms. See your healthcare professional right away if you think you have a leg ulcer.",
                "Blood clots.Sometimes, veins deep within the legs get larger. They might cause leg pain and swelling. Seek medical help for ongoing leg pain or swelling. This can mean a blood clot.",
                "Bleeding.Rarely, veins close to the skin burst. This mostly causes only minor bleeding. But it needs medical help.",
                "Leg swelling.Longtime varicose veins can cause the legs to swell."
        ],
        "Prevention": [
                "Maintain a healthy blood pressure.Keeping your blood pressure in the normal range may help prevent both vascular dementia and Alzheimer's disease.",
                "Prevent or control diabetes.Avoiding the onset of type 2 diabetes, with diet and exercise, is another possible way to decrease your risk of dementia. If you already have diabetes, controlling your glucose levels may help protect your brain blood vessels from damage.",
                "Quit smoking.Smoking tobacco damages blood vessels everywhere in your body.",
                "Get physical exercise.Regular physical activity should be a key part of everyone's wellness plan. In addition to all of its other benefits, exercise may help you avoid vascular dementia.",
                "Keep your cholesterol in check.A healthy, low-fat diet and cholesterol-lowering medications if you need them may reduce your risk of strokes and heart attacks that could lead to vascular dementia, probably by reducing the amount of plaque deposits building up inside your brain's arteries."
        ]
},{
        "link": "https://www.mayoclinic.org/diseases-conditions/vasculitis/symptoms-causes/syc-20363435",
        "name": "Vasculitis",
        "Symptoms": [
                "Fever",
                "Headache",
                "Fatigue",
                "Weight loss",
                "General aches and pains"
        ],
        "Causes": [
                "Infections, such as hepatitis B and hepatitis C",
                "Blood cancers",
                "Immune system diseases, such as rheumatoid arthritis, lupus and scleroderma",
                "Reactions to certain drugs"
        ],
        "Risk Factors": [
                "Age.Giant cell arteritis rarely occurs before the age of 50, while Kawasaki disease is most common in children younger than 5 years old.",
                "Family history.Behcet's disease, granulomatosis with polyangiitis and Kawasaki disease sometimes run in families.",
                "Lifestyle choices.Using cocaine can increase your risk of developing vasculitis. Smoking tobacco, especially if you're a man younger than 45, can increase your risk of Buerger's disease.",
                "Medications.Vasculitis can sometimes be triggered by medications such as hydralazine, allopurinol, minocycline and propylthiouracil.",
                "Infections.Having hepatitis B or C can increase your risk of vasculitis.",
                "Immune disorders.People who have disorders in which their immune systems mistakenly attack their own bodies may be at higher risk of vasculitis. Examples include lupus, rheumatoid arthritis and scleroderma.",
                "Sex.Giant cell arteritis is much more common in women, while Buerger's disease is more common in men."
        ],
        "Complications": [
                "Organ damage.Some types of vasculitis can be severe, causing damage to major organs.",
                "Blood clots and aneurysms.A blood clot may form in a blood vessel, obstructing blood flow. Rarely, vasculitis will cause a blood vessel to weaken and bulge, forming an aneurysm (AN-yoo-riz-um).",
                "Vision loss or blindness.This is a possible complication of untreated giant cell arteritis.",
                "Infections.Some of the medications used to treat vasculitis may weaken your immune system. This can make you more prone to infections."
        ],
        "Prevention": [
                "Maintain a healthy blood pressure.Keeping your blood pressure in the normal range may help prevent both vascular dementia and Alzheimer's disease.",
                "Prevent or control diabetes.Avoiding the onset of type 2 diabetes, with diet and exercise, is another possible way to decrease your risk of dementia. If you already have diabetes, controlling your glucose levels may help protect your brain blood vessels from damage.",
                "Quit smoking.Smoking tobacco damages blood vessels everywhere in your body.",
                "Get physical exercise.Regular physical activity should be a key part of everyone's wellness plan. In addition to all of its other benefits, exercise may help you avoid vascular dementia.",
                "Keep your cholesterol in check.A healthy, low-fat diet and cholesterol-lowering medications if you need them may reduce your risk of strokes and heart attacks that could lead to vascular dementia, probably by reducing the amount of plaque deposits building up inside your brain's arteries."
        ]
},{
        "link": "https://www.mayoclinic.org/diseases-conditions/vasovagal-syncope/symptoms-causes/syc-20350527",
        "name": "Vasovagal syncope",
        "Symptoms": [
                "Pale skin",
                "Lightheadedness",
                "Tunnel vision — your field of vision narrows so that you see only what's in front of you",
                "Nausea",
                "Feeling warm",
                "A cold, clammy sweat",
                "Blurred vision"
        ],
        "Causes": [
                "Standing for long periods of time",
                "Heat exposure",
                "Seeing blood",
                "Having blood drawn",
                "Fear of bodily injury",
                "Straining, such as to have a bowel movement"
        ],
        "Risk Factors": [
                "Age.Giant cell arteritis rarely occurs before the age of 50, while Kawasaki disease is most common in children younger than 5 years old.",
                "Family history.Behcet's disease, granulomatosis with polyangiitis and Kawasaki disease sometimes run in families.",
                "Lifestyle choices.Using cocaine can increase your risk of developing vasculitis. Smoking tobacco, especially if you're a man younger than 45, can increase your risk of Buerger's disease.",
                "Medications.Vasculitis can sometimes be triggered by medications such as hydralazine, allopurinol, minocycline and propylthiouracil.",
                "Infections.Having hepatitis B or C can increase your risk of vasculitis.",
                "Immune disorders.People who have disorders in which their immune systems mistakenly attack their own bodies may be at higher risk of vasculitis. Examples include lupus, rheumatoid arthritis and scleroderma.",
                "Sex.Giant cell arteritis is much more common in women, while Buerger's disease is more common in men."
        ],
        "Complications": [
                "Organ damage.Some types of vasculitis can be severe, causing damage to major organs.",
                "Blood clots and aneurysms.A blood clot may form in a blood vessel, obstructing blood flow. Rarely, vasculitis will cause a blood vessel to weaken and bulge, forming an aneurysm (AN-yoo-riz-um).",
                "Vision loss or blindness.This is a possible complication of untreated giant cell arteritis.",
                "Infections.Some of the medications used to treat vasculitis may weaken your immune system. This can make you more prone to infections."
        ],
        "Prevention": [
                "Fainting during urination (micturition syncope): What causes it?"
        ]
},{
        "link": "https://www.mayoclinic.org/diseases-conditions/ventricular-fibrillation/symptoms-causes/syc-20364523",
        "name": "Ventricular fibrillation",
        "Symptoms": [
                "Chest pain",
                "Very fast heartbeat (tachycardia)",
                "Dizziness",
                "Nausea",
                "Shortness of breath"
        ],
        "Causes": [
                "A problem in the heart's electrical properties",
                "A disruption of the blood supply to the heart muscle"
        ],
        "Risk Factors": [
                "A previous episode of ventricular fibrillation",
                "A previous heart attack",
                "A heart problem present at birth (congenital heart defect)",
                "Heart muscle disease (cardiomyopathy)",
                "Injuries that cause damage to the heart muscle, such as being struck by lightning",
                "Drug misuse, especially with cocaine or methamphetamine",
                "A severe imbalance of potassium or magnesium"
        ],
        "Complications": [
                "Ventricular fibrillation"
        ],
        "Prevention": [
                "Fainting during urination (micturition syncope): What causes it?"
        ]
},{
        "link": "https://www.mayoclinic.org/diseases-conditions/ventricular-septal-defect/symptoms-causes/syc-20353495",
        "name": "Ventricular septal defect (VSD)",
        "Symptoms": [
                "Poor eating",
                "Slow or no physical growth (failure to thrive)",
                "Fast breathing or breathlessness",
                "Easy tiring",
                "Whooshing sound when listening to the heart with a stethoscope (heart murmur)"
        ],
        "Causes": [
                "The right side of the heart moves blood to the lungs.",
                "In the lungs, blood picks up oxygen.",
                "The lungs pump the oxygen-rich blood to the heart's left side.",
                "The left side of the heart pumps the oxygen-rich blood to the rest of the body."
        ],
        "Risk Factors": [
                "Premature birth",
                "Down syndrome and other genetic conditions",
                "Family history of heart problems present at birth (congenital heart defects)"
        ],
        "Complications": [
                "Heart failure.In a heart with a medium or largeVSD, the heart works harder and the lungs have too much blood pumped to them. Without treatment, heart failure can develop.",
                "Eisenmenger syndrome.An unrepaired hole in the heart can lead to this complication after many years. Irregular blood flow causes the blood vessels in the lungs to become stiff and narrow. Blood pressure rises in the lungs' arteries (pulmonary hypertension). This syndrome permanently damages the blood vessels in the lungs.",
                "Endocarditis.This is a rare complication ofVSD. An infection causes life-threatening inflammation of the inner lining of the heart's chambers and valves.",
                "Other heart problems.These include heart valve disease and irregular heart rhythms (arrhythmias)."
        ],
        "Prevention": [
                "Get early prenatal care, even before you're pregnant.Talk to your provider before you get pregnant about your health and discuss any lifestyle changes that your doctor may recommend for a healthy pregnancy. Also, be sure you talk to your doctor about any medications you're taking.",
                "Take a multivitamin with folic acid.Taking 400 micrograms of folic acid daily has been shown to reduce birth defects in the brain and spinal cord. It may help reduce the risk of heart defects as well.",
                "Avoid alcohol.Drinking alcohol during pregnancy increases the risk of congenital heart defects.",
                "Don't smoke or use illegal drugs.If you smoke, quit. Smoking during pregnancy increases the risk of a congenital heart defect in the baby. Avoid using illegal drugs as they may harm a developing baby.",
                "Get recommended vaccinations.Be sure you're up to date on all of your vaccinations before becoming pregnant. Some infections can be harmful to a developing fetus. For example, having rubella (German measles) during pregnancy can cause problems in a baby's heart development. A blood test done before pregnancy can determine if you're immune to rubella. A vaccine is available for those who aren't immune.",
                "Keep diabetes under control.Careful control of blood sugar before and during pregnancy can reduce the risk of congenital heart defects in the baby. Diabetes that develops during pregnancy (gestational diabetes) generally doesn't increase a baby's risk. If you have diabetes, work with your provider to be sure it's well controlled before getting pregnant.",
                "Check with your provider before taking any medications.Some medications can cause birth defects. Tell your provider about all the medications you take, including those bought without a prescription."
        ]
},{
        "link": "https://www.mayoclinic.org/diseases-conditions/ventricular-tachycardia/symptoms-causes/syc-20355138",
        "name": "Ventricular tachycardia",
        "Symptoms": [
                "Chest pain (angina)",
                "Dizziness",
                "Pounding heartbeat (palpitations)",
                "Lightheadedness",
                "Shortness of breath"
        ],
        "Causes": [
                "Prior heart attack or other heart condition that caused scarring of heart tissue (structural heart disease)",
                "Poor blood flow to the heart muscle due to coronary artery disease",
                "Congenital heart diseases, including long QT syndrome",
                "Imbalance of substances in the blood called electrolytes — such as potassium, sodium, calcium and magnesium",
                "Medication side effects",
                "Use of stimulants such as cocaine or methamphetamine"
        ],
        "Risk Factors": [
                "Heart disease",
                "Medication side effects",
                "Severe electrolyte imbalances",
                "Use of stimulant drugs such as cocaine or methamphetamine"
        ],
        "Complications": [
                "How fast the heart is beating",
                "How long the rapid heart rate lasts",
                "Whether there are other heart conditions"
        ],
        "Prevention": [
                "Eat a balanced, nutritious diet.A diet low in saturated and trans fats and rich in fruits, vegetables and whole grains helps keep the heart healthy.",
                "Exercise and maintain a healthy weight.Being overweight increases the risk of developing heart disease. As a general goal, aim for at least 30 minutes of moderate exercise every day.",
                "Control blood pressure and cholesterol levels.Make lifestyle changes and take medications as prescribed to manage high blood pressure (hypertension) or high cholesterol.",
                "Control stress.Avoid unnecessary stress and learn strategies to manage and reduce stress.",
                "Don't use illegal drugs.Don't use stimulants, such as cocaine. If you need help stopping drug use or misuse, talk to your health care provider about an appropriate program for you.",
                "Go to scheduled health checkups.Have regular physical exams and report any new signs or symptoms to your health care provider.",
                "Limit alcohol.If you choose to drink alcohol, do so in moderation. For healthy adults, that means up to one drink a day for women and up to two drinks a day for men. Some people may need to avoid alcohol entirely. Ask your health care provider how much alcohol, if any, is safe for you.",
                "Limit caffeine.If you drink caffeinated beverages, do so in moderation (no more than 1 to 2 beverages daily).",
                "Stop smoking.If you smoke and can't quit on your own, talk to your health care provider about strategies or programs to help you break a smoking habit.",
                "Use over-the-counter medications with caution.Some cold and cough medications contain stimulants that may increase the heart rate. Always tell your health care provider about the medications you take, including those bought without a prescription."
        ]
},{
        "link": "https://www.mayoclinic.org/diseases-conditions/vertebral-tumor/symptoms-causes/syc-20350123",
        "name": "Vertebral tumor",
        "Symptoms": [
                "Pain at the site of the tumor due to tumor growth",
                "Back pain, often radiating to other parts of your body",
                "Back pain that's worse at night",
                "Loss of sensation or muscle weakness, especially in your arms or legs",
                "Difficulty walking, sometimes leading to falls",
                "Feeling less sensitive to cold, heat and pain",
                "Loss of bowel or bladder function",
                "Paralysis, which may be mild or severe, and can strike in different areas throughout the body"
        ],
        "Causes": [
                "Acupuncture",
                "Chemotherapy",
                "CT scan",
                "MRI",
                "Needle biopsy",
                "Radiation therapy",
                "Stereotactic radiosurgery"
        ],
        "Risk Factors": [
                "Heart disease",
                "Medication side effects",
                "Severe electrolyte imbalances",
                "Use of stimulant drugs such as cocaine or methamphetamine"
        ],
        "Complications": [
                "Acupuncture",
                "Chemotherapy",
                "CT scan",
                "MRI",
                "Needle biopsy",
                "Radiation therapy",
                "Stereotactic radiosurgery"
        ],
        "Prevention": [
                "Eat a balanced, nutritious diet.A diet low in saturated and trans fats and rich in fruits, vegetables and whole grains helps keep the heart healthy.",
                "Exercise and maintain a healthy weight.Being overweight increases the risk of developing heart disease. As a general goal, aim for at least 30 minutes of moderate exercise every day.",
                "Control blood pressure and cholesterol levels.Make lifestyle changes and take medications as prescribed to manage high blood pressure (hypertension) or high cholesterol.",
                "Control stress.Avoid unnecessary stress and learn strategies to manage and reduce stress.",
                "Don't use illegal drugs.Don't use stimulants, such as cocaine. If you need help stopping drug use or misuse, talk to your health care provider about an appropriate program for you.",
                "Go to scheduled health checkups.Have regular physical exams and report any new signs or symptoms to your health care provider.",
                "Limit alcohol.If you choose to drink alcohol, do so in moderation. For healthy adults, that means up to one drink a day for women and up to two drinks a day for men. Some people may need to avoid alcohol entirely. Ask your health care provider how much alcohol, if any, is safe for you.",
                "Limit caffeine.If you drink caffeinated beverages, do so in moderation (no more than 1 to 2 beverages daily).",
                "Stop smoking.If you smoke and can't quit on your own, talk to your health care provider about strategies or programs to help you break a smoking habit.",
                "Use over-the-counter medications with caution.Some cold and cough medications contain stimulants that may increase the heart rate. Always tell your health care provider about the medications you take, including those bought without a prescription."
        ]
},{
        "link": "https://www.mayoclinic.org/diseases-conditions/vesicoureteral-reflux/symptoms-causes/syc-20378819",
        "name": "Vesicoureteral reflux",
        "Symptoms": [
                "A strong, persistent urge to urinate",
                "A burning sensation when urinating",
                "The need to pass small amounts of urine frequently",
                "Cloudy urine",
                "Fever",
                "Pain in your side (flank) or abdomen"
        ],
        "Causes": [
                "Primary vesicoureteral reflux.Children with primary vesicoureteral reflux are born with a defect in the valve that normally prevents urine from flowing backward from the bladder into the ureters. Primary vesicoureteral reflux is the more common type.As your child grows, the ureters lengthen and straighten, which may improve valve function and eventually correct the reflux. This type of vesicoureteral reflux tends to run in families, which indicates that it may be genetic, but the exact cause of the defect is unknown.",
                "Secondary vesicoureteral reflux.The cause of this form of reflux is most often from failure of the bladder to empty properly, either due to a blockage or failure of the bladder muscle or damage to the nerves that control normal bladder emptying."
        ],
        "Risk Factors": [
                "Bladder and bowel dysfunction (BBD).Children withBBDhold their urine and stool and experience recurrent urinary tract infections, which can contribute to vesicoureteral reflux.",
                "Race.White children appear to have a higher risk of vesicoureteral reflux.",
                "Sex.Generally, girls have a much higher risk of having this condition than boys do. The exception is for vesicoureteral reflux that's present at birth, which is more common in boys.",
                "Age.Infants and children up to age 2 are more likely to have vesicoureteral reflux than older children are.",
                "Family history.Primary vesicoureteral reflux tends to run in families. Children whose parents had the condition are at higher risk of developing it. Siblings of children who have the condition also are at higher risk, so your doctor may recommend screening for siblings of a child with primary vesicoureteral reflux."
        ],
        "Complications": [
                "Kidney (renal) scarring.UntreatedUTIscan lead to scarring, which is permanent damage to kidney tissue. Extensive scarring may lead to high blood pressure and kidney failure.",
                "High blood pressure.Because the kidneys remove waste from the bloodstream, damage to your kidneys and the resultant buildup of wastes can raise your blood pressure.",
                "Kidney failure.Scarring can cause a loss of function in the filtering part of the kidney. This may lead to kidney failure, which can occur quickly (acute kidney failure) or may develop over time (chronic kidney disease)."
        ],
        "Prevention": [
                "Eat a balanced, nutritious diet.A diet low in saturated and trans fats and rich in fruits, vegetables and whole grains helps keep the heart healthy.",
                "Exercise and maintain a healthy weight.Being overweight increases the risk of developing heart disease. As a general goal, aim for at least 30 minutes of moderate exercise every day.",
                "Control blood pressure and cholesterol levels.Make lifestyle changes and take medications as prescribed to manage high blood pressure (hypertension) or high cholesterol.",
                "Control stress.Avoid unnecessary stress and learn strategies to manage and reduce stress.",
                "Don't use illegal drugs.Don't use stimulants, such as cocaine. If you need help stopping drug use or misuse, talk to your health care provider about an appropriate program for you.",
                "Go to scheduled health checkups.Have regular physical exams and report any new signs or symptoms to your health care provider.",
                "Limit alcohol.If you choose to drink alcohol, do so in moderation. For healthy adults, that means up to one drink a day for women and up to two drinks a day for men. Some people may need to avoid alcohol entirely. Ask your health care provider how much alcohol, if any, is safe for you.",
                "Limit caffeine.If you drink caffeinated beverages, do so in moderation (no more than 1 to 2 beverages daily).",
                "Stop smoking.If you smoke and can't quit on your own, talk to your health care provider about strategies or programs to help you break a smoking habit.",
                "Use over-the-counter medications with caution.Some cold and cough medications contain stimulants that may increase the heart rate. Always tell your health care provider about the medications you take, including those bought without a prescription."
        ]
},{
        "link": "https://www.mayoclinic.org/diseases-conditions/viral-gastroenteritis/symptoms-causes/syc-20378847",
        "name": "Viral gastroenteritis (stomach flu)",
        "Symptoms": [
                "Watery, usually nonbloody diarrhea — bloody diarrhea usually means you have a different, more severe infection",
                "Nausea, vomiting or both",
                "Stomach cramps and pain",
                "Occasional muscle aches or headache",
                "Low-grade fever"
        ],
        "Causes": [
                "Noroviruses.Both children and adults are affected by noroviruses, the most common cause of foodborne illness worldwide. Norovirus infection can sweep through families and communities. It's especially likely to spread among people in confined spaces.In most cases, you pick up the virus from contaminated food or water. But it can also spread between people who are in close contact or who share food. You can also get the virus by touching a surface that's been contaminated with norovirus and then touching your mouth.",
                "Rotavirus.Worldwide, this is the most common cause of viral gastroenteritis in children, who are usually infected when they put their fingers or other objects contaminated with the virus into their mouths. It can also spread through contaminated food. The infection is most severe in infants and young children.Adults infected with rotavirus may not have symptoms, but can still spread the illness. This is of particular concern in institutional settings such as nursing homes because adults with the virus unknowingly can pass the virus to others. A vaccine against viral gastroenteritis is available in some countries, including the United States, and appears to be effective in preventing the infection."
        ],
        "Risk Factors": [
                "Young children.Children in child care centers or elementary schools may be especially vulnerable because it takes time for a child's immune system to mature.",
                "Older adults.Adult immune systems tend to become less efficient later in life. Older adults in nursing homes are vulnerable because their immune systems weaken. They also live in close contact with others who may pass along germs.",
                "Schoolchildren or dormitory residents.Anywhere that groups of people come together in close quarters can be an environment for an intestinal infection to get passed.",
                "Anyone with a weakened immune system.If your resistance to infection is low — for instance, if your immune system is compromised by HIV/AIDS, chemotherapy or another medical condition — you may be especially at risk."
        ],
        "Complications": [
                "Get your child vaccinated.A vaccine against gastroenteritis caused by the rotavirus is available in some countries, including the United States. Given to children in the first year of life, the vaccine appears to be effective in preventing severe symptoms of this illness.",
                "Wash your hands thoroughly.And make sure your children do, too. If your children are older, teach them to wash their hands, especially after using the toilet.Wash your hands after changing diapers and before preparing or eating food, too. It's best to use warm water and soap and to rub hands well for at least 20 seconds. Wash around cuticles, beneath fingernails and in the creases of the hands. Then rinse thoroughly. Carry sanitizing wipes and hand sanitizer for times when soap and water aren't available.",
                "Use separate personal items around your home.Avoid sharing eating utensils, drinking glasses and plates. Use separate towels in the bathroom.",
                "Prepare food safely.Wash all your fruits and vegetables before eating them. Clean kitchen surfaces before preparing food on them. Avoid preparing food if you're sick.",
                "Keep your distance.Avoid close contact with anyone who has the virus, if possible.",
                "Disinfect hard surfaces.If someone in your home has viral gastroenteritis, disinfect hard surfaces, such as counters, faucets and doorknobs, with a mixture of 5-25 tablespoons (73 to 369 milliliters) of household bleach to 1 gallon (3.8 liters) of water.",
                "Avoid touching laundry that may have been exposed to a virus.If someone in your home has viral gastroenteritis, wear gloves while touching laundry. Wash clothing and bedding in hot water and dry them on the hottest setting. Wash your hands well after touching laundry.",
                "Check out your child care center.Make sure the center has separate rooms for changing diapers and preparing or serving food. The room with the diaper-changing table should have a sink as well as a sanitary way to dispose of diapers."
        ],
        "Prevention": [
                "Get your child vaccinated.A vaccine against gastroenteritis caused by the rotavirus is available in some countries, including the United States. Given to children in the first year of life, the vaccine appears to be effective in preventing severe symptoms of this illness.",
                "Wash your hands thoroughly.And make sure your children do, too. If your children are older, teach them to wash their hands, especially after using the toilet.Wash your hands after changing diapers and before preparing or eating food, too. It's best to use warm water and soap and to rub hands well for at least 20 seconds. Wash around cuticles, beneath fingernails and in the creases of the hands. Then rinse thoroughly. Carry sanitizing wipes and hand sanitizer for times when soap and water aren't available.",
                "Use separate personal items around your home.Avoid sharing eating utensils, drinking glasses and plates. Use separate towels in the bathroom.",
                "Prepare food safely.Wash all your fruits and vegetables before eating them. Clean kitchen surfaces before preparing food on them. Avoid preparing food if you're sick.",
                "Keep your distance.Avoid close contact with anyone who has the virus, if possible.",
                "Disinfect hard surfaces.If someone in your home has viral gastroenteritis, disinfect hard surfaces, such as counters, faucets and doorknobs, with a mixture of 5-25 tablespoons (73 to 369 milliliters) of household bleach to 1 gallon (3.8 liters) of water.",
                "Avoid touching laundry that may have been exposed to a virus.If someone in your home has viral gastroenteritis, wear gloves while touching laundry. Wash clothing and bedding in hot water and dry them on the hottest setting. Wash your hands well after touching laundry.",
                "Check out your child care center.Make sure the center has separate rooms for changing diapers and preparing or serving food. The room with the diaper-changing table should have a sink as well as a sanitary way to dispose of diapers."
        ]
},{
        "link": "https://www.mayoclinic.org/diseases-conditions/viral-hemorrhagic-fevers/symptoms-causes/syc-20351260",
        "name": "Viral hemorrhagic fevers",
        "Symptoms": [
                "Fever",
                "Fatigue, weakness or general feeling of being unwell",
                "Dizziness",
                "Muscle, bone or joint aches",
                "Nausea and vomiting",
                "Diarrhea"
        ],
        "Causes": [
                "Working with infected people",
                "Slaughtering or eating infected animals",
                "Sharing needles to use intravenous drugs",
                "Having unprotected sex",
                "Working outdoors or in rat-infested buildings",
                "Being exposed to infected blood or other body fluids"
        ],
        "Risk Factors": [
                "Working with infected people",
                "Slaughtering or eating infected animals",
                "Sharing needles to use intravenous drugs",
                "Having unprotected sex",
                "Working outdoors or in rat-infested buildings",
                "Being exposed to infected blood or other body fluids"
        ],
        "Complications": [
                "Septic shock",
                "Multiorgan failure",
                "Death"
        ],
        "Prevention": [
                "Keep pet food covered and stored in rodent-proof containers.",
                "Store trash in rodent-proof containers, and clean the containers often.",
                "Dispose of garbage regularly.",
                "Make sure doors and windows have tightfitting screens.",
                "Keep woodpiles, stacks of bricks and other materials at least 100 feet from your house.",
                "Mow your grass closely and keep brush trimmed to within 100 feet of your house."
        ]
},{
        "link": "https://www.mayoclinic.org/diseases-conditions/vitamin-deficiency-anemia/symptoms-causes/syc-20355025",
        "name": "Vitamin deficiency anemia",
        "Symptoms": [
                "Fatigue",
                "Shortness of breath",
                "Dizziness",
                "Pale or yellowish skin",
                "Irregular heartbeats",
                "Weight loss",
                "Numbness or tingling in the hands and feet",
                "Muscle weakness",
                "Personality changes",
                "Unsteady movements",
                "Mental confusion or forgetfulness"
        ],
        "Causes": [
                "Diet.Vitamin B-12 is mainly found in meat, eggs and milk, so people who don't eat these types of foods may need to take B-12 supplements. Some foods have been fortified with B-12, including some breakfast cereals and some nutritional yeast products.",
                "Pernicious anemia.This condition occurs when the body's immune system attacks cells in the stomach that produce a substance called intrinsic factor. Without this substance, B-12 can't be absorbed in the intestines.",
                "Gastric surgeries.If portions of your stomach or intestines have been surgically removed, that can reduce the amount of intrinsic factor produced and the amount of space available for vitamin B-12 to be absorbed.",
                "Intestinal problems.Crohn's disease and celiac disease can interfere with absorption of vitamin B-12, as can tapeworms that may be ingested from eating contaminated fish."
        ],
        "Risk Factors": [
                "Certain autoimmune diseases, including Crohn's disease, celiac disease and type 1 diabetes.",
                "Surgery to remove part of your stomach or intestine.",
                "Older age.",
                "Chronic alcohol use."
        ],
        "Complications": [
                "Pregnancy complications.A developing fetus that doesn't get enough folate from its mother can develop birth defects of the brain and spinal cord.",
                "Nervous system disorders.Untreated, vitamin B-12 deficiency can lead to neurological problems, such as persistent tingling in the hands and feet or problems with balance. It can lead to mental confusion and forgetfulness because vitamin B-12 is necessary for healthy brain function.",
                "Gastric cancer.Pernicious anemia increases the risk of stomach or intestinal cancers."
        ],
        "Prevention": [
                "Beef, liver, chicken and fish",
                "Eggs",
                "Fortified foods, such as breakfast cereals",
                "Milk, cheese and yogurt"
        ]
},{
        "link": "https://www.mayoclinic.org/diseases-conditions/vitiligo/symptoms-causes/syc-20355912",
        "name": "Vitiligo",
        "Symptoms": [
                "Patchy loss of skin color, which usually first appears on the hands, face, and areas around body openings and the genitals",
                "Premature whitening or graying of the hair on your scalp, eyelashes, eyebrows or beard",
                "Loss of color in the tissues that line the inside of the mouth and nose (mucous membranes)"
        ],
        "Causes": [
                "A disorder of the immune system (autoimmune condition)",
                "Family history (heredity)",
                "A trigger event, such as stress, severe sunburn or skin trauma, such as contact with a chemical"
        ],
        "Risk Factors": [
                "Have a family history of the condition.",
                "Have frequent direct contact with phenol-containing chemicals, such as those found in some detergents."
        ],
        "Complications": [
                "Social or psychological distress",
                "Sunburn",
                "Eye problems",
                "Hearing loss"
        ],
        "Prevention": [
                "Beef, liver, chicken and fish",
                "Eggs",
                "Fortified foods, such as breakfast cereals",
                "Milk, cheese and yogurt"
        ]
},{
        "link": "https://www.mayoclinic.org/diseases-conditions/vocal-cord-paralysis/symptoms-causes/syc-20378873",
        "name": "Vocal cord paralysis",
        "Symptoms": [
                "A breathy quality to the voice",
                "Hoarseness",
                "Noisy breathing",
                "Shortness of breath",
                "Loss of vocal pitch",
                "Choking or coughing while swallowing food, drink or saliva",
                "The need to take frequent breaths while speaking",
                "Inability to speak loudly",
                "Loss of your gag reflex",
                "Ineffective coughing",
                "Frequent throat clearing"
        ],
        "Causes": [
                "Injury to the vocal cord during surgery.Surgery on or near the neck or upper chest can result in damage to the nerves that serve the voice box. Surgeries that carry a risk of damage include surgeries to the thyroid or parathyroid glands, esophagus, neck, and chest.",
                "Neck or chest injury.Trauma to the neck or chest may injure the nerves that serve the vocal cords or the voice box itself.",
                "Stroke.A stroke interrupts blood flow in the brain and may damage the part of the brain that sends messages to the voice box.",
                "Tumors.Tumors, both cancerous and noncancerous, can grow in or around the muscles, cartilage or nerves controlling the function of the voice box and can cause vocal cord paralysis.",
                "Infections.Some infections, such as Lyme disease, Epstein-Barr virus and herpes, can cause inflammation and directly damage the nerves in the voice box. There's some evidence that infection withCOVID-19may cause vocal cord paralysis.",
                "Neurological conditions.Certain neurological conditions, such as multiple sclerosis or Parkinson's disease, can lead to vocal cord paralysis."
        ],
        "Risk Factors": [
                "Undergoing throat or chest surgery.People who need surgery on their thyroid, throat or upper chest have an increased risk of vocal cord nerve damage. Sometimes the breathing tubes used in surgery or to help you breathe if you're having serious respiratory trouble can damage the vocal cord nerves.",
                "Having a neurological condition.People with certain neurological conditions — such as Parkinson's disease or multiple sclerosis — are more likely to develop vocal cord weakness or paralysis."
        ],
        "Complications": [
                "How speech occurs",
                "Vocal cords open and closed"
        ],
        "Prevention": [
                "Beef, liver, chicken and fish",
                "Eggs",
                "Fortified foods, such as breakfast cereals",
                "Milk, cheese and yogurt"
        ]
},{
        "link": "https://www.mayoclinic.org/diseases-conditions/voice-disorders/symptoms-causes/syc-20353022",
        "name": "Voice disorders",
        "Symptoms": [
                "A breathy quality to the voice",
                "Hoarseness",
                "Noisy breathing",
                "Shortness of breath",
                "Loss of vocal pitch",
                "Choking or coughing while swallowing food, drink or saliva",
                "The need to take frequent breaths while speaking",
                "Inability to speak loudly",
                "Loss of your gag reflex",
                "Ineffective coughing",
                "Frequent throat clearing"
        ],
        "Causes": [
                "Laryngitis",
                "Voice changes related to the brain and nervous system, known as spasmodic dysphonia (spaz-MOD-ki dis-FOE-nee-uh)",
                "Polyps, nodules or cysts on the vocal cords — growths that aren't cancer",
                "Precancerous and cancerous growths",
                "Vocal cord paralysis or weakness",
                "White patches, also known asleukoplakia (loo-koh-PLAY-key-uh)"
        ],
        "Risk Factors": [
                "Aging",
                "Alcohol use",
                "Allergies",
                "Conditions related to the brain and nervous system, such as Parkinson's disease or a stroke",
                "Gastroesophageal reflux disease (GERD)",
                "Illnesses, such ascolds or upper respiratory infections",
                "Scarring from neck surgery or from trauma to the front of the neck",
                "Screaming",
                "Smoking",
                "Throat cancer",
                "Throat dehydration",
                "Thyroid problems",
                "Voice misuse or overuse"
        ],
        "Complications": [
                "How speech occurs",
                "Vocal cords open and closed"
        ],
        "Prevention": [
                "Beef, liver, chicken and fish",
                "Eggs",
                "Fortified foods, such as breakfast cereals",
                "Milk, cheese and yogurt"
        ]
},{
        "link": "https://www.mayoclinic.org/diseases-conditions/von-willebrand-disease/symptoms-causes/syc-20354978",
        "name": "Von Willebrand disease",
        "Symptoms": [
                "Excessive bleeding from an injury or after surgery or dental work",
                "Frequent nosebleeds that don't stop within 10 minutes",
                "Heavy or long menstrual bleeding",
                "Heavy bleeding during labor and delivery",
                "Blood in your urine or stool",
                "Easy bruising or lumpy bruises"
        ],
        "Causes": [
                "Anemia.Heavy menstrual bleeding can cause iron deficiency anemia.",
                "Swelling and pain.This can be a result of abnormal bleeding in the joints or soft tissue."
        ],
        "Risk Factors": [
                "Anemia.Heavy menstrual bleeding can cause iron deficiency anemia.",
                "Swelling and pain.This can be a result of abnormal bleeding in the joints or soft tissue."
        ],
        "Complications": [
                "Anemia.Heavy menstrual bleeding can cause iron deficiency anemia.",
                "Swelling and pain.This can be a result of abnormal bleeding in the joints or soft tissue."
        ],
        "Prevention": [
                "A Book: Mayo Clinic Family Health Book, 5th Edition",
                "Newsletter: Mayo Clinic Health Letter — Digital Edition"
        ]
},{
        "link": "https://www.mayoclinic.org/diseases-conditions/vulvar-cancer/symptoms-causes/syc-20368051",
        "name": "Vulvar cancer",
        "Symptoms": [
                "Itching that doesn't go away",
                "Pain and tenderness",
                "Bleeding that isn't from menstruation",
                "Skin changes, such as color changes or thickening",
                "A lump, wartlike bumps or an open sore (ulcer)"
        ],
        "Causes": [
                "Vulvar squamous cell carcinoma.This cancer begins in the thin, flat cells that line the surface of the vulva. Most vulvar cancers are squamous cell carcinomas.",
                "Vulvar melanoma.This cancer begins in the pigment-producing cells found in the skin of the vulva."
        ],
        "Risk Factors": [
                "Increasing age.The risk of vulvar cancer increases with age, though it can occur at any age. The average age at diagnosis is 65.",
                "Being exposed to human papillomavirus (HPV).HPVis a sexually transmitted infection that increases the risk of several cancers, including vulvar cancer and cervical cancer. Many young, sexually active people are exposed toHPV, but for most the infection goes away on its own. For some, the infection causes cell changes and increases the risk of cancer in the future.",
                "Smoking.Smoking increases the risk of vulvar cancer.",
                "Having a weakened immune system.People who take medications to suppress the immune system, such as those who've undergone organ transplant, and those with conditions that weaken the immune system, such as human immunodeficiency virus (HIV), have an increased risk of vulvar cancer.",
                "Having a history of precancerous conditions of the vulva.Vulvar intraepithelial neoplasia is a precancerous condition that increases the risk of vulvar cancer. Most instances of vulvar intraepithelial neoplasia will never develop into cancer, but a small number do go on to become invasive vulvar cancer. For this reason, your doctor may recommend treatment to remove the area of abnormal cells and periodic follow-up checks.",
                "Having a skin condition involving the vulva.Lichen sclerosus, which causes the vulvar skin to become thin and itchy, increases the risk of vulvar cancer."
        ],
        "Complications": [
                "Anemia.Heavy menstrual bleeding can cause iron deficiency anemia.",
                "Swelling and pain.This can be a result of abnormal bleeding in the joints or soft tissue."
        ],
        "Prevention": [
                "Use a condom every time you have sex.Condoms may reduce your risk of contractingHPVbut can't fully protect against it.",
                "Get theHPVvaccine.Children and young adults may consider theHPVvaccine, which protects against the strains of the virus that are thought to cause the most cases of vulvar cancer."
        ]
},{
        "link": "https://www.mayoclinic.org/diseases-conditions/vulvodynia/symptoms-causes/syc-20353423",
        "name": "Vulvodynia",
        "Symptoms": [
                "Burning.",
                "Irritation.",
                "Stinging.",
                "Rawness.",
                "Soreness.",
                "Sharp or knife-like pain."
        ],
        "Causes": [
                "Injury to or irritation of the nerves of the vulva.",
                "Past infections of the vagina.",
                "Painful swelling called inflammation that affects the vulva.",
                "Some genetic conditions.",
                "Allergies.",
                "Hormonal changes.",
                "Muscle spasm or weakness in the pelvic floor, which supports the uterus, bladder and bowel."
        ],
        "Risk Factors": [
                "Increasing age.The risk of vulvar cancer increases with age, though it can occur at any age. The average age at diagnosis is 65.",
                "Being exposed to human papillomavirus (HPV).HPVis a sexually transmitted infection that increases the risk of several cancers, including vulvar cancer and cervical cancer. Many young, sexually active people are exposed toHPV, but for most the infection goes away on its own. For some, the infection causes cell changes and increases the risk of cancer in the future.",
                "Smoking.Smoking increases the risk of vulvar cancer.",
                "Having a weakened immune system.People who take medications to suppress the immune system, such as those who've undergone organ transplant, and those with conditions that weaken the immune system, such as human immunodeficiency virus (HIV), have an increased risk of vulvar cancer.",
                "Having a history of precancerous conditions of the vulva.Vulvar intraepithelial neoplasia is a precancerous condition that increases the risk of vulvar cancer. Most instances of vulvar intraepithelial neoplasia will never develop into cancer, but a small number do go on to become invasive vulvar cancer. For this reason, your doctor may recommend treatment to remove the area of abnormal cells and periodic follow-up checks.",
                "Having a skin condition involving the vulva.Lichen sclerosus, which causes the vulvar skin to become thin and itchy, increases the risk of vulvar cancer."
        ],
        "Complications": [
                "Biofeedback",
                "Pelvic exam"
        ],
        "Prevention": [
                "Use a condom every time you have sex.Condoms may reduce your risk of contractingHPVbut can't fully protect against it.",
                "Get theHPVvaccine.Children and young adults may consider theHPVvaccine, which protects against the strains of the virus that are thought to cause the most cases of vulvar cancer."
        ]
}]