[{
        "link": "https://www.mayoclinic.org/diseases-conditions/x-linked-agammaglobulinemia/symptoms-causes/syc-20361635",
        "name": "X-linked agammaglobulinemia",
        "Symptoms": [
                "Very small tonsils.",
                "Small or no lymph nodes."
        ],
        "Causes": [
                "Long-lasting, called chronic, lung disease.",
                "Increased risk of certain cancers.",
                "Infectious arthritis.",
                "Increased risk of central nervous system infections from live vaccines."
        ],
        "Risk Factors": "",
        "Complications": [
                "Long-lasting, called chronic, lung disease.",
                "Increased risk of certain cancers.",
                "Infectious arthritis.",
                "Increased risk of central nervous system infections from live vaccines."
        ],
        "Prevention": ""
}]