[{
        "link": "https://www.mayoclinic.org/diseases-conditions/zollinger-ellison-syndrome/symptoms-causes/syc-20379042",
        "name": "Zollinger-Ellison syndrome",
        "Symptoms": [
                "Stomach pain.",
                "Diarrhea.",
                "Burning, aching or discomfort in your upper abdomen.",
                "Acid reflux and heartburn.",
                "Burping.",
                "Nausea and vomiting.",
                "Bleeding in your digestive tract.",
                "Losing weight without trying.",
                "Loss of appetite."
        ],
        "Causes": [
                "Chemotherapy",
                "CT scan",
                "Endoscopic ultrasound",
                "Liver transplant",
                "MRI",
                "Radiofrequency ablation for cancer",
                "Ultrasound",
                "Upper endoscopy"
        ],
        "Risk Factors": [
                "Chemotherapy",
                "CT scan",
                "Endoscopic ultrasound",
                "Liver transplant",
                "MRI",
                "Radiofrequency ablation for cancer",
                "Ultrasound",
                "Upper endoscopy"
        ],
        "Complications": [
                "Long-lasting, called chronic, lung disease.",
                "Increased risk of certain cancers.",
                "Infectious arthritis.",
                "Increased risk of central nervous system infections from live vaccines."
        ],
        "Prevention": [
                "Tight-fitting pantyhose",
                "Douching, which removes some of the normal bacteria in the vagina that protect you from infection",
                "Scented feminine products, including bubble bath, pads and tampons",
                "Hot tubs and very hot baths",
                "Unnecessary antibiotic use, such as for colds or other viral infections",
                "Staying in wet clothes, such as swimsuits and workout attire, for long periods of time"
        ]
}]