[
    {
        "name": "C1-INH",
        "link": "https://www.webmd.com/skin-problems-and-treatments/hereditary-angioedema",
        "symptoms": [
            "Mouth or throat",
            "Hands",
            "Feet",
            "Face",
            "Genitals",
            "Belly"
        ],
        "prevention": [
            "Berotralstat (Orladeyo)",
            "C1 esterase inhibitor (Berinert, Cinryze, Haegarda)",
            "Conestat alfa (Ruconest)",
            "Ecallantide (Kalbitor)",
            "Icatibant (Firazyr)",
            "Lanadelumab-flyo (Takhzyro)"
        ]
    },
    {
        "name": "CAD (Coronary Artery Disease)",
        "link": "https://www.webmd.com/heart-disease/heart-disease-coronary-artery-disease",
        "symptoms": [
            "Tightness",
            "Discomfort",
            "Pressure",
            "Heaviness",
            "Squeezing",
            "Burning",
            "Aching",
            "Numbness",
            "Fullness"
        ],
        "prevention": [
            "What is the life expectancy of someone with coronary artery disease?The life expectancy of someone with CAD will vary, depending on their age, medical history, and lifestyle choices. If you’ve been diagnosed with coronary artery disease, talk with your doctor about your prognosis.",
            "What are the coronary arteries?There are two main coronary arteries. The left main coronary artery supplies blood to the left ventricle and left atrium, while the right coronary artery sends blood to the right ventricle, right atrium, and the sinoatrial and atrioventricular nodes. Both sides divide into smaller branches to supply blood to all parts of the heart."
        ]
    },
    {
        "name": "Calcaneal Valgus",
        "link": "https://www.webmd.com/a-to-z-guides/what-is-clubfoot",
        "symptoms": [
            "A downward-pointing foot and toes that may be curled inward",
            "A foot that appears to be sideways or sometimes even upside down",
            "Smaller foot size (may be up to a half inch smaller compared to other babies' feet)",
            "Calf muscles (on the affected leg) that may not be fully developed",
            "A limited range of motion in their foot"
        ]
    },
    {
        "name": "Calcium for Osteoporosis",
        "link": "https://www.webmd.com/osteoporosis/guide/understanding-osteoporosis-treatment",
        "prevention": [
            "Alendronate (Fosamax)",
            "Alendronate sodium (Binosto)",
            "Ibandronate (Boniva)",
            "Risedronate (Actonel, Atelvia)",
            "Zoledronic acid (Reclast, Zometa)"
        ],
        "causes": [
            "Are thin or have a small frame",
            "Smoke, drink more than moderately, or live a sedentary lifestyle",
            "Have a family history of hip fracture",
            "Had your ovaries removed, especially before age 40",
            "Are white or Asian"
        ]
    },
    {
        "name": "Calluses and Corns",
        "link": "https://www.webmd.com/skin-problems-and-treatments/blisters-corns-calluses",
        "prevention": [
            "Wear shoes that fit properly and comfortably",
            "Wear socks with shoes",
            "Use foot powder to help keep your feet dry",
            "Wear gloves when you are doing manual labor or working with your hands"
        ]
    },
    {
        "name": "Campylobacteriosis",
        "link": "https://www.webmd.com/food-recipes/food-poisoning/what-is-campylobacter-infection",
        "symptoms": [
            "Diarrhea, sometimes bloody",
            "Nausea",
            "Vomiting",
            "Belly cramps",
            "Bloating",
            "Fever"
        ],
        "prevention": [
            "Wash your hands before cooking and after touching raw poultry or meat.",
            "Keep uncooked meat and poultry away from other foods, such as vegetables, by using separate cutting boards, utensils, and cooking surfaces.",
            "Wash your hands after touching a pet or pet poop.",
            "Make sure your child or anyone with diarrhea washes their hands well."
        ],
        "causes": [
            "Azithromycin (Zithromax, Zmax) is usually the first antibiotic your doctor will try.",
            "Ciprofloxacin (Cetraxal, Ciloxan, Cipro) or levofloxacin (Levaquin) are other options."
        ]
    },
    {
        "name": "Canavan Disease",
        "link": "https://www.webmd.com/brain/leukodystrophy-types",
        "symptoms": [
            "Balance and mobility problems",
            "Behavioral and learning disabilities",
            "Bladder issues",
            "Breathing difficulties",
            "Developmental delays",
            "Hearing, speech, and vision problems",
            "Muscle control disorders",
            "Seizures"
        ],
        "causes": [
            "Blood and urine analysis",
            "CT scans",
            "Genetic testing",
            "MRI scans",
            "Psychological and cognitive tests"
        ]
    },
    {
        "name": "Cancer of the Tongue",
        "link": "https://www.webmd.com/cancer/tongue-cancer-facts",
        "symptoms": [
            "Pain in or near your tongue",
            "Changes in your voice, like sounding hoarse",
            "Trouble swallowing or chewing or with moving your jaw or tongue",
            "Numbness of the tongue or mouth",
            "Jaw swelling",
            "Constant sore throat",
            "A feeling like something is caught in your throat",
            "Swollen lymph nodes in your neck",
            "Coughing up blood",
            "Weight loss",
            "Ear pain",
            "Bleeding in your mouth",
            "A lump in the back of your mouth, throat, or neck"
        ],
        "prevention": [
            "Get vaccinated for HPV, depending on your age. Speak to your doctor about your options.",
            "If you are sexually active, use latex condoms every time you have sex.",
            "Don't use tobacco in any form.",
            "Don't chew betel.",
            "Avoid heavy or frequent alcohol use.",
            "Take good care of your teeth and gums."
        ],
        "causes": [
            "Tobacco use",
            "Alcohol use",
            "Jagged teeth",
            "Not taking care of your teeth and gums",
            "Chewing betel, common in South and Southeast Asia",
            "A personal history of certain cancers",
            "A poor diet"
        ]
    },
    {
        "name": "Cancer Pain",
        "link": "https://www.webmd.com/cancer/pain-management-cancer-pain",
        "symptoms": [
            "Antidepressants: Certain antidepressants are used to relieve pain even if the person isn't depressed. Amitriptyline and nortriptyline (Aventyl, Pamelor), and duloxetine (Cymbalta)are antidepressants sometimes used to treat pain.",
            "Anticonvulsants (anti-seizure medications): Despite the name, anticonvulsants like gabapentin (Horizant, Neurontin) and carbamazepine (Carbatrol, Equetro, Tegretol) are used not only for seizures, but also to control burning and tingling pain, painful symptoms of nerve damage.",
            "Other drugs: Corticosteroids such as prednisone (Sterapred) are used to lessen swelling, which often causes pain."
        ]
    },
    {
        "name": "Canefield Fever",
        "link": "https://www.webmd.com/a-to-z-guides/what-is-leptospirosis",
        "symptoms": [
            "Headache",
            "Muscle ache",
            "Jaundice (yellowing of the skin and eyes)",
            "Vomiting",
            "Diarrhea",
            "Skin rash"
        ],
        "prevention": [
            "Fever",
            "Belly pain, vomiting, diarrhea",
            "Weakness",
            "Pain",
            "Stiffness"
        ],
        "causes": [
            "Farmer",
            "Veterinarian",
            "Underground worker (you work in a sewer or a mine)",
            "Slaughterhouse worker",
            "Military personnel"
        ]
    },
    {
        "name": "Canker Sores",
        "link": "https://www.webmd.com/oral-health/guide/canker-sores",
        "symptoms": [
            "A tingling or burning sensation, often 6 to 24 hours before a canker sore",
            "Small sores in your mouth that are round or oval, white, gray, or pale yellow with a red edge or border",
            "A painful sore or sores that appear alone or in clusters inside your mouth: on your tongue, at the base of the gums, on your soft palate (the back portion of the roof of your mouth), or inside your cheeks"
        ],
        "prevention": [
            "Avoid foods that irritate your mouth, including citrus fruits, acidic vegetables, and spicy foods.",
            "Don’t chew gum.",
            "Brush your teeth with a soft-bristled brush after meals, and floss daily, which will keep your mouth free of foods that might trigger a sore."
        ],
        "causes": [
            "Stress",
            "Tissue injury, like from a sharp tooth or a dental appliance",
            "Certain foods, including citrus or acidic fruits and vegetables (such as lemons, oranges, pineapples, apples, figs, tomatoes, and strawberries)",
            "Nonsteroidal anti-inflammatory drugs like ibuprofen",
            "An allergy to something in your food or in your toothpaste or mouthwash",
            "Helicobacter pylori, the bacteria that can cause peptic ulcers"
        ]
    },
    {
        "name": "Car Seats for Children",
        "link": "https://www.webmd.com/parenting/baby/stay-safe-in-car",
        "prevention": [
            "NEVER put strings or cords around your baby's neck (such as to hold a pacifier) or near your baby's crib. Be cautious of strings or buttons on clothing; make sure they are not in danger of choking your baby.",
            "Secure cords on blinds and drapes out of reach to prevent accidental strangulation.",
            "Put away small objects -- even display items -- that can cause injury or choking if swallowed."
        ]
    },
    {
        "name": "Carbon Monoxide Poisoning",
        "link": "https://www.webmd.com/a-to-z-guides/prevent-carbon-monoxide-poisoning",
        "symptoms": [
            "Feel short of breath",
            "Get dizzy",
            "Become nauseous",
            "Get a headache",
            "Feel confused"
        ]
    },
    {
        "name": "Carcinoid Apudoma",
        "link": "https://www.webmd.com/cancer/carcinoid-syndrome",
        "symptoms": [
            "Skin that turns pink, red, or purple",
            "Small, widened blood vessels on their face",
            "Diarrhea",
            "Shortness of breath or wheezing",
            "Rapid heart rate",
            "Sudden drops in blood pressure"
        ],
        "prevention": [
            "Alcohol",
            "Nuts",
            "Cheese",
            "Chili peppers",
            "Hot liquids"
        ]
    },
    {
        "name": "Carcinoid Syndrome",
        "link": "https://www.webmd.com/cancer/carcinoid-syndrome",
        "symptoms": [
            "Skin that turns pink, red, or purple",
            "Small, widened blood vessels on their face",
            "Diarrhea",
            "Shortness of breath or wheezing",
            "Rapid heart rate",
            "Sudden drops in blood pressure"
        ],
        "prevention": [
            "Alcohol",
            "Nuts",
            "Cheese",
            "Chili peppers",
            "Hot liquids"
        ]
    },
    {
        "name": "Catatonia",
        "link": "https://www.webmd.com/schizophrenia/what-is-catatonia",
        "symptoms": [
            "Not responding to other people or their environment",
            "Not speaking",
            "Holding their body in an unusual position",
            "Resisting people who try to adjust their body",
            "Agitation",
            "Repetitive, seemingly meaningless movement",
            "Mimicking someone else’s speech",
            "Mimicking someone else’s movements"
        ],
        "prevention": [
            "Sedatives don’t work.",
            "The catatonia is severe.",
            "The person has had catatonia before.",
            "Quick action is needed to save someone’s life."
        ],
        "causes": [
            "Conditions that affect your body chemistry, like kidney problems, diabetes, and thyroid conditions",
            "Parkinson’s disease, which attacks your body’s nervous system",
            "Encephalitis, an infection that affects your brain"
        ]
    },
    {
        "name": "Central Precocious Puberty",
        "link": "https://www.webmd.com/parenting/central-precocious-puberty",
        "symptoms": [
            "Breasts start to grow (often the first sign)",
            "Menstruation (typically not until 2-3 years after the earlier symptoms start)"
        ],
        "prevention": [
            "Watchful waiting. In many cases, your doctor won't be able to find a cause. They may suggest watching your kid for a few months.",
            "GnRH analogue therapy. If your child has central precocious puberty and no other conditions, the doctor may suggest GnRH analogue therapy. This is a medication your child gets once a month in a shot, until they reach the normal age for puberty. It stops sexual development while they take it.",
            "Histrelin implant (Vantas). Your child would need a minor surgery to get this implant. The doctor puts it under the skin of the inside part of their upper arm. It also delays development but doesn't require monthly shots. The implant lasts a year.",
            "Treatment of another condition. If your kid has a condition that's causing precocious puberty, treating that will usually stop it."
        ],
        "causes": [
            "Tumors and other growths, which are often noncancerous (benign)",
            "Brain injury, either from surgery or a blow to the head, that affects hormonal balances",
            "Genetic conditions",
            "Seriously underactive thyroid"
        ]
    },
    {
        "name": "Cervical Ectropion",
        "link": "https://www.webmd.com/cancer/cervical-cancer/cervical-ectropion",
        "symptoms": [
            "Vaginal discharge, sometimes with streaks of blood",
            "Bleeding or spotting during or after sex (as long as 12 hours afterward)",
            "Pain during or after sex"
        ]
    },
    {
        "name": "CF (Cystic Fibrosis)",
        "link": "https://www.webmd.com/children/what-is-cystic-fibrosis",
        "symptoms": [
            "Trouble with bowel movements or frequent, greasy stools",
            "Wheezing  or trouble breathing",
            "Frequent lung infections",
            "Infertility, especially in men",
            "Trouble growing or gaining weight",
            "Skin that tastes very salty"
        ],
        "prevention": [
            "Antibiotics. They can prevent or treat lung infections and help your lungs work better. You might get them as pills, in an inhaler, or in a shot.",
            "Anti-inflammatory medicines. These include ibuprofen and corticosteroids.",
            "Bronchodilators. You’ll get these from an inhaler. They’ll relax and open your airways.",
            "Mucus thinners. They’ll help you get the gunk out of your airways. You’ll get them from an inhaler.",
            "CFTR modulators. These help CFTR work like it should. They can make your lungs work better and help you gain weight.",
            "Combination therapy. The new medication elexacaftor/ivacaftor/tezacaftor (Trikafta) combines three CFTR modulators to target the CFTR protein and make it work for efficiently."
        ],
        "causes": [
            "Blood test. This test checks the levels of immunoreactive trypsinogen (IRT). People with CF have higher levels of it in their blood."
        ]
    },
    {
        "name": "Chagas Disease",
        "link": "https://www.webmd.com/a-to-z-guides/chagas-disease-overview",
        "symptoms": [
            "Fever, fatigue, or other flu-like symptoms",
            "A rash",
            "A sore where the parasite has entered the body",
            "Vomiting, diarrhea, or loss of appetite",
            "Swollen eyelids, if the parasite has entered through the eyes (known as Romaña’s sign)"
        ]
    },
    {
        "name": "Chalazia",
        "link": "https://www.webmd.com/eye-health/understanding-stye-basics",
        "causes": [
            "What Is a Stye?",
            "Stye Symptoms",
            "Stye Treatment",
            "Stye Prevention"
        ]
    },
    {
        "name": "Chalazion",
        "link": "https://www.webmd.com/eye-health/chalazion-what-is",
        "symptoms": [
            "Watery eyes",
            "Mild eye irritation",
            "Blurry vision"
        ],
        "prevention": [
            "Wash your hands often, especially before touching your eyes and handling contact lenses.",
            "Wash your eyelids before you go to bed to remove makeup and other things that can clog your glands.",
            "Replace your eye makeup every 2 or 3 months. Don’t share makeup with anyone else.",
            "If you wear contact lenses, make sure to clean them well with a disinfecting lens cleaning solution.",
            "If your contacts are disposable, make sure you only wear them for the recommended amount of time.",
            "Ask your doctor if you should carefully scrub your eyelids as part of your normal routine, especially if you’ve had a chalazion more than once."
        ],
        "causes": [
            "Rosacea",
            "Eyelid inflammation (blepharitis)",
            "Seborrheic dermatitis",
            "Tuberculosis",
            "Viral infections"
        ]
    },
    {
        "name": "Chanarin Dorfman Disease",
        "link": "https://www.webmd.com/skin-problems-and-treatments/what-is-ichthyosis",
        "symptoms": [
            "Trunk",
            "Stomach",
            "Buttocks",
            "Legs",
            "Face and scalp"
        ],
        "prevention": [
            "Taking baths or other steps to add moisture to your skin.",
            "Staying cool. Heat and sweat can make it worse.",
            "Use a humidifier to keep heat and air conditioning from drying out your skin.",
            "Wear loose clothes that are cotton or another fabric that doesn't bother your skin.",
            "Avoid laundry detergents or other products with dyes and perfumes."
        ],
        "causes": [
            "Underactive thyroid gland",
            "Kidney disease",
            "Sarcoidosis, a rare disease that causes patches of inflammation inside the body",
            "Cancer such as Hodgkin's lymphoma",
            "HIV infection"
        ]
    },
    {
        "name": "Charcot-Marie-Tooth Disease",
        "link": "https://www.webmd.com/brain/what-is-charcot-marie-tooth-disease",
        "symptoms": [
            "Walking on your heels. This is a way to check for leg weakness.",
            "Muscle-reflex exams. One example is the knee-jerk reflex. People with CMT disease often don’t respond to these basic tests.",
            "The nerve conduction velocity test. A doctor attaches electrodes to your skin and gives your body mild shocks. This tests the ability of your nerves to send and receive messages. People with CMT have a slow or weak response.",
            "Electromyography. The doctor sticks a narrow needle into a muscle to check for electrical activity as you do things such as make a fist."
        ],
        "prevention": [
            "Physical therapy. This involves working with a therapist to stretch and strengthen your muscles with low-impact activities such as swimming, biking, and aerobics. Doctors recommend starting early, before the muscles start to waste away.",
            "Occupational therapy. If the disease has progressed to the arms and hands, CMT disease patients may find it hard to do everyday tasks. A specialist can train you to improve your strength, grip, and flexibility.",
            "Assistive devices. Leg braces, custom footwear, and other orthotics can provide support and ease mobility.",
            "Medication. Talk to your doctor about painkillers and other drugs that can ease the pain of muscle cramps or nerve damage."
        ]
    },
    {
        "name": "CHF (Congestive Heart Failure)",
        "link": "https://www.webmd.com/heart-disease/guide-heart-failure",
        "symptoms": [
            "Raised need to pee at night from extra fluid in your body",
            "Appetite loss or nausea from bloating in your stomach",
            "Dizziness or confusion from a lack of blood to your brain",
            "Weakness because you have less blood flow to your muscles",
            "Fast or irregular heartbeat as your heart tries to pump more blood to your body",
            "Fast weight gain from fluid buildup",
            "Chest pain if a heart attack caused the heart failure"
        ],
        "prevention": [
            "Unexplained weight gain (more than 2 pounds in a day or 5 pounds in a week)",
            "Swelling in your ankles, feet, legs, or belly that gets worse",
            "Shortness of breath that gets worse or happens more often, especially if you wake up feeling that way",
            "Bloating with a loss of appetite or nausea",
            "Extreme fatigue or more trouble finishing your daily activities",
            "A lung infection or a cough that gets worse",
            "Fast heart rate (above 100 beats per minute or a rate noted by your doctor)",
            "New irregular heartbeat",
            "Chest pain or discomfort during activity that gets better if you rest",
            "Trouble breathing during regular activities or at rest",
            "Changes in how you sleep, like having a hard time sleeping or feeling the need to sleep a lot more than usual",
            "Less of a need to pee",
            "Restlessness, confusion",
            "Constant dizziness or lightheadedness"
        ],
        "causes": [
            "Coronary artery disease (CAD). CAD happens when sticky plaque builds up in the arteries that supply blood and oxygen to the heart. Blood flow to the heart muscle drops. If the arteries become blocked or severely narrowed, the heart is starved for oxygen and nutrients.",
            "Heart attack. A heart attack is a sudden blockage in an artery that sends blood to the heart muscle. Without blood, part of the heart muscle becomes damaged and doesn't work the way it should.",
            "Cardiomyopathy. Damage to the heart muscle prevents it from pumping enough blood. Gene changes, infections, and alcohol or drug use can cause this condition.",
            "Conditions that overwork the heart. High blood pressure, heart valve disease, thyroid disease, kidney disease, diabetes, or heart problems you're born with can cause heart failure. Sometimes, more than one disease combines to cause heart failure."
        ]
    },
    {
        "name": "CHH",
        "link": "https://www.webmd.com/a-to-z-guides/what-is-chondrodysplasia",
        "symptoms": [
            "Back pain",
            "Curvature of the spine",
            "Spinal stenosis",
            "Issues with the joints",
            "Lung infections",
            "Seizures",
            "Sleep apnea"
        ],
        "prevention": [
            "Back pain",
            "Curvature of the spine",
            "Spinal stenosis",
            "Issues with the joints",
            "Lung infections",
            "Seizures",
            "Sleep apnea"
        ]
    },
    {
        "name": "Chickenpox (Varicella)",
        "link": "https://www.webmd.com/children/what-is-chickenpox",
        "symptoms": [
            "Body aches",
            "Fever",
            "Feeling very tired",
            "Loss of appetite",
            "Headache"
        ],
        "prevention": [
            "The rash gets close to or spreads to one or both eyes.",
            "The rash gets very red, warm, or tender. You could have a bacterial skin infection.",
            "Bleeding or bruising around your rash",
            "Dizziness",
            "Shortness of breath",
            "Bad cough",
            "Bad stomach pain",
            "Vomiting",
            "Stiff neck",
            "You can’t control your muscles",
            "Trouble walking",
            "Trouble waking up",
            "Confusion",
            "Fever lasting more than four days",
            "Fever over 102 F",
            "Dehydration"
        ]
    },
    {
        "name": "CHIK",
        "link": "https://www.webmd.com/a-to-z-guides/what-is-chikungunya",
        "prevention": [
            "Aspirin",
            "Ibuprofen",
            "Naproxen sodium"
        ]
    },
    {
        "name": "Chilblains",
        "link": "https://www.webmd.com/first-aid/frostbite",
        "symptoms": [
            "In superficial frostbite, you may experience burning, numbness, tingling, itching, or cold sensations in the affected areas. The regions appear white and frozen, but if you press on them, they retain some resistance.",
            "In deep frostbite, there is an initial decrease in sensation that is eventually completely lost. Swelling and blood-filled blisters are noted over white or yellowish skin that looks waxy and turns a purplish blue as it rewarms. The area is hard, has no resistance when pressed on, and may even appear blackened and dead.",
            "You will experience significant pain as the areas are rewarmed and blood flow reestablished. A dull continuous ache transforms into a throbbing sensation in 2-3 days. This may last weeks to months until final tissue separation is complete.",
            "At first the areas may appear deceptively healthy. Most people do not arrive at the doctor with frozen, dead tissue. Only time can reveal the final amount of tissue damage."
        ],
        "prevention": [
            "Many cases of frostbite are seen in alcoholics, people with psychiatric illness, car accidents or car breakdowns in bad weather, and recreational drug misuse.",
            "All of these conditions share the problem of cold exposure and either the unwillingness or inability of a person to remove themselves from this threat.",
            "Tobacco smokers and people with diseases of the blood vessels also are at increased risk because they have an already decreased amount of blood flow to their arms and legs.",
            "Homelessness, fatigue, dehydration, improper clothing, and high altitude are additional risk factors."
        ],
        "causes": [
            "In conditions of prolonged cold exposure, your body sends signals to the blood vessels in your arms and legs telling them to constrict (narrow). By slowing blood flow to the skin, your body is able to send more blood to the vital organs, supplying them with critical nutrients and oxygen, while also preventing a further decrease in internal body temperature by exposing less blood to the outside cold.",
            "As this process continues and your extremities (the parts farthest from your heart) become colder and colder, a condition called the hunting response is initiated. Your blood vessels are dilated (widened) for a period of time and then constricted again. Periods of dilatation are cycled with times of constriction in order to preserve as much function in your extremities as possible. However, when your brain senses that you are in danger of hypothermia (when your body temperature drops significantly below 98.6°F), it permanently constricts these blood vessels in order to prevent them from returning cold blood to the internal organs. When this happens, frostbite has begun.",
            "Frostbite is caused by 2 different means: cell death at the time of exposure and further cell deterioration and death because of a lack of oxygen.In the first, ice crystals form in the space outside of the cells. Water is lost from the cell’s interior, and dehydration promotes the destruction of the cell.In the second, the damaged lining of the blood vessels is the main culprit. As blood flow returns to the extremities upon rewarming, it finds that the blood vessels themselves are injured, also by the cold. Holes appear in vessel walls and blood leaks out into the tissues. Flow is impeded and turbulent, and small clots form in the smallest vessels of the extremities. Because of these blood flow problems, complicated interactions occur, and inflammation causes further tissue damage. This injury is the primary determinant of the amount of tissue damage you will have in the end.It is rare for the inside of the cells themselves to be frozen. This phenomenon is only seen in very rapid freezing injuries, such as those produced by frozen metals.",
            "In the first, ice crystals form in the space outside of the cells. Water is lost from the cell’s interior, and dehydration promotes the destruction of the cell.",
            "In the second, the damaged lining of the blood vessels is the main culprit. As blood flow returns to the extremities upon rewarming, it finds that the blood vessels themselves are injured, also by the cold. Holes appear in vessel walls and blood leaks out into the tissues. Flow is impeded and turbulent, and small clots form in the smallest vessels of the extremities. Because of these blood flow problems, complicated interactions occur, and inflammation causes further tissue damage. This injury is the primary determinant of the amount of tissue damage you will have in the end.",
            "It is rare for the inside of the cells themselves to be frozen. This phenomenon is only seen in very rapid freezing injuries, such as those produced by frozen metals."
        ]
    },
    {
        "name": "CHILD Naevus",
        "link": "https://www.webmd.com/skin-problems-and-treatments/what-is-ichthyosis",
        "symptoms": [
            "Trunk",
            "Stomach",
            "Buttocks",
            "Legs",
            "Face and scalp"
        ],
        "prevention": [
            "Taking baths or other steps to add moisture to your skin.",
            "Staying cool. Heat and sweat can make it worse.",
            "Use a humidifier to keep heat and air conditioning from drying out your skin.",
            "Wear loose clothes that are cotton or another fabric that doesn't bother your skin.",
            "Avoid laundry detergents or other products with dyes and perfumes."
        ],
        "causes": [
            "Underactive thyroid gland",
            "Kidney disease",
            "Sarcoidosis, a rare disease that causes patches of inflammation inside the body",
            "Cancer such as Hodgkin's lymphoma",
            "HIV infection"
        ]
    },
    {
        "name": "Childhood Cyclic Vomiting",
        "link": "https://www.webmd.com/migraines-headaches/cyclic-vomiting-migraines",
        "prevention": [
            "Reduce your stress. Stress is a common trigger for nauseating headaches. Find ways to cut it, and your attacks could get less severe and happen less often.",
            "Quit smoking.",
            "Keep a diary to identify any foods that trigger your headaches. Common culprits include chocolate and alcohol.",
            "Get plenty of sleep and rest.",
            "Take your meds. Your doctor might prescribe drugs to help prevent your headaches, especially if you’re diagnosed with migraines. Meds may also help stop your headache after it starts, or ease your symptoms. You can also take anti-nausea medications during your headaches. They come in different forms, like pills, nasal sprays, suppositories, syrups, and shots. They have a number of side effects, so work with your doctor to find the best one for you.",
            "Try complementary treatments. Some evidence shows that biofeedback and acupuncture may help ease migraines and other kinds of headaches and related symptoms, such as nausea."
        ],
        "causes": [
            "Inner ear infection",
            "Carbon monoxide poisoning",
            "West Nile virus",
            "Toxic shock syndrome",
            "Dengue fever",
            "Black widow bite",
            "Cluster headaches",
            "Brain bleeding",
            "Brain injury",
            "Brain tumor",
            "Brain infection",
            "Acoustic neuroma (tumor around the nerves that connect your inner ear and your brain)",
            "Malaria and yellow fever",
            "Hepatitis A",
            "Fifth disease",
            "Kidney disease"
        ]
    },
    {
        "name": "Childhood Depression",
        "link": "https://www.webmd.com/depression/guide/depression-children",
        "prevention": [
            "Many depressive symptoms (changes in eating, sleeping, activities)",
            "Social isolation, including isolation from the family",
            "Talk of suicide, hopelessness, or helplessness",
            "Increased acting-out of undesirable behaviors (sexual or behavioral)",
            "Increased risk-taking behaviors",
            "Frequent accidents",
            "Substance abuse",
            "Focus on morbid and negative themes",
            "Talk about death and dying",
            "Increased crying or reduced emotional expression",
            "Giving away possessions"
        ]
    },
    {
        "name": "Childhood Giant Axonal Neuropathy",
        "link": "https://www.webmd.com/brain/multifocal-motor-neuropathy",
        "symptoms": [
            "Which muscles are giving you trouble?",
            "Is it worse on one side of your body?",
            "How long have you been feeling this way?",
            "Do you have any numbness or tingling?",
            "Does anything make your symptoms better? What makes them worse?"
        ]
    },
    {
        "name": "Childhood Muscular Dystrophy",
        "link": "https://www.webmd.com/children/understanding-muscular-dystrophy-basics",
        "symptoms": [
            "Myotonic (also called MMD or Steinert's disease). The most common form of muscular dystrophy in adults, myotonic muscular dystrophy affects both men and women, and it usually appears any time from early childhood to adulthood. In rare cases, it appears in newborns (congenital MMD). The name refers to a symptom, myotonia -- prolonged spasm or stiffening of muscles after use. This symptom is usually worse in cold temperatures. The disease causes muscle weakness and also affects the central nervous system, heart, gastrointestinal tract, eyes, and hormone-producing glands. In most cases, daily living isn't restricted for many years. Those with myotonic MD have a decreased life expectancy.",
            "Duchenne. The most common form of muscular dystrophy in children, Duchenne muscular dystrophy typically affects only males. It appears between the ages of 2 and 6. The muscles decrease in size and grow weaker over time yet may appear larger. Disease progression varies, but many people with Duchenne (1 in 3,500 boys) need a wheelchair by the age of 12. In most cases, the arms, legs, and spine become progressively deformed, and there may be some cognitive impairment. Severe breathing and heart problems mark the later stages of the disease. Those with Duchenne MD usually die in their late teens or early 20s.",
            "Becker. This form is similar to Duchenne muscular dystrophy, but the disease is much milder: symptoms appear later and progress more slowly. It usually appears between the ages of 2 and 16 but can appear as late as age 25. Like Duchenne muscular dystrophy, Becker muscular dystrophy typically affects only males (1 in 30,000) and causes heart problems. Disease severity varies. Those with Becker can usually walk into their 30s and live further into adulthood.",
            "Limb-girdle. This appears in the teens to early adulthood and affects males and females. In its most common form, Limb-girdle muscular dystrophy causes progressive weakness that begins in the hips and moves to the shoulders, arms, and legs and the heart may be affected. Within 20 years, walking becomes difficult or impossible. Sufferers typically live to middle age to late adulthood.",
            "Facioscapulohumeral. Facioscapulohumeral refers to the muscles that move the face, shoulder blade, and upper arm bone. This form of muscular dystrophy appears in the teens to early adulthood and affects males and females. It progresses slowly, with short periods of rapid muscle deterioration and weakness. Severity ranges from very mild to completely disabling. Walking, chewing, swallowing, and speaking problems can occur. About 50% of those with facioscapulohumeral MD can walk throughout their lives, and most live a normal life span. It may also bee associated with seizures, mental health problems, and can involve the heart",
            "Congenital. Congenital means present at birth. Congenital muscular dystrophies progress slowly and affect males and females. The two forms that have been identified -- Fukuyama and congenital muscular dystrophy with myosin deficiency -- cause muscle weakness at birth or in the first few months of life, along with severe and early contractures (shortening or shrinking of muscles that causes joint problems). Fukuyama congenital muscular dystrophy causes abnormalities in the brain and often seizures.",
            "Oculopharyngeal. Oculopharyngeal means eye and throat. This form of muscular dystrophy appears in men and women in their 40s, 50s, and 60s. It progresses slowly, causing weakness in the eye and face muscles, which may lead to difficulty swallowing. Weakness in pelvic and shoulder muscles may occur later. Choking and recurrent pneumonia may occur.",
            "Distal. This group of rare diseases affects adult men and women. It causes weakness and wasting of the distal muscles (those farthest from the center) of the forearms, hands, lower legs, and feet. It is generally less severe, progresses more slowly, and affects fewer muscles than other forms of muscular dystrophy.",
            "Emery-Dreifuss. This rare form of muscular dystrophy appears from childhood to the early teens and affects mainly males. In very rare cases, females can be affected. For that to happen, both of a girls X chromosomes (the one they get from their mother and the one from their father) would have to have the defective gene. It causes muscle weakness and wasting in the shoulders, upper arms, and lower legs. Life-threatening heart problems are common and can also affect carriers -- those who have the genetic information for the disease but do not develop the full-blown version (including mothers and sisters of those with Emery-Dreifuss MD). Muscle shortening (contractures) occurs early in the disease. Weakness can spread to chest and pelvic muscles. The disease progresses slowly and causes less severe muscle weakness than some other forms of muscular dystrophy."
        ],
        "prevention": [
            "Steroids. Corticosteroids, such as prednisone and deflazacort (Emflaza), are the standard of care for muscular dystrophy. They help improve muscle strength and breathing and decrease weakness. Side effects include high blood pressure and weight gain. People who use steroids for a long time are at risk for brittle bones.",
            "Medicines targeting gene mutations. Eteplirsen (Exondys 51) and golodirsen (Vyondys 53) increase the level of the gene dystrophin. They’re approved to specifically treat Duchenne muscular dystrophy.",
            "Anticonvulsants. Often used to treat epilepsy, these antiseizure drugs may also help reduce muscle spasms.",
            "Immunosuppressants. These powerful medicines are often used to treat lupus and other autoimmune diseases. When given to people with muscular dystrophy, they may help prevent some muscle cell damage.",
            "Antibiotics. The doctor may prescribe an antibiotic to treat a lung infection, which is common in people with muscular dystrophy."
        ]
    },
    {
        "name": "Children's Hygiene",
        "link": "https://www.webmd.com/parenting/guide/baby-safety",
        "prevention": [
            "NEVER put strings or cords around your baby's neck (such as to hold a pacifier) or near your baby's crib. Be cautious of strings or buttons on clothing; make sure they are not in danger of choking your baby.",
            "Secure cords on blinds and drapes out of reach to prevent accidental strangulation.",
            "Put away small objects -- even display items -- that can cause injury or choking if swallowed."
        ]
    },
    {
        "name": "Chronic Lymphocytic Leukemia",
        "link": "https://www.webmd.com/cancer/lymphoma/chronic-lymphocytic-leukemia-rare",
        "symptoms": [
            "Swollen lymph nodes in your neck, armpits, stomach, or groin; lymph nodes are pea-sized glands in these and other areas of your body.",
            "Shortness of breath",
            "Pain or fullness in your stomach, which may be because the disease has made your spleen bigger",
            "Fatigue",
            "Night sweats",
            "Fever and infections",
            "Loss of appetite and weight"
        ],
        "prevention": [
            "Ask your doctor about anti-nausea drugs. Therapeutic massage and acupuncture may also help control nausea and vomiting.",
            "Try walking, restorative yoga, breathing exercises, and meditation to curb fatigue and boost energy.",
            "On days when your energy and mood are low, set one small goal for the day. Take a walk, talk with a friend, or take a relaxing shower."
        ],
        "causes": [
            "You have a parent, sibling, or child who has CLL.",
            "You're middle-aged or older.",
            "You're a white man.",
            "You have relatives who are either Eastern European or Russian Jews."
        ]
    },
    {
        "name": "Chronic Myeloid Leukemia",
        "link": "https://www.webmd.com/cancer/lymphoma/cml-need-to-know-first",
        "symptoms": [
            "Feel very tired",
            "Have a fever",
            "Get bruises",
            "Have night sweats",
            "Be short of breath",
            "Lose some weight",
            "Feel less hungry",
            "Get swelling or pain on your left side (which could be a sign of an enlarged spleen)",
            "Feel pain in your bones"
        ],
        "prevention": [
            "Bosutinib (Bosulif)",
            "Dasatinib (Sprycel)",
            "Imatinib (Gleevec)",
            "Nilotinib (Tasigna)"
        ]
    },
    {
        "name": "Classic Galactosemia",
        "link": "https://www.webmd.com/children/what-is-galactrosemia",
        "causes": [
            "Classic (type I)",
            "Galactokinase deficiency (type II)",
            "Galactose epimerase deficiency (type III)"
        ]
    },
    {
        "name": "Classic Type Pfeiffer Syndrome",
        "link": "https://www.webmd.com/children/what-is-pfeiffer-syndrome",
        "symptoms": [
            "A wide, flat nose that curves down at the tip",
            "Crowded, crooked teeth",
            "Wide-set, bulging eyes",
            "A head that’s short from front to back",
            "A high forehead",
            "A sunken midface",
            "A very small upper jaw"
        ],
        "prevention": [
            "Your child can wear a special mask while sleeping. It’s called a “continuous positive airway pressure mask” — or CPAP for short. This is a standard treatment for sleep apnea.",
            "Midface surgery can help remove blockages.",
            "A surgeon can remove the tonsils or adenoids (tissues in the back of the nose that help fight infection)."
        ]
    },
    {
        "name": "Cleft Lip",
        "link": "https://www.webmd.com/oral-health/cleft-lip-cleft-palate",
        "symptoms": [
            "Delayed speech or trouble speaking",
            "Ear infections",
            "Hearing loss",
            "Missing, crooked, or small teeth",
            "Teeth and jaws that don't line up evenly"
        ],
        "prevention": [
            "Braces to straighten the teeth",
            "Ear tubes and other treatments for ear infections",
            "Feeding therapy",
            "Hearing aids",
            "Speech therapy",
            "Talk therapy to manage the stress of living with cleft lip and palate"
        ]
    },
    {
        "name": "Clival Chordoma",
        "link": "https://www.webmd.com/cancer/what-is-chordoma",
        "symptoms": [
            "Abnormal eye movements",
            "Changes to your voice or speech",
            "Double vision",
            "Headache",
            "Loss of feeling and movement in your face",
            "Neck pain",
            "Trouble swallowing"
        ],
        "prevention": [
            "Your age",
            "Your health",
            "Size of the tumor",
            "Where the tumor is"
        ]
    },
    {
        "name": "Clostridium Difficile Colitis",
        "link": "https://www.webmd.com/digestive-disorders/clostridium-difficile-colitis",
        "symptoms": [
            "Watery diarrhea that happens three to four times a day for several days",
            "Stomach pain, cramping, or tenderness"
        ],
        "prevention": [
            "Ask your health care professionals to wash their hands thoroughly before and after caring for you.",
            "Request that all medical equipment be sanitized before being brought into your room.",
            "Wash your hands with soap and water after using the bathroom and before eating."
        ],
        "causes": [
            "Fluoroquinolones",
            "Cephalosporins",
            "Penicillins",
            "Clindamycin"
        ]
    },
    {
        "name": "Clubfoot",
        "link": "https://www.webmd.com/a-to-z-guides/what-is-clubfoot",
        "symptoms": [
            "A downward-pointing foot and toes that may be curled inward",
            "A foot that appears to be sideways or sometimes even upside down",
            "Smaller foot size (may be up to a half inch smaller compared to other babies' feet)",
            "Calf muscles (on the affected leg) that may not be fully developed",
            "A limited range of motion in their foot"
        ]
    },
    {
        "name": "Cluster Headaches",
        "link": "https://www.webmd.com/migraines-headaches/cluster-headaches",
        "symptoms": [
            "Discomfort or a mild burning feeling",
            "A swollen or drooping eye",
            "A smaller pupil in the eye",
            "Eye redness or watering",
            "Runny or congested nose",
            "Red, warm face",
            "Sweating",
            "Sensitivity to light",
            "Restlessness or agitation, pacing"
        ],
        "prevention": [
            "Triptans. These drugs are among the best ways to treat the pain. You might get:Sumatriptan (Imitrex, Onzetra Xsail, Sumavel, Zecuity, Zembrace SymTouch), which works both as a shot or inhaledZolmitriptan (Zomig)",
            "Sumatriptan (Imitrex, Onzetra Xsail, Sumavel, Zecuity, Zembrace SymTouch), which works both as a shot or inhaled",
            "Zolmitriptan (Zomig)",
            "Dihydroergotamine (DHE 45). This prescription medicine is based on the ergot fungus.",
            "Octreotide. This is a lab-made form of somatostatin, a growth hormone. You take it through an IV in your vein.",
            "Lidocaine. This is a pain reliever, in the form of a nasal spray.",
            "Oxygen. Your doctor might call it inhaled oxygen. You’ll breathe it in through a face mask for 15 minutes."
        ]
    },
    {
        "name": "CMTC",
        "link": "https://www.webmd.com/skin-problems-and-treatments/cutis-marmorata-telangiectatica-congenita",
        "symptoms": [
            "Bleeding on areas of the skin where the pattern appears, sometimes along with pain",
            "Slower or larger growth of the limb that has the pattern"
        ],
        "prevention": [
            "CMTC is on the face or scalp",
            "Leg, knee, or hip pain, or other signs that the legs are growing at different rates",
            "Pattern bleeds, grows, or causes pain",
            "Signs of superficial venous insufficiency"
        ]
    },
    {
        "name": "CMV",
        "link": "https://www.webmd.com/hiv-aids/guide/aids-hiv-opportunistic-infections-cytomegalovirus",
        "symptoms": [
            "Newborns who get CMV before birth",
            "Infants infected during or soon after birth",
            "Recipients of organ, bone marrow, or stem cell transplants",
            "Those infected with HIV"
        ],
        "prevention": [
            "Washing your hands often with soap and water for 15-20 seconds",
            "Avoiding contact with tears or saliva, especially in young kids",
            "Avoiding shared food or drinking glasses",
            "Washing your hands after touching dirty diapers, tissues, or other items with bodily fluids on them",
            "Keeping toys, countertops, and other surfaces clean",
            "Using condoms during sex"
        ],
        "causes": [
            "Saliva",
            "Semen",
            "Vaginal fluids",
            "Blood",
            "Urine",
            "Breast milk"
        ]
    },
    {
        "name": "Cold Agglutinin Disease",
        "link": "https://www.webmd.com/women/what-is-cold-agglutinin-disease",
        "symptoms": [
            "Dizziness and headaches",
            "Sore back, legs, or joints",
            "Ringing in your ears",
            "Irritability or changes in your behavior",
            "Pale or yellow skin",
            "Vomiting or diarrhea",
            "Cold feet or hands",
            "Chest pains or an irregular heartbeat"
        ],
        "causes": [
            "A bacterial infection like E. coli, syphilis, or Legionnaire’s disease",
            "A virus, like the ones that cause the flu, hepatitis C, or AIDS",
            "A parasitic infection like malaria",
            "Other conditions that cause your immune system to turn on your body",
            "Other kinds of cancer that affect your blood cells, like multiple myeloma or leukemia"
        ]
    },
    {
        "name": "Cold Sores",
        "link": "https://www.webmd.com/skin-problems-and-treatments/understanding-cold-sores-basics",
        "symptoms": [
            "Burning and pain inside your mouth",
            "Sore throat",
            "Pain when you swallow",
            "Headache",
            "Upset stomach"
        ],
        "prevention": [
            "Get plenty of rest. A lack of sleep weakens your immune system, so you get sick more easily.",
            "Wear lip balm with sunscreen. Look for SPF on the label.",
            "Talk with your doctor. If you get sores often, they might have you take an antiviral medicine every day."
        ],
        "causes": [
            "Some foods",
            "Stress",
            "Fever",
            "Colds",
            "Allergies",
            "Fatigue",
            "Sunburn or being in strong sunlight",
            "Dental work or cosmetic surgery",
            "Your period"
        ]
    },
    {
        "name": "Colic",
        "link": "https://www.webmd.com/parenting/baby/understanding-colic-basics",
        "symptoms": [
            "Sound urgent without a clear reason, such as hunger or a dirty diaper",
            "Be high-pitched and loud, like they’re in pain",
            "Last for several hours"
        ],
        "prevention": [
            "Make sure they're not hungry, but don't overfeed them.",
            "If you’re breastfeeding, ask your doctor if your medications or foods might cause irritation or an allergic reaction in your baby.",
            "Change their body positions often.",
            "Rock them or massage their back and tummy.",
            "Talk or sing softly to your baby.",
            "Use a pacifier.",
            "Swaddle your baby in a soft blanket.",
            "Hold them with their bare skin against yours.",
            "Use white noise (like a fan) or a recording of a heartbeat.",
            "Take them for a car ride or on a long walk.",
            "Put them in a swing or vibrating seat.",
            "Give them a warm bath."
        ],
        "causes": [
            "A growing digestive system with muscles that often spasm",
            "Gas",
            "Hormones that cause belly pain or crankiness",
            "Sensitivity to light or noise",
            "Too much stimulation",
            "A developing nervous system",
            "An early form of childhood migraine",
            "Fear, frustration, or excitement",
            "Inability to self-soothe",
            "Milk allergy"
        ]
    },
    {
        "name": "Colitis",
        "link": "https://www.webmd.com/ibd-crohns-disease/ulcerative-colitis/digestive-diseases-ulcerative-colitis-treatment",
        "prevention": [
            "Fish oil: In foods, the omega-3 fatty acids found in fish, walnuts, flaxseed, and vegetable oils are good for your health. They lessen inflammation and help protect the heart, among other benefits. Some people with UC take omega-3 supplements in the form of fish oil capsules to lessen gut inflammation. Research has so far been unclear on whether this works. Too much fish oil may be bad for you and could be dangerous if you take it with blood thinners like warfarin (Coumadin).",
            "Turmeric: This spice, commonly used in Indian and South Asian cooking, has a chemical called curcumin that may help lessen inflammation in some people. Some small studies show that it could help with UC flare-ups in capsule form, but scientists need to do more research to be sure of these results. Also, many of the studies used very pure curcumin compounds that may not be available in retail brands. Curcumin can also have side effects that include bloating, nausea, and diarrhea. It also thins the blood and has not been tested for safety in pregnant women.",
            "Probiotics: These are “good” bacteria found in many foods that add to the healthy balance of bacteria in your gut. In supplement form, some studies suggest they could help bring a UC flare-up to an end and keep it there, especially if you have a pouch (from J-pouch surgery) that is inflamed. Still, it’s important to take care. There are a wide variety of probiotic products on the market, and much more study is needed."
        ]
    },
    {
        "name": "Colitis Gravis",
        "link": "https://www.webmd.com/ibd-crohns-disease/ulcerative-colitis/digestive-diseases-ulcerative-colitis-treatment",
        "prevention": [
            "Fish oil: In foods, the omega-3 fatty acids found in fish, walnuts, flaxseed, and vegetable oils are good for your health. They lessen inflammation and help protect the heart, among other benefits. Some people with UC take omega-3 supplements in the form of fish oil capsules to lessen gut inflammation. Research has so far been unclear on whether this works. Too much fish oil may be bad for you and could be dangerous if you take it with blood thinners like warfarin (Coumadin).",
            "Turmeric: This spice, commonly used in Indian and South Asian cooking, has a chemical called curcumin that may help lessen inflammation in some people. Some small studies show that it could help with UC flare-ups in capsule form, but scientists need to do more research to be sure of these results. Also, many of the studies used very pure curcumin compounds that may not be available in retail brands. Curcumin can also have side effects that include bloating, nausea, and diarrhea. It also thins the blood and has not been tested for safety in pregnant women.",
            "Probiotics: These are “good” bacteria found in many foods that add to the healthy balance of bacteria in your gut. In supplement form, some studies suggest they could help bring a UC flare-up to an end and keep it there, especially if you have a pouch (from J-pouch surgery) that is inflamed. Still, it’s important to take care. There are a wide variety of probiotic products on the market, and much more study is needed."
        ]
    },
    {
        "name": "Coronavirus (COVID-19)",
        "link": "https://www.webmd.com/lung/coronavirus",
        "symptoms": [
            "Fever",
            "Coughing",
            "Shortness of breath",
            "Trouble breathing",
            "Fatigue",
            "Chills, sometimes with shaking",
            "Body aches",
            "Headache",
            "Sore throat",
            "Congestion/runny nose",
            "Loss of smell or taste",
            "Nausea",
            "Diarrhea"
        ],
        "prevention": [
            "Middle East respiratory syndrome (MERS). About 858 people have died from MERS, which first appeared in Saudi Arabia and then in other countries in the Middle East, Africa, Asia, and Europe. In April 2014, the first American was hospitalized for MERS in Indiana, and another case was reported in Florida. Both had just returned from Saudi Arabia. In May 2015, there was an outbreak of MERS in South Korea, which was the largest outbreak outside of the Arabian Peninsula.",
            "Severe acute respiratory syndrome (SARS). In 2003, 774 people died from an outbreak. As of 2015, there were no further reports of cases of SARS."
        ],
        "causes": [
            "Chronic kidney disease",
            "Chronic obstructive pulmonary disease (COPD)",
            "A weakened immune system because of an organ transplant",
            "Obesity",
            "Serious heart conditions such as heart failure or coronary artery disease",
            "Sickle cell disease",
            "Type 2 diabetes"
        ]
    },
    {
        "name": "Coronavirus (COVID-19) and Asthma",
        "link": "https://www.webmd.com/asthma/covid-19-asthma",
        "symptoms": [
            "Fever",
            "Fatigue",
            "A dry cough",
            "Loss of appetite",
            "Body aches",
            "Shortness of breath",
            "Headache",
            "Loss of taste or smell",
            "Sore throat",
            "Congestion or runny nose",
            "Nausea or vomiting",
            "Diarrhea"
        ]
    },
    {
        "name": "Coronavirus (COVID-19) in Children, Infants",
        "link": "https://www.webmd.com/lung/coronavirus-covid-19-babies-children",
        "symptoms": [
            "Fever",
            "Runny nose",
            "Cough",
            "Vomiting",
            "Diarrhea"
        ],
        "prevention": [
            "In the hospital due to COVID-19",
            "Not hospitalized but have mild to moderate COVID-19 and are at high risk for the disease becoming severe"
        ]
    },
    {
        "name": "Coronavirus, Types",
        "link": "https://www.webmd.com/lung/coronavirus-strains",
        "symptoms": [
            "Fever or chills",
            "Cough",
            "Fatigue",
            "Trouble breathing or shortness of breath",
            "Body aches",
            "Headache",
            "Sore throat",
            "Loss of taste or smell",
            "Congestion or runny nose",
            "Diarrhea, nausea or vomiting"
        ]
    },
    {
        "name": "CP",
        "link": "https://www.webmd.com/skin-problems-and-treatments/autoimmune-blistering-disorders",
        "symptoms": [
            "Ultraviolet light from the sun",
            "Chemicals used to kill pests",
            "Hormones",
            "Infection"
        ],
        "prevention": [
            "Corticosteroids, such as prednisone (Deltasone, Prednicot, Rayos), that also ease inflammation",
            "Immunosuppressive medicines, such as azathioprine (Azasan, Imuran), cyclophosphamide, or mycophenolate mofetil (CellCept)",
            "Biologic drugs, such as rituximab (Rituxan), also used in some cancer treatments"
        ]
    },
    {
        "name": "Cranial Arteritis",
        "link": "https://www.webmd.com/arthritis/polymyalgia-rheumatica-temporal-arteritis",
        "symptoms": [
            "Severe headaches, the most common symptom",
            "Scalp tenderness",
            "Jaw or facial soreness, especially with chewing",
            "Vision changes or distorted vision that's caused by decreased blood flow to the eye",
            "Stroke (rare)",
            "Fatigue",
            "Fever",
            "Weight loss",
            "Night sweats",
            "Depression",
            "Feeling ill"
        ]
    },
    {
        "name": "Craniosynostosis",
        "link": "https://www.webmd.com/children/apert-syndrome-symptoms-treatments-prognosis",
        "symptoms": [
            "A head that is long, with a high forehead",
            "Wide-set, bulging eyes, often with poorly-closing eyelids",
            "A sunken middle face"
        ],
        "prevention": [
            "Eyedrops during the day, with lubricating eye ointment at night; these drops can prevent the dangerous eye drying that can occur in Apert syndrome.",
            "Continuous positive airway pressure (CPAP); a child with Apert syndrome and obstructive sleep apnea may wear a mask at night, attached to a small machine. The machine delivers pressure that keeps the child's airways open during sleep.",
            "Antibiotics. Children with Apert syndrome are prone to ear and sinus infections caused by bacteria, requiring antibiotic therapy.",
            "Surgical tracheostomy, or placement of a breathing tube in the neck; this surgery may be done for children with severe obstructive sleep apnea due to Apert syndrome.",
            "Surgical placement of ear tubes (myringotomy), for children with repeated ear infections due to Apert syndrome"
        ]
    },
    {
        "name": "Creutzfeldt Jakob Disease",
        "link": "https://www.webmd.com/brain/what-is-creutzfeldt-jakob-disease",
        "symptoms": [
            "Confusion",
            "Trouble walking",
            "Jerky muscle movements or twitching",
            "Personality changes",
            "Trouble with memory and judgment",
            "Vision problems"
        ]
    },
    {
        "name": "Crib Death",
        "link": "https://www.webmd.com/parenting/baby/what-is-sids",
        "causes": [
            "Is younger than 20",
            "Doesn’t get good prenatal care",
            "Smokes, uses drugs, or drinks alcohol while pregnant or during the baby’s first year"
        ]
    },
    {
        "name": "Crib Safety",
        "link": "https://www.webmd.com/parenting/guide/baby-safety",
        "prevention": [
            "NEVER put strings or cords around your baby's neck (such as to hold a pacifier) or near your baby's crib. Be cautious of strings or buttons on clothing; make sure they are not in danger of choking your baby.",
            "Secure cords on blinds and drapes out of reach to prevent accidental strangulation.",
            "Put away small objects -- even display items -- that can cause injury or choking if swallowed."
        ]
    },
    {
        "name": "Cribriform Carcinoma",
        "link": "https://www.webmd.com/cancer/adenoid-cystic-carcinoma-facts",
        "symptoms": [
            "MRI (magnetic resonance imaging): Powerful magnets and radio waves are used to make detailed images.",
            "CT scan (computerized tomography): Several X-rays taken from different angles are put together to show more information.",
            "PET scan (positron emission tomography): Radiation is used to make 3-dimensional color images."
        ],
        "prevention": [
            "External beam radiation focuses high-energy X-rays or protons on cancer cells to destroy them. Your doctor will try to do as little damage as possible to the surrounding parts of your body.",
            "Internal radiation therapy is also known as brachytherapy. Your doctor will put small radioactive \"seeds\" at or near the tumor. This is often used when cancer has spread to the lungs. The radioactivity of the seeds lessens after a few weeks.",
            "Neutron therapy can target small tumors by heating up the cells with 100 times more energy than regular radiation treatment. That often kills cancer cells while letting the normal cells around them recover."
        ]
    },
    {
        "name": "Cross-Eyes (Strabismus)",
        "link": "https://www.webmd.com/eye-health/strabismus",
        "symptoms": [
            "Eyes that look out of line",
            "Eyes that don't move together",
            "Frequent blinking or squinting, especially in bright sunlight",
            "Tilting the head to look at things",
            "Closing one eye to look at things"
        ],
        "prevention": [
            "Amblyopia (lazy eye). This happens when the brain constantly gets separate images from the two eyes. To avoid double vision, the brain starts ignoring the image from the wandering eye. In a child, that means normal vision doesn't develop in that eye and it gets weaker.",
            "Double vision. This is common in adults who develop strabismus because their brains can't ignore images from the wandering eye.",
            "Blurry vision. This gets in the way of school, work, and other activities.",
            "Poor three-dimensional (3D) vision. This makes it harder to see how far or near something is.",
            "Eye strain",
            "Fatigue",
            "Headaches",
            "Low self-esteem and embarrassment about how your eyes look"
        ],
        "causes": [
            "A family history of strabismus. About 30% of children with strabismus have an affected family member, suggesting the condition can be inherited.",
            "Farsightedness or nearsightedness. Struggling to focus increases the risk.",
            "Certain medical conditions. Premature birth, Down syndrome, cerebral palsy, hydrocephalus (buildup of fluid in cavities deep within the brain), and other neurological conditions increase the risks. You also can develop strabismus at any age as a result of a stroke, brain tumor, or head injury. Some adults with a thyroid condition called Graves' disease also develop strabismus."
        ]
    },
    {
        "name": "Crosti-Gianotti Syndrome",
        "link": "https://www.webmd.com/skin-problems-and-treatments/what-is-gianotti-crosti-syndrome",
        "causes": [
            "Coxsackievirus (hand, foot, and mouth disease)",
            "Epstein-Barr virus (infectious mononucleosis)",
            "Cytomegalovirus (CVM)",
            "Enterovirus infections (often seen as respiratory infections)",
            "ECHO viruses (often seen as gastrointestinal illness or viral meningitis)",
            "Respiratory syncytial virus (RSV)"
        ]
    },
    {
        "name": "Croup",
        "link": "https://www.webmd.com/children/understanding-croup-basic-information",
        "symptoms": [
            "Trouble breathing or swallowing",
            "Retractions (when their skin pulls in around their ribs)",
            "Skin near their nose, mouth, or fingernails starts to turn blue (called cyanosis)"
        ],
        "prevention": [
            "What Is Croup?",
            "Symptoms",
            "Treatments"
        ]
    },
    {
        "name": "Cryptococcic Meningitis",
        "link": "https://www.webmd.com/children/understanding-meningitis-basics",
        "symptoms": [
            "Confusion",
            "Fever",
            "Headache",
            "Numbness in your face",
            "Sensitivity to light",
            "Stiff neck so that you can’t lower your chin to your chest",
            "Upset stomach or vomiting",
            "Severe headache with nausea or vomiting",
            "A hard time concentrating",
            "Seizures",
            "Sleepiness or a hard time waking up",
            "Lack of appetite",
            "Lack of thirst"
        ],
        "prevention": [
            "Wash your hands often. Rinse well. Also, teach your kids to wash their hands often, especially after eating, using the toilet, or when they’re in public places.",
            "Don’t share items such as toothbrushes, eating utensils, or lipstick.",
            "Don’t share food items or drinks with other people.",
            "Cover your mouth and nose when you cough or sneeze.",
            "Stay healthy. Eat a healthy diet, get plenty of exercise, and rest at night.",
            "If you’re pregnant, eat well-cooked food.Avoid foods made from unpasteurized milk and raw or undercooked meats, fish, and eggs.",
            "Get immunized. Follow your doctor’s advice on getting immunization shots for diseases that may cause meningitis, including flu and pneumonia vaccines."
        ],
        "causes": [
            "Autoimmune disorders",
            "Cancer medications",
            "Syphilis",
            "Tuberculosis"
        ]
    },
    {
        "name": "Crystal Meth",
        "link": "https://www.webmd.com/mental-health/addiction/crystal-meth-what-you-should_know",
        "prevention": [
            "Detox programs. There isn’t a drug to treat meth. But you can take medication to get through the withdrawal process. Detox usually happens at a hospital or substance use treatment center.",
            "Inpatient rehab. You’ll check into a medical facility to recover. These stays typically last about 30 days, but the timeline is different for everyone.",
            "Cognitive-behavioral therapy (CBT). This is a type of talk therapy that helps change how you think and act around drugs.",
            "Motivational rewards. This is a type of behavioral therapy. You get money or other good things to not use meth.",
            "Support groups. You may find it easier to stop using meth if you talk to people who know what you’re going through."
        ]
    },
    {
        "name": "Curvature of the Spine (Scoliosis)",
        "link": "https://www.webmd.com/back-pain/causes-scoliosis",
        "symptoms": [
            "A visible curve in your back",
            "Shoulders, a waist, or hips that look uneven",
            "One shoulder blade that looks bigger",
            "Ribs that stick out farther on one side of your body than the other"
        ],
        "prevention": [
            "Lordosis. Also called swayback, the spine of a person with lordosis curves significantly inward at the lower back.",
            "Kyphosis. This is an abnormally rounded upper back (more than 50 degrees of curvature).",
            "Scoliosis. A person with scoliosis has a sideways curve to their spine. The curve is often S-shaped or C-shaped."
        ],
        "causes": [
            "Cerebral palsy",
            "Muscular dystrophy",
            "Birth defects",
            "Infections",
            "Tumors",
            "Genetic conditions like Marfan syndrome and Down syndrome"
        ]
    },
    {
        "name": "Cutaneous T-Cell Lymphomas",
        "link": "https://www.webmd.com/cancer/lymphoma/lymphoma-cancer",
        "symptoms": [
            "Swollen glands (lymph nodes), often in the neck, armpit, or groin that are painless",
            "Cough",
            "Shortness of breath",
            "Fever",
            "Night sweats",
            "Fatigue",
            "Weight loss",
            "Itching"
        ],
        "prevention": [
            "Chemotherapy, which uses drugs to kill cancer cells",
            "Radiation therapy, which uses high-energy rays to destroy cancer cells",
            "Immunotherapy, which uses your body's immune system to attack cancer cells",
            "Targeted therapy that targets aspects of lymphoma cells to curb their growth"
        ],
        "causes": [
            "Are in your 60s or older for non-Hodgkin lymphoma",
            "Are between 15 and 40 or older than 55 for Hodgkin lymphoma",
            "Are male, although certain subtypes may be more common in females",
            "Have a weak immune system from HIV/AIDS, an organ transplant, or because you were born with an immune disease",
            "Have an immune system disease such as rheumatoid arthritis, Sjögren's syndrome, lupus, or celiac disease",
            "Have been infected with a virus such as Epstein-Barr, hepatitis C, or human T-cell leukemia/lymphoma (HTLV-1)",
            "Have a close relative who had lymphoma",
            "Were exposed to benzene or chemicals that kill bugs and weeds",
            "Were treated for Hodgkin or non-Hodgkin lymphoma in the past",
            "Were treated for cancer with radiation"
        ]
    },
    {
        "name": "Cushing's Syndrome",
        "link": "https://www.webmd.com/a-to-z-guides/cushing-syndrome",
        "symptoms": [
            "A rounded, rosy face",
            "Weight gain, especially in the upper body",
            "A fat pad in the upper back or base of the neck (You may hear this called a \"buffalo hump.\")",
            "Thinning skin that is easy to bruise",
            "Acne",
            "Being very tired",
            "Weak muscles, especially when using your shoulders and hip muscles",
            "High blood pressure",
            "High blood sugar levels",
            "Depression and anxiety",
            "Osteoporosis",
            "Kidney stones",
            "Sleep problems",
            "Extra hair growth on your body and face",
            "Irregular periods",
            "Low sex drive and problems having an erection",
            "Decreased fertility"
        ],
        "prevention": [
            "If you have too much cortisol because you're taking steroid medicines, your doctor will check to see if you can slowly lower your dose while still managing your asthma, arthritis, or other condition.",
            "You may need surgery to remove a tumor.",
            "You may have radiation alongside surgery if the tumor can’t be completely removed. It can also be used instead of surgery in some cases.",
            "Medications to control cortisol production may be an option when surgery and radiation don’t work. These medications can have serious side effects. A doctor may also prescribe medications before surgery in people who are very sick with Cushing’s syndrome.",
            "In some cases, the tumor or its treatment will affect other hormones produced by the pituitary or adrenal gland, and you may need hormone replacement medication."
        ]
    },
    {
        "name": "Cyclic Edema",
        "link": "https://www.webmd.com/heart-disease/heart-failure/edema-overview",
        "causes": [
            "NSAIDs (such as ibuprofen and naproxen)",
            "Calcium channel blockers",
            "Corticosteroids (like prednisone and methylprednisolone)",
            "Pioglitazone and rosiglitazone",
            "Pramipexole"
        ]
    },
    {
        "name": "Cyclic Migraines",
        "link": "https://www.webmd.com/migraines-headaches/what-are-cyclic-migraines",
        "symptoms": [
            "Tiredness",
            "A hard time concentrating",
            "A stiff neck"
        ],
        "prevention": [
            "Drowsiness",
            "Nausea",
            "Loss of appetite",
            "Diarrhea",
            "Dizziness",
            "Slight hand tremors",
            "A need to pee more often",
            "More thirst"
        ],
        "causes": [
            "Changes in brain chemicals, including serotonin levels, which drop when you have a migraine",
            "Hormonal changes, such as a drop in estrogen in women before or during their periods, or when pregnant or going through menopause"
        ]
    },
    {
        "name": "Cyclist's Syndrome",
        "link": "https://www.webmd.com/pain-management/pudendal-neuralgia",
        "symptoms": [
            "A sharp or burning pain",
            "More sensitivity",
            "Numbness or a pins-and-needles feeling, like when your leg falls asleep",
            "A swollen feeling"
        ]
    },
    {
        "name": "Cyprus Fever",
        "link": "https://www.webmd.com/a-to-z-guides/brucellosis-symptoms-treatment",
        "symptoms": [
            "Fever (the most common symptom, with high \"spikes\" that usually occur in the afternoon)",
            "Back pain",
            "Body-wide aches and pains",
            "Poor appetite and weight loss",
            "Headache",
            "Night sweats",
            "Weakness",
            "Abdominal pain",
            "Cough"
        ],
        "prevention": [
            "Do not drink or eat unpasteurized dairy products.",
            "Wear rubber gloves if you work in the animal processing industry."
        ],
        "causes": [
            "Through a cut or scratch in the skin",
            "When you breathe in contaminated air (rare)",
            "When you eat or drink something contaminated with the bacteria, such as unpasteurized milk or undercooked meat"
        ]
    },
    {
        "name": "Cystic Fibrosis",
        "link": "https://www.webmd.com/children/what-is-cystic-fibrosis",
        "symptoms": [
            "Trouble with bowel movements or frequent, greasy stools",
            "Wheezing  or trouble breathing",
            "Frequent lung infections",
            "Infertility, especially in men",
            "Trouble growing or gaining weight",
            "Skin that tastes very salty"
        ],
        "prevention": [
            "Antibiotics. They can prevent or treat lung infections and help your lungs work better. You might get them as pills, in an inhaler, or in a shot.",
            "Anti-inflammatory medicines. These include ibuprofen and corticosteroids.",
            "Bronchodilators. You’ll get these from an inhaler. They’ll relax and open your airways.",
            "Mucus thinners. They’ll help you get the gunk out of your airways. You’ll get them from an inhaler.",
            "CFTR modulators. These help CFTR work like it should. They can make your lungs work better and help you gain weight.",
            "Combination therapy. The new medication elexacaftor/ivacaftor/tezacaftor (Trikafta) combines three CFTR modulators to target the CFTR protein and make it work for efficiently."
        ],
        "causes": [
            "Blood test. This test checks the levels of immunoreactive trypsinogen (IRT). People with CF have higher levels of it in their blood."
        ]
    },
    {
        "name": "Cystic Hygroma",
        "link": "https://www.webmd.com/baby/cystic-hygroma-explained",
        "symptoms": [
            "CVS (chorionic villus sampling). The doctor removes some of these wispy pieces of tissue from the placenta that share your baby’s genetic makeup.",
            "Amniocentesis. The doctor tests a sample of your amniotic fluid to test for genetic conditions."
        ],
        "prevention": [
            "Chemotherapy",
            "Radiation therapy",
            "Steroids",
            "Sclerotherapy (injection of a salt solution)"
        ]
    },
    {
        "name": "Cysts, Ovarian, Functional",
        "link": "https://www.webmd.com/women/guide/ovarian-cysts",
        "symptoms": [
            "Pelvic pain or pressure",
            "Dull ache in your back",
            "Bloating or feeling full",
            "Nausea",
            "Swelling in your belly area",
            "Pain during sex",
            "Pain during your period",
            "A frequent urge to pee or poop"
        ],
        "prevention": [
            "Watching and waiting. Your doctor will monitor you over time to see if your cyst goes away or changes.",
            "Medicine. There isn't any specific ovarian cyst medication. But your doctor can give you medicine if you're in pain. They might also prescribe birth control pills  or other hormonal treatment. Hormone treatments won’t make the cysts go away, but they can help prevent new ones.",
            "Surgery. Some ovarian cysts need surgery. That includes those that are large, don’t go away, or cause serious symptoms. You could also need surgery if you’re near or past menopause because your cysts are more likely to be cancerous. Your surgeon may decide to take just the cyst or the entire ovary."
        ],
        "causes": [
            "Ovulation. Most functional cysts happen when the follicle grows like it should but doesn’t break open to release the egg.",
            "Endometriosis. People who have endometriosis, especially advanced stages of the disease, can develop endometrioma cysts.",
            "Pelvic inflammatory disease (PID). You may get pus-filled cysts on or close to your ovaries if you have a pelvic infection.",
            "Abnormal cell growth. You may get dermoid or cystadenoma cysts if cells in your ovaries grow in an abnormal way."
        ]
    }
]