[
    {
        "name": "E. coli Infection",
        "link": "https://www.webmd.com/food-recipes/food-poisoning/food-poisoning-causes",
        "symptoms": [
            "Avoid solid foods until vomiting ends. Then eat light, bland foods, such as saltine crackers, bananas, rice, or bread.",
            "Sipping liquids may help avoid vomiting.",
            "Don’t eat fried, greasy, spicy, or sweet foods.",
            "Don’t take anti-nausea or anti-diarrhea medication without asking your doctor. They have side effects and may make some kinds of diarrhea worse. Your doctor may give you anti-nausea medication if you are at risk of being dehydrated."
        ],
        "prevention": [
            "Sushi and other raw seafoods and partly cooked shellfish like mussels, clams, and scallops.",
            "Refrigerated smoked seafood. These usually have labels that say “Nova-style,” “lox,” “kippered,” “jerky,” or “smoked.” Smoked seafood should be safe if you cook it well or if it has been canned or stored on a shelf.",
            "Unpasteurized juice and cider, including fresh-squeezed. These drinks can be safe if you boil them for 1 minute.",
            "Soft cheeses (Brie and Camembert), blue-veined cheeses (Roquefort) and Mexican-style cheeses (queso blanco, queso fresco, Panela). These are often made from unpasteurized milk, especially when they’re sold at farmer’s markets. Feta is also often made with raw milk. Stick with hard cheeses like cheddar or Swiss.",
            "Raw or partly cooked eggs. That means staying away from cookie and cake batter (not even a lick of the spoon). Same for homemade eggnog, tiramisu, Caesar dressing, hollandaise sauce, and ice cream. If you buy one of these products at the store, check the label to make sure it doesn’t contain raw eggs. At home, cook eggs until the yolk is hard.",
            "Raw or undercooked sprouts such as alfalfa, clover, mung beans, and radishes.",
            "Premade salads from the deli that contain meat or seafood. Canned versions are safe.",
            "Pâtés or meat spreads that have been refrigerated (they may be unpasteurized).",
            "Hot dogs, cold cuts, and luncheon and deli meats, even if they’re labeled cooked. Eat them only after you’ve reheated them steaming hot. Make sure no juices from these products end up on your hands or on plates, utensils, or counters."
        ],
        "causes": [
            "E. coli, a type of bacteria found in the intestines of animals. You can get this from undercooked ground beef, unpasteurized milk, sprouts, or any food or liquid that has had contact with animal feces or sewage. Some strains are harmless. Others can make you very sick.",
            "Listeria is an unusual bacteria that can grow in cold temperatures such as in the refrigerator. It's found in smoked fish, raw (unpasteurized) cheeses, ice cream, pates, hot dogs, and deli meats. Typically, symptoms start within 24 hours of eating the product and you have short-lived gastroenteritis with watery diarrhea, nausea, vomiting, and sometimes fever. That said, it can be much more serious in older people, pregnant women, or those with weakened immune systems. The bacteria can enter the bloodstream and central nervous system and cause an infection called listeriosis. This usually happens within 10 days to a month after exposure. In addition to diarrhea and vomiting, listeria can cause unusual symptoms, including weakness, confusion, and a stiff neck. It can also be deadly. If you have any of these symptoms, call your doctor right away."
        ]
    },
    {
        "name": "Early Disease Detection",
        "link": "https://www.webmd.com/a-to-z-guides/annual-physical-examinations",
        "prevention": [
            "At age 45, it's time to begin regular screening for colorectal cancer. People with immediate family members with colorectal cancer or other risk factors may need to be screened before age 45.",
            "For some women, age 40 marks the time to begin annual mammogram screening for breast cancer. The American Cancer Society recommends that women ages 40 to 44 should have the choice to start mammograms if they wish to do so. Women age 45 to 54 should get mammograms every year while women 55 and older should switch to mammograms every 2 years, or can continue yearly screening. Women should talk to their doctor or other health care professional about when to start and how often to get a mammogram. There are different guidelines for breast cancer screening depending on your personal risk for getting breast cancer and whose guidelines you chose to follow. Women should weigh the benefits and risks of screening tests when deciding whether to begin getting mammograms at age 40."
        ]
    },
    {
        "name": "Eaton-Lambert Syndrome",
        "link": "https://www.webmd.com/brain/understanding-myasthenia-gravis-basics",
        "symptoms": [
            "Weakness in your eye muscles",
            "Drooping eyelids",
            "Double vision",
            "Blurred vision",
            "Change in your facial expression",
            "Trouble swallowing",
            "Shortness of breath",
            "Problems speaking",
            "Problems walking and lifting things",
            "Trouble holding up your head"
        ],
        "prevention": [
            "Cholinesterase inhibitors. These medications boost the communication between your nerves and your muscles. They can help strengthen muscles.",
            "Corticosteroids. Corticosteroids such as prednisone mute your immune system and slow the release of antibodies that could be helping block your nerve receptors.",
            "Immunosuppressants. Your doctor may add immunosuppressants to your corticosteroids to help reduce your immune system response.",
            "Neonatal Fc receptor blocker. It works by blocking the autoantibodies that cause myasthenia gravis and helps ease the symptoms."
        ],
        "causes": [
            "Reflexes",
            "Muscle strength",
            "Muscle tone",
            "Touch",
            "Sight",
            "Coordination",
            "Balance",
            "Fatigability (how soon your muscles weaken)"
        ]
    },
    {
        "name": "Ebola",
        "link": "https://www.webmd.com/a-to-z-guides/ebola-fever-virus-infection",
        "symptoms": [
            "High fever",
            "Headache",
            "Joint and muscle aches",
            "Sore throat",
            "Weakness",
            "Stomach pain",
            "Lack of appetite"
        ],
        "prevention": [
            "Avoid traveling to areas where the virus is found or if there’s an outbreak.",
            "If someone has Ebola, avoid contact with their blood or other bodily fluids.",
            "Avoid contact with semen from a man who has recovered from Ebola until testing can show the infection has cleared.",
            "Avoid touching or handling things a person sick with Ebola may have come in contact with, such as bedding, clothes, needles, and medical equipment.",
            "Avoid going to burials, especially where the ritual or practice may involve touching of a person who died from Ebola or was suspected of having had it.",
            "If you’re in area where Ebola is present, avoid contact with bats, monkeys, chimpanzees, and gorillas, since these animals can spread Ebola to people.",
            "If you’re a health care worker, wear masks, gloves, and goggles whenever you come into contact with people who may have Ebola."
        ]
    },
    {
        "name": "Ectodermal Dysplasia, Rapp-Hodgkin type",
        "link": "https://www.webmd.com/a-to-z-guides/rapp-hodgkin-syndrome",
        "symptoms": [
            "Cleft lip. This is when the upper lip doesn’t fully form and has an opening in it.",
            "Cleft palate. With this, there’s an opening in the roof of the mouth.",
            "Fewer sweat glands or none at all. People with this symptom can’t sweat as much and may easily feel overheated.",
            "Fused eyelids. This means they are joined partly or totally together. There may also be problems with the tear ducts, which can lead to dry eyes and pinkeye.",
            "Growth problems. Weight gain issues, too.",
            "Hearing loss. This can lead to delays in learning to talk.",
            "Missing or unusually shaped nails.",
            "Skin erosion. This is loss of skin in some areas. It can be life-threatening in infants.",
            "Teeth problems. These can include missing teeth, wide gaps between teeth, cone-shaped teeth, and thin enamel (the hard outer covering of the teeth).",
            "Urethra problem in men. The opening of the tube that carries pee outside the body may be on the underside of the penis.",
            "Very little hair -- on both head and face -- and dry or brittle hair."
        ],
        "prevention": [
            "Dental implants for older kids and adults. These are anchors that go into the jaw bone to hold replacement teeth. Younger kids may get dentures, which are replacement teeth that you can easily take out.",
            "Ear tubes. This is done if fluid buildup causes hearing loss and ear infections.",
            "Eye drops for dry eyes.",
            "Gentle wound care for skin erosions. You may also need to clean erosions with a weak bleach solution, such as Dakins solution, to kill germs.",
            "Speech therapy.",
            "Surgery for cleft lip and cleft palate.",
            "Surgery to separate fused eyelids. If the eyelids are joined only in a few small sections, they may come apart on their own without surgery.",
            "Wigs to hide hair loss."
        ]
    },
    {
        "name": "Ectodermosis Erosiva Pluriorificialis",
        "link": "https://www.webmd.com/skin-problems-and-treatments/stevens-johnson-syndrome",
        "symptoms": [
            "Painful red or purple skin that looks burned and peels off",
            "Blisters on your skin, mouth, nose, and genitals",
            "Red, painful, watery eyes"
        ],
        "prevention": [
            "Tell your doctors you've had SJS.",
            "Wear a medical alert bracelet.",
            "Know the name of the medicine that caused your SJS. Avoid taking it or any drugs like it."
        ],
        "causes": [
            "Medicines for gout, a painful form of arthritis – especially allopurinol (Aloprim, Zyloprim)",
            "Pain relievers such as acetaminophen, ibuprofen, and naproxen sodium",
            "Sulfa antibiotics, a kind of drug that fights infections (including Bactrim and Septra)",
            "Medicines that treat seizures or mental illness"
        ]
    },
    {
        "name": "Ectopia Cordis",
        "link": "https://www.webmd.com/baby/ectopia-cordis-overview",
        "symptoms": [
            "Cranial cleft (a split in the baby’s face shape)",
            "Cleft lip/palate (a split in the baby’s upper mouth)",
            "Lungs that are not fully developed",
            "Scoliosis (curved spine)",
            "Abnormal hole in the diaphragm (the muscle between the chest and abdomen)"
        ]
    },
    {
        "name": "Ectopic Pregnancy",
        "link": "https://www.webmd.com/baby/pregnancy-ectopic-pregnancy",
        "symptoms": [
            "Smoke cigarettes",
            "Are older than 35",
            "Have a sexually transmitted infection",
            "Have scarring from pelvic surgery",
            "Had a previous ectopic pregnancy",
            "Tried to have tubal ligation (tubes tied) or tubal ligation reversal",
            "Had fertility treatments such as in vitro fertilization (IVF)"
        ],
        "prevention": [
            "Pain",
            "Bleeding",
            "Infection"
        ]
    },
    {
        "name": "Ectropion (Drooping Eyelids)",
        "link": "https://www.webmd.com/eye-health/ptosis",
        "symptoms": [
            "Eyelid Problems and Injuries",
            "Eyelid Drooping",
            "Trichasis",
            "Blepharitis (Eye Inflammation)",
            "Blepharitis Treatment",
            "Chalazion",
            "Stye"
        ],
        "prevention": [
            "Eyelid Problems and Injuries",
            "Eyelid Drooping",
            "Trichasis",
            "Blepharitis (Eye Inflammation)",
            "Blepharitis Treatment",
            "Chalazion",
            "Stye"
        ]
    },
    {
        "name": "Eczema, Atopic",
        "link": "https://www.webmd.com/skin-problems-and-treatments/guide/atopic-dermatitis-eczema",
        "symptoms": [
            "Red",
            "Dry",
            "Cracked",
            "Leathery"
        ],
        "prevention": [
            "Moisturize your skin often.",
            "Avoid sudden changes in temperature or humidity.",
            "Try not to sweat or get too hot. Keeping cool and keeping your home comfortable can reduce itching.",
            "Manage stress, and take time for yourself to relax.",
            "Get regular exercise. It can help to control stress and increase circulation.",
            "Avoid scratchy materials such as wool.",
            "Don’t use harsh soaps, detergents, or solvents.",
            "Pay attention to foods that might trigger symptoms, and try to avoid them.",
            "Use a humidifier in rooms where you spend the most time.",
            "If your baby is more likely to have eczema because of a family history, it’s best to breastfeed them exclusively for the first 3 months of life, or longer if possible. Doctors advise continuing breast milk for at least up to 6 months (preferably 1 year) as you introduce your baby to solid food. Babies should also be protected from such potential allergens as pet hair, mites, and molds."
        ],
        "causes": [
            "An immune system response to something irritating",
            "Problems in your skin’s barrier that let moisture out and germs in",
            "A family history of other allergies or asthma"
        ]
    },
    {
        "name": "E-D Syndrome",
        "link": "https://www.webmd.com/a-to-z-guides/ehlers-danlos-syndrome-facts",
        "prevention": [
            "An orthopedist, who specializes in joint and skeletal problems",
            "A dermatologist, who treats skin conditions",
            "A rheumatologist, who deals with diseases that affect connective tissues"
        ],
        "causes": [
            "They'll test how far your knees, elbows, fingers, and waist can bend. Can your thumb touch your forearm? Can you bend your pinkie more than 90 degrees?",
            "They'll pull at your skin to see how far it stretches and look for any scars the illness might have caused.",
            "They'll ask about your medical history and if you or anyone in your family had symptoms like this in the past.",
            "If your doctor thinks you might have problems with your heart or blood vessels, your exam might include an echocardiogram, which uses sound waves to make an image of your heart.",
            "You might get other imaging tests as well. For instance, the doctor might ask for a computerized tomography (CT) scan, which takes X-rays from different angles and puts them together to make a more complete picture. Or they might ask for a magnetic resonance imaging (MRI) scan. This uses powerful magnets and radio waves to make a detailed image.",
            "Your doctor might also take a biopsy. For that, they'll take a small sample of skin to look for signs of abnormal collagen under a microscope. They might also run chemical tests on the sample to try to find out which type of EDS you may have. Other kinds of tests can show which genes might be causing the problem."
        ]
    },
    {
        "name": "Edema, Idiopathic",
        "link": "https://www.webmd.com/heart-disease/heart-failure/edema-overview",
        "causes": [
            "NSAIDs (such as ibuprofen and naproxen)",
            "Calcium channel blockers",
            "Corticosteroids (like prednisone and methylprednisolone)",
            "Pioglitazone and rosiglitazone",
            "Pramipexole"
        ]
    },
    {
        "name": "EDMD",
        "link": "https://www.webmd.com/children/understanding-muscular-dystrophy-basics",
        "symptoms": [
            "Myotonic (also called MMD or Steinert's disease). The most common form of muscular dystrophy in adults, myotonic muscular dystrophy affects both men and women, and it usually appears any time from early childhood to adulthood. In rare cases, it appears in newborns (congenital MMD). The name refers to a symptom, myotonia -- prolonged spasm or stiffening of muscles after use. This symptom is usually worse in cold temperatures. The disease causes muscle weakness and also affects the central nervous system, heart, gastrointestinal tract, eyes, and hormone-producing glands. In most cases, daily living isn't restricted for many years. Those with myotonic MD have a decreased life expectancy.",
            "Duchenne. The most common form of muscular dystrophy in children, Duchenne muscular dystrophy typically affects only males. It appears between the ages of 2 and 6. The muscles decrease in size and grow weaker over time yet may appear larger. Disease progression varies, but many people with Duchenne (1 in 3,500 boys) need a wheelchair by the age of 12. In most cases, the arms, legs, and spine become progressively deformed, and there may be some cognitive impairment. Severe breathing and heart problems mark the later stages of the disease. Those with Duchenne MD usually die in their late teens or early 20s.",
            "Becker. This form is similar to Duchenne muscular dystrophy, but the disease is much milder: symptoms appear later and progress more slowly. It usually appears between the ages of 2 and 16 but can appear as late as age 25. Like Duchenne muscular dystrophy, Becker muscular dystrophy typically affects only males (1 in 30,000) and causes heart problems. Disease severity varies. Those with Becker can usually walk into their 30s and live further into adulthood.",
            "Limb-girdle. This appears in the teens to early adulthood and affects males and females. In its most common form, Limb-girdle muscular dystrophy causes progressive weakness that begins in the hips and moves to the shoulders, arms, and legs and the heart may be affected. Within 20 years, walking becomes difficult or impossible. Sufferers typically live to middle age to late adulthood.",
            "Facioscapulohumeral. Facioscapulohumeral refers to the muscles that move the face, shoulder blade, and upper arm bone. This form of muscular dystrophy appears in the teens to early adulthood and affects males and females. It progresses slowly, with short periods of rapid muscle deterioration and weakness. Severity ranges from very mild to completely disabling. Walking, chewing, swallowing, and speaking problems can occur. About 50% of those with facioscapulohumeral MD can walk throughout their lives, and most live a normal life span. It may also bee associated with seizures, mental health problems, and can involve the heart",
            "Congenital. Congenital means present at birth. Congenital muscular dystrophies progress slowly and affect males and females. The two forms that have been identified -- Fukuyama and congenital muscular dystrophy with myosin deficiency -- cause muscle weakness at birth or in the first few months of life, along with severe and early contractures (shortening or shrinking of muscles that causes joint problems). Fukuyama congenital muscular dystrophy causes abnormalities in the brain and often seizures.",
            "Oculopharyngeal. Oculopharyngeal means eye and throat. This form of muscular dystrophy appears in men and women in their 40s, 50s, and 60s. It progresses slowly, causing weakness in the eye and face muscles, which may lead to difficulty swallowing. Weakness in pelvic and shoulder muscles may occur later. Choking and recurrent pneumonia may occur.",
            "Distal. This group of rare diseases affects adult men and women. It causes weakness and wasting of the distal muscles (those farthest from the center) of the forearms, hands, lower legs, and feet. It is generally less severe, progresses more slowly, and affects fewer muscles than other forms of muscular dystrophy.",
            "Emery-Dreifuss. This rare form of muscular dystrophy appears from childhood to the early teens and affects mainly males. In very rare cases, females can be affected. For that to happen, both of a girls X chromosomes (the one they get from their mother and the one from their father) would have to have the defective gene. It causes muscle weakness and wasting in the shoulders, upper arms, and lower legs. Life-threatening heart problems are common and can also affect carriers -- those who have the genetic information for the disease but do not develop the full-blown version (including mothers and sisters of those with Emery-Dreifuss MD). Muscle shortening (contractures) occurs early in the disease. Weakness can spread to chest and pelvic muscles. The disease progresses slowly and causes less severe muscle weakness than some other forms of muscular dystrophy."
        ],
        "prevention": [
            "Steroids. Corticosteroids, such as prednisone and deflazacort (Emflaza), are the standard of care for muscular dystrophy. They help improve muscle strength and breathing and decrease weakness. Side effects include high blood pressure and weight gain. People who use steroids for a long time are at risk for brittle bones.",
            "Medicines targeting gene mutations. Eteplirsen (Exondys 51) and golodirsen (Vyondys 53) increase the level of the gene dystrophin. They’re approved to specifically treat Duchenne muscular dystrophy.",
            "Anticonvulsants. Often used to treat epilepsy, these antiseizure drugs may also help reduce muscle spasms.",
            "Immunosuppressants. These powerful medicines are often used to treat lupus and other autoimmune diseases. When given to people with muscular dystrophy, they may help prevent some muscle cell damage.",
            "Antibiotics. The doctor may prescribe an antibiotic to treat a lung infection, which is common in people with muscular dystrophy."
        ]
    },
    {
        "name": "Edward's Syndrome",
        "link": "https://www.webmd.com/baby/what-is-trisomy-18",
        "symptoms": [
            "Cleft palate",
            "Clenched fists with overlapping fingers that are hard to straighten",
            "Defects of the lungs, kidneys, and stomach/intestines",
            "Deformed feet (called \"rocker-bottom feet\" because they're shaped like the bottom of a rocking chair)",
            "Feeding problems",
            "Heart defects, including a hole between the heart's upper (atrial septal defect) or lower (ventricular septal defect) chambers",
            "Low-set ears",
            "Severe developmental delays and mental disabilities",
            "Chest deformity",
            "Slowed growth",
            "Small head (microcephaly)",
            "Small jaw (micrognathia)",
            "Weak cry"
        ],
        "prevention": [
            "Surgeries, especially for heart defects",
            "Medicines",
            "Feeding tubes",
            "Breathing tubes",
            "Providing comfort care (as opposed to treatments)"
        ]
    },
    {
        "name": "Egg Allergy",
        "link": "https://www.webmd.com/skin-problems-and-treatments/food-allergies",
        "symptoms": [
            "A tingling sensation of the mouth",
            "Swelling of the tongue and throat",
            "Hives",
            "Skin rash",
            "Vomiting, diarrhea, or abdominal cramps",
            "Trouble breathing",
            "A drop in blood pressure",
            "Loss of consciousness"
        ],
        "prevention": [
            "Clearly mark food packages and containers with “safe” or “unsafe.” Consider separate shelves in the refrigerator or pantry.",
            "Prepare food for the person with allergies first.",
            "If possible, have separate sets of utensils and cookware for preparing foods with and without the allergy trigger. Otherwise wash them right away.",
            "In between fixing safe and problem foods, thoroughly clean counters and other surfaces where you prepare meals. For some things, like peanuts, you may need to use a spray cleaner or sanitizing wipe as well as dishwashing liquid.",
            "Some people with allergies can get a reaction from food proteins released into the air in vapor or steam during cooking. These are rare and usually mild. Make sure a sensitive person stays away from the kitchen during cooking and for 30 minutes after.",
            "Wash your hands often while cooking, and before and after you eat.",
            "Scrub the table and kitchen counters after your meal."
        ]
    },
    {
        "name": "EHBA",
        "link": "https://www.webmd.com/parenting/baby/biliary-atresia",
        "symptoms": [
            "X-rays: A small amount of radiation creates a picture that's recorded on film or a computer. This checks for an enlarged liver and spleen.",
            "Ultrasound: High-frequency sound waves show detailed images of their organs.",
            "Liver scans: Special X-rays use chemicals to create an image of their liver and bile ducts. This can show if and where the flow of bile is blocked.",
            "Liver biopsy: Their doctor will take a small sample of tissue so it can be looked at under a microscope. This can show if it's likely they have biliary atresia and help rule out other liver problems such as hepatitis.",
            "Diagnostic surgery: They'll be given medicine to make them sleep, and their doctor will make a small cut in their stomach area so they can look at their liver and bile ducts."
        ],
        "causes": [
            "Change in a gene",
            "Problem with the immune system",
            "Problem with the way the liver or bile ducts develop in the womb",
            "Toxic substances",
            "Viral or bacterial infection after birth"
        ]
    },
    {
        "name": "Eisenmenger Complex",
        "link": "https://www.webmd.com/a-to-z-guides/eisenmenger-syndrome",
        "symptoms": [
            "A bluish color to the skin because of lack of oxygen (cyanosis)",
            "Wide fingertips and toes (clubbing)",
            "Shortness of breath",
            "Fluid buildup in parts of the body (edema)",
            "An abnormal heart rhythm",
            "Dizziness or headaches",
            "Chest pains",
            "Swelling in the joints (gout)"
        ],
        "prevention": [
            "Relax the arteries to improve blood flow",
            "Keep your heart beating at a regular rhythm",
            "Prevent infections (antibiotics)",
            "Prevent blood clots (blood thinners)"
        ]
    },
    {
        "name": "Ekman-Lobstein Disease",
        "link": "https://www.webmd.com/children/brittle-bone-disease",
        "symptoms": [
            "Broken bones (fractures)",
            "Bleeding and easy bruising (frequent nosebleeds or heavy bleeding after an injury)",
            "Blue color in the white part of the eyes",
            "Bowing of the legs",
            "Breathing problems",
            "Brittle, discolored teeth",
            "Curved spine, called scoliosis",
            "Feeling very tired",
            "Skin that is easily hurt",
            "Hearing loss that starts in early adulthood",
            "Can’t stand warm temperatures",
            "Loose joints",
            "Short height",
            "Weak muscles and tissues"
        ],
        "prevention": [
            "Splints and casts for broken bones",
            "Braces for weak legs, ankles, knees, and wrists",
            "Physical therapy to strengthen the body and improve movement",
            "Medicine to make the bones stronger",
            "Surgery to implant rods in the arms or legs",
            "Special dental work, such as crowns, for brittle teeth"
        ]
    },
    {
        "name": "Elephantiasis",
        "link": "https://www.webmd.com/a-to-z-guides/elephantiasis-what-to-know",
        "symptoms": [
            "Wash and dry the swollen areas daily.",
            "Use moisturizers.",
            "Check for wounds and use medicated cream on any sore spots.",
            "Exercise, and walk when possible.",
            "If your arms or legs are swollen, keep them elevated when you’re lying down or seated."
        ],
        "prevention": [
            "Wash and dry the swollen areas daily.",
            "Use moisturizers.",
            "Check for wounds and use medicated cream on any sore spots.",
            "Exercise, and walk when possible.",
            "If your arms or legs are swollen, keep them elevated when you’re lying down or seated."
        ]
    },
    {
        "name": "Embolism, Pulmonary",
        "link": "https://www.webmd.com/lung/what-is-a-pulmonary-embolism",
        "prevention": [
            "Maintain a healthy weight.",
            "If you plan to take hormones, like birth control or replacement therapy, talk to your doctor about your risk for blood clots.",
            "If you have other health issues, like diabetes or heart failure, take your meds, watch what you eat, and talk to your doctor about any changes.",
            "Also talk to your doctor if you have a history of kidney disease or certain autoimmune diseases, or a family history of blood clots",
            "If you smoke, quit."
        ]
    },
    {
        "name": "Emphysema",
        "link": "https://www.webmd.com/lung/copd/10-faqs-about-living-with-copd",
        "symptoms": [
            "A cough that doesn't go away",
            "Coughing up lots of mucus",
            "Shortness of breath (trouble taking a deep breath and feeling like you can't get enough air)",
            "Worsening shortness of breath when you climb stairs, walk, do other exercise, or perform regular daily activities",
            "Wheezing or squeaking when you breathe",
            "Tightness in your chest",
            "Frequent colds or flu"
        ],
        "prevention": [
            "Symptoms, such as cough, shortness of breath, increased mucus, and fatigue",
            "Medications and dosages",
            "Diet",
            "Exercise and other physical activity"
        ],
        "causes": [
            "Marijuana smoke",
            "Secondhand smoke",
            "Air pollution",
            "Chemical fumes",
            "Dust",
            "A rare genetic disorder called AAT (alpha-1 antitrypsin deficiency) that can lead to emphysema"
        ]
    },
    {
        "name": "Empty Sella Syndrome",
        "link": "https://www.webmd.com/brain/empty-sella-syndrome-facts",
        "symptoms": [
            "Headaches",
            "High blood pressure",
            "Fatigue",
            "Impotence (in men)",
            "Low sex drive",
            "No menstrual periods or irregular ones (in women)",
            "Infertility"
        ],
        "prevention": [
            "Medicine. If your pituitary gland isn’t putting out the right amounts of hormones, your doctor may give you drugs to help fix that.",
            "Surgery. If spinal fluid is leaking from your nose, a doctor may do surgery to keep that from happening."
        ]
    },
    {
        "name": "Encephalitis",
        "link": "https://www.webmd.com/a-to-z-guides/understanding-encephalitis-basics",
        "symptoms": [
            "Fatigue or loss of energy",
            "Fever, especially a high fever",
            "Headache that can be severe",
            "Sensitivity to light and sound",
            "Mild-to-moderate neck stiffness",
            "Drowsiness or loss of consciousness",
            "Irritability, anxiety, and behavioral or personality changes",
            "Hallucinations"
        ],
        "prevention": [
            "Avoid being outside between dusk and dawn when mosquitoes are most likely to bite you. If do have to be out then, wear long-sleeved shirts and long pants. Make sure mosquitoes can't get into your house through broken screens and windows. Also, run a fan, which can keep mosquitos moving around so they're less likely to land on and bite you.",
            "Wear long-sleeved shirts and long pants when you're in wooded areas with tall grasses and shrubs, where ticks like to hang out. Check yourself, your kids, and your pets for ticks when they come inside during tick season (this can be year-round for people in the U.S. South and on the West Coast, but for most of the U.S., it's early spring to winter).",
            "Use bug repellent and insecticide. You can use the mosquito repellent DEET on both your skin and clothes. The U.S. Environmental Protection Agency (EPA) recommends spraying your clothes, tents, and outdoor gear with products that contain permethrin to repel and kill both mosquitoes and ticks. Don't spray permethrin on your skin, though.",
            "For infants younger than 2 months, you can't use insect repellent, so cover their carrier or stroller with mosquito netting. For infants and children older than 2 months old, you can use 10%-30% DEET products. Don't use a combined sunscreen and DEET product because you'll need to reapply sunscreen for a full day of outside play. Reapplying a DEET-containing product can expose your child to high levels of DEET.",
            "Get rid of standing water outside your house. Mosquitoes lay their eggs in standing water. Common problem areas for standing water are old flowerpots, flat roofs, old tires, and clogged gutters.",
            "Report any sick or dying birds or small animals to your local health department. They could be infected with viruses such as West Nile virus that cause encephalitis."
        ],
        "causes": [
            "Herpes viruses, which include HSV (especially HSV-1), chickenpox, cytomegalovirus, and Epstein-Barr virus",
            "Viruses that are transmitted through bugbites, such as West Nile virus, Dengue virus, and Eastern equine encephalitis virus",
            "Viruses that cause childhood infections, such as measles, mumps, and Rubella"
        ]
    },
    {
        "name": "Endocarditis",
        "link": "https://www.webmd.com/heart-disease/what-is-endocarditis",
        "symptoms": [
            "Blood tests. These will look for bacteria in your bloodstream or show other things related to endocarditis, such as anemia, which means you don’t have enough red blood cells.",
            "An echocardiogram or an electrocardiogram. These are tests that show how your heart is working. An echocardiogram uses an ultrasound device to produce images of your heart. An electrocardiogram uses sensors to measure the timing and length of your heartbeat.",
            "An X-ray. This will show if endocarditis has affected your heart or lungs.",
            "A CT scan or MRI. These tests use pictures to show your doctor if the infection has spread to another area of your body like your brain or chest."
        ]
    },
    {
        "name": "Endocarditis, Prevention",
        "link": "https://www.webmd.com/oral-health/endocarditis-prevention",
        "symptoms": [
            "Unexplained fever",
            "Night chills",
            "Weakness, muscle pain, or joint pain",
            "Sluggishness (lethargy) or malaise (general ill feeling)"
        ],
        "prevention": [
            "Had bacterial endocarditis before",
            "A prosthetic (artificial) cardiac valve or prosthetic material used in valve repair",
            "Cardiac valve disease and have had a cardiac transplant",
            "Congenital (present at birth) heart disease. This includes only people with the following:  Unrepaired cyanotic congenital heart disease (including those with devices that relieve symptoms only)Completely repaired congenital heart defect with prosthetic material or device during the first six months after the procedureRepaired congenital heart disease with defects that remain at or near the site of a prosthetic patch or prosthetic device",
            "Unrepaired cyanotic congenital heart disease (including those with devices that relieve symptoms only)",
            "Completely repaired congenital heart defect with prosthetic material or device during the first six months after the procedure",
            "Repaired congenital heart disease with defects that remain at or near the site of a prosthetic patch or prosthetic device"
        ]
    },
    {
        "name": "Endometrial Cancer",
        "link": "https://www.webmd.com/cancer/understanding-endometrial-cancer-basics",
        "prevention": [
            "What Is Endometrial Cancer?",
            "Endometrial Cancer Symptoms",
            "Endometrial Cancer Diagnosis & Treatment"
        ]
    },
    {
        "name": "Enterovirus D68",
        "link": "https://www.webmd.com/children/enterovirus68-infection",
        "symptoms": [
            "Wash your hands often. Scrub with soap for 20 seconds. (especially before eating)",
            "Don't touch your eyes, nose, or mouth unless you've just washed your hands.",
            "Don't hug, kiss, or share food with anyone who's sick.",
            "If someone in your house is ill, it's a good idea to regularly disinfect surfaces that are touched a lot, such as toys and doorknobs."
        ]
    },
    {
        "name": "Epicondylitis (Tennis Elbow)",
        "link": "https://www.webmd.com/pain-management/tennis-elbow",
        "symptoms": [
            "Lift something",
            "Make a fist or grip an object, such as a tennis racket",
            "Open a door or shake hands",
            "Raise your hand or straighten your wrist"
        ],
        "prevention": [
            "Make sure your arms are strong and flexible.",
            "Avoid repetitive arm and wrist movements.",
            "Use your shoulder and upper arms to take the strain off your elbow.",
            "Avoid bending or straightening your arm all the way."
        ],
        "causes": [
            "Tennis",
            "Racquetball",
            "Squash",
            "Fencing",
            "Weightlifting",
            "Carpentry",
            "Typing",
            "Painting",
            "Raking",
            "Knitting"
        ]
    },
    {
        "name": "Epidemic Cerebrospinal Meningitis",
        "link": "https://www.webmd.com/children/meningococcal-meningitis-symptoms-causes-treatments-and-vaccines",
        "symptoms": [
            "Sudden high fever",
            "Severe, persistent headache",
            "Neck stiffness",
            "Confusion or other mental changes"
        ],
        "prevention": [
            "IV fluids",
            "Medications to raise your blood pressure",
            "Breathing support"
        ],
        "causes": [
            "Your age. Infants and young children account for most cases, followed by teenagers and young adults, and the elderly.",
            "A weakened immune system, from things such as medication, HIV infection, sickle cell disease, or having your spleen removed",
            "Being unvaccinated",
            "Close contact with an infected person",
            "Living in crowded conditions with young people"
        ]
    },
    {
        "name": "Epidemic Cholera",
        "link": "https://www.webmd.com/a-to-z-guides/cholera-faq",
        "symptoms": [
            "Rapid heart rate",
            "Loss of skin elasticity (the ability to return to original position quickly if pinched)",
            "Dry mucous membranes, including the inside of the mouth, throat, nose, and eyelids",
            "Low blood pressure",
            "Thirst",
            "Muscle cramps"
        ],
        "prevention": [
            "Drinking",
            "Preparing food or drinks",
            "Making ice",
            "Brushing your teeth",
            "Washing your face and hands",
            "Washing dishes and utensils that you use to eat or prepare food",
            "Washing fruits and vegetables"
        ],
        "causes": [
            "Municipal water supplies",
            "Ice made from municipal water",
            "Foods and drinks sold by street vendors",
            "Vegetables grown with water containing human wastes",
            "Raw or undercooked fish and seafood caught in waters polluted with sewage"
        ]
    },
    {
        "name": "Epididymal Cyst",
        "link": "https://www.webmd.com/men/spermatocele-or-epididemal-cysts",
        "prevention": [
            "Using a mirror, look for any swelling.",
            "Examine each testicle with both hands, placing the index and middle fingers underneath and thumbs on top.",
            "Gently roll each testicle between your thumbs and fingers."
        ]
    },
    {
        "name": "Epididymitis",
        "link": "https://www.webmd.com/men/what-is-epididymitis",
        "symptoms": [
            "Redness, swelling, or tenderness in the scrotum, the sac that contains the testes",
            "A more frequent or urgent need to pee",
            "A lump on your testicle",
            "Painful urination or ejaculation",
            "Fever",
            "Bloody urine",
            "Discomfort in your lower abdomen",
            "Enlarged lymph nodes in your groin",
            "A lump on your testicle"
        ],
        "causes": [
            "Sex with someone who has a sexually transmitted infection (STI)",
            "A history of STIs",
            "A history of infections in your prostate or urinary tract",
            "A history of procedures that impact your urinary tract",
            "An uncircumcised penis",
            "An enlarged prostate"
        ]
    },
    {
        "name": "Epilepsy and Seizures",
        "link": "https://www.webmd.com/epilepsy/guide/first-aid-seizures",
        "prevention": [
            "Nasally - Sprayed up the nose",
            "Orally - Swallowed in pill form",
            "Sublingually - Placed under the tongue to dissolve",
            "Buccally - Placed between the cheek and the gum to dissolve",
            "Rectally - Given via a gel through the anus"
        ]
    },
    {
        "name": "Episodic Ataxia",
        "link": "https://www.webmd.com/brain/ataxia-types-brain-and-nervous-system",
        "prevention": [
            "Counseling",
            "Physical or occupational therapy",
            "Speech therapy",
            "Support groups"
        ],
        "causes": [
            "Ataxia telangiectasia",
            "Ataxia with oculomotor apraxia",
            "Dominant spastic ataxias",
            "Dominant spinocerebellar ataxias (SCA)",
            "Episodic ataxia",
            "Friedreich's ataxia",
            "Recessive spastic ataxias",
            "Wilson’s disease"
        ]
    },
    {
        "name": "Epstein-Barr Virus",
        "link": "https://www.webmd.com/a-to-z-guides/epstein-barr-virus",
        "symptoms": [
            "Fatigue",
            "Fever",
            "Lack of appetite",
            "Rash",
            "Sore throat",
            "Swollen glands in the neck",
            "Weak and sore muscles",
            "Enlarged spleen and liver"
        ],
        "prevention": [
            "Heart muscle swelling called myocarditis",
            "Increased risk for cancers like Burkitt’s lymphoma, Hodgkin’s and non-Hodgkin’s lymphoma, and cancer of the upper throat (nasopharyngeal cancer)",
            "Lung diseases like pneumonia",
            "Problems with the brain and spinal cord, such as meningitis, encephalitis, and Guillain-Barré syndrome",
            "Rupture of the spleen",
            "Sinus infection (bacterial sinusitis)",
            "Swelling of the pancreas (pancreatitis)",
            "Swelling of the tonsils",
            "Weakening of the immune system that makes it harder to fight off infections"
        ],
        "causes": [
            "Ear infections and diarrhea in children",
            "Guillain-Barre syndrome",
            "Certain cancers, including Burkitt's lymphoma and cancers of the nose and throat",
            "Post-transplant lymphoproliferative disease (PTLD), a rare complication of people who get organ and stem cell transplants"
        ]
    },
    {
        "name": "Erythema Infectiosum (Fifth Disease)",
        "link": "https://www.webmd.com/children/guide/understanding-fifth-disease-basics",
        "symptoms": [
            "Mild fever",
            "Stuffy or runny nose",
            "Headache",
            "Bright red cheeks",
            "A flat or raised red rash, usually on the arms and legs, which lasts from 2 to 39 days and may itch; the rash fades from the center of the red areas toward the edges, giving it a lacy appearance. The rash can recur with exercise, warm baths, rubbing the skin, or emotional upset."
        ],
        "prevention": [
            "Acetaminophen to help lower fever",
            "Ibuprofen for joint or muscle pain",
            "Antihistamines to treat itching that may come with the rash"
        ],
        "causes": [
            "Wash hands often, especially after wiping or blowing noses and before preparing or eating food.",
            "Don't share food, pacifiers, bottles, eating utensils, or drinking cups.",
            "If toys tend to end up in tots' mouths, clean and disinfect them often.",
            "Don't kiss children on the mouth.",
            "Play outdoors as much as possible. It's easier for the virus to spread indoors where people are likely to be in closer contact.",
            "Make sure kids are not crowded together, especially during nap time.",
            "Teach children to cough or sneeze into a tissue (which should be thrown out right away) or the inside of their elbow (which is less likely than their hands to spread the virus) and away from other people.",
            "Children with fifth disease generally don't need to be excluded from day care, as they're unlikely to be contagious after the rash appears and a diagnosis has been made."
        ]
    },
    {
        "name": "Erythema Multiforme",
        "link": "https://www.webmd.com/skin-problems-and-treatments/picture-of-erythema-multiforme-minor",
        "symptoms": [
            "Ultraviolet light from the sun",
            "Chemicals used to kill pests",
            "Hormones",
            "Infection"
        ],
        "prevention": [
            "Corticosteroids, such as prednisone (Deltasone, Prednicot, Rayos), that also ease inflammation",
            "Immunosuppressive medicines, such as azathioprine (Azasan, Imuran), cyclophosphamide, or mycophenolate mofetil (CellCept)",
            "Biologic drugs, such as rituximab (Rituxan), also used in some cancer treatments"
        ]
    },
    {
        "name": "Ewing's Family of Tumors",
        "link": "https://www.webmd.com/cancer/ewings-sarcoma",
        "symptoms": [
            "Have a lump near the skin that feels warm and soft to the touch",
            "Have a constant low fever",
            "Limp because their legs hurt",
            "Have bone pain that gets worse when they exercise or during the night",
            "Have broken bones without an obvious cause",
            "Lose weight without trying",
            "Feel tired for no reason"
        ],
        "prevention": [
            "The size of their tumor",
            "Where it has spread",
            "Their overall health",
            "Your preferences, which you should talk over with your doctor"
        ]
    },
    {
        "name": "Exercises to Reduce Plantar Fasciitis",
        "link": "https://www.webmd.com/fitness-exercise/what-can-i-do-plantar-fasciitis",
        "prevention": [
            "What Is Plantar Fasciitis?",
            "Plantar Fasciitis Symptoms & Diagnosis",
            "Plantar Fasciitis Treatments",
            "Plantar Fasciitis Dos and Don'ts"
        ]
    },
    {
        "name": "Exercising with Osteoarthritis",
        "link": "https://www.webmd.com/arthritis/exercise-treat-arthritis",
        "prevention": [
            "Help maintain normal joint movement",
            "Increase muscle flexibility and strength",
            "Help maintain weight to reduce pressure on joints",
            "Help keep bone and cartilage tissue strong and healthy",
            "Improve endurance and cardiovascular fitness"
        ]
    },
    {
        "name": "Exocrine Pancreatic Insufficiency",
        "link": "https://www.webmd.com/digestive-disorders/exocrine-pancreatic-insufficiency",
        "symptoms": [
            "Pain or tenderness in your belly",
            "Bad-smelling bowel movements",
            "Diarrhea",
            "Gas",
            "Feeling full"
        ],
        "prevention": [
            "Eat six small meals per day. Try that instead of the traditional three. A big meal might not be appealing if you have digestion troubles from EPI.",
            "Don't drink or smoke. Alcohol can make it even harder for your body to absorb fat, and can damage your pancreas over time. Alcoholism is one possible cause of EPI. Smoking can lead to calcium buildup in your pancreas.",
            "Take vitamins. You may need to take vitamins A, D, E, and K to replace ones that aren't getting absorbed from your diet. EPI makes it hard for you to get the right nutrients because your body can't break down your foods. You also probably don't take in enough fats. Your doctor can prescribe vitamin supplements to help you get the right levels of these nutrients. They can also tell you which over-the-counter supplements and what dosage to take."
        ],
        "causes": [
            "Cystic fibrosis",
            "Shwachman-Diamond syndrome"
        ]
    },
    {
        "name": "Expanded Rubella Syndrome",
        "link": "https://www.webmd.com/a-to-z-guides/what-is-rubella",
        "symptoms": [
            "A mild fever -- from 99 F to 100 F",
            "Swollen and pink-colored eyes (conjunctivitis)",
            "Headache",
            "Swollen glands behind the ears and on the neck",
            "Stuffy, runny nose",
            "Cough",
            "Sore joints (more common in young women)",
            "General discomfort",
            "Swollen and enlarged lymph nodes"
        ],
        "prevention": [
            "What are the long term effects of rubella? Some women or people assigned female at birth may have arthritis.",
            "What happens if a pregnant woman is exposed to rubella? If you're pregnant and are not vaccinated, your unborn baby is at risk for health concerns like growth delays, deafness, and developmental issues. Some people who get rubella during pregnancy have a miscarriage. In other cases, the baby doesn't survive long after birth.",
            "When are you contagious with rubella? If you have rubella, you're contagious for about 1 week before the rash begins to 1 week after the rash disappears.",
            "How is the rubella virus transmitted? The rubella virus can be passed when an infected person coughs or sneezes or when contact is made with mucus from their nose or throat. People who are pregnant can pass it on to their child through their blood."
        ],
        "causes": [
            "Heart defects",
            "Cataracts",
            "Deafness",
            "Delayed learning",
            "Liver and spleen damage",
            "Diabetes",
            "Thyroid problems"
        ]
    },
    {
        "name": "Extragonadal Germ Cell Tumors",
        "link": "https://www.webmd.com/cancer/germ-cell-tumors",
        "symptoms": [
            "A mass on your ovaries or testicles",
            "Belly pain and swelling (caused by tumor)",
            "Bathroom troubles (a hard time pooping or holding in your pee, if the tumor is near your pelvis)",
            "Breast growth, pubic hair, or vaginal bleeding at an earlier age than normal",
            "Belly or chest pain",
            "Lump or a mass in the belly or testicles",
            "Testicles that aren’t the right shape or size",
            "Weakness in your legs (if the tumor is in the lower back)",
            "Wheezing or shortness of breath (if the tumor is near the lungs)"
        ],
        "prevention": [
            "Surgery to remove the tumor. If it’s cancer, your doctor needs to remove all of the cancer cells. That could mean removing the testicle or ovary and fallopian tube where the tumor is located.",
            "Chemotherapy (chemo), uses drugs to kill cancer. It’s often used if the tumor is cancer and has spread to other parts of your body.",
            "Radiation uses high energy from X-rays or other sources to kill cancer cells. Newer kinds of radiation focus as closely as possible on the tumor to help limit side effects."
        ],
        "causes": [
            "An undescended testicle (one or both testicles haven’t dropped into the scrotum)",
            "Birth defects in your central nervous system, genitals, lower spine, or urinary tract",
            "Genetic conditions like Klinefelter syndrome or Turner syndrome, where you have an extra or missing sex chromosome",
            "Other family members who had germ cell tumors"
        ]
    },
    {
        "name": "Extrauterine Pregnancy",
        "link": "https://www.webmd.com/baby/pregnancy-ectopic-pregnancy",
        "symptoms": [
            "Smoke cigarettes",
            "Are older than 35",
            "Have a sexually transmitted infection",
            "Have scarring from pelvic surgery",
            "Had a previous ectopic pregnancy",
            "Tried to have tubal ligation (tubes tied) or tubal ligation reversal",
            "Had fertility treatments such as in vitro fertilization (IVF)"
        ],
        "prevention": [
            "Pain",
            "Bleeding",
            "Infection"
        ]
    },
    {
        "name": "Eye Retraction Syndrome",
        "link": "https://www.webmd.com/eye-health/duane-syndrome-facts",
        "symptoms": [
            "Eyes that look different ways: This is called strabismus. It might happen all the time or just sometimes.",
            "Eyelid narrowing: One eye may look smaller than the other.",
            "Reduced vision in the affected eye: One out of every 10 people who have DS have \"lazy\" eye, a condition called amblyopia.",
            "Upshoot or downshoot: The affected eye sometimes looks up or down.",
            "Head position: People who have DS may tilt or turn their heads to try to keep their eyes straight."
        ]
    },
    {
        "name": "Eyelid Problems",
        "link": "https://www.webmd.com/eye-health/blepharitis",
        "symptoms": [
            "Feeling like something is in your eye",
            "A burning feeling in your eye",
            "Sensitivity to light",
            "Blurry vision",
            "Dry eyes",
            "Red eyes",
            "Watery eyes",
            "Crusty eyelashes when you wake up in the morning"
        ],
        "prevention": [
            "Keep your eyelids clean.",
            "Remove all eye makeup before bed.",
            "Don’t use eyeliner on the back edges of your eyelids, behind the lashes.",
            "If you’re in the early stages of treating blepharitis, prevent further irritation by not using makeup.",
            "Once you start to use it again, replace products that you use in or near your eyelids. They may be contaminated."
        ],
        "causes": [
            "Excess bacteria",
            "A blocked oil gland on your eyelid",
            "Hormone problems",
            "Allergies",
            "Infection with a virus",
            "Skin conditions such as seborrheic dermatitis, rosacea, and eczema",
            "Tiny insects called mites"
        ]
    }
]