[
    {
        "name": "Fabry Disease",
        "link": "https://www.webmd.com/a-to-z-guides/fabry-disease",
        "symptoms": [
            "Pain and burning in your hands and feet that get worse with exercise, fever, hot weather, or when you’re tired",
            "Small, dark red spots usually found between your bellybutton and knees",
            "Cloudy vision",
            "Hearing loss",
            "Ringing in the ears",
            "Sweating less than normal",
            "Stomach pain, bowel movements right after eating"
        ],
        "prevention": [
            "Drugs to relieve pain (prescription or nonprescription), often time due to nerve damage",
            "Medicine for stomach problems, such as gastroparesis",
            "Blood thinners or other drugs for an irregular heartbeat or other heart problems",
            "Blood pressure medicine, which also helps protect your kidneys"
        ]
    },
    {
        "name": "Facio-Scapulo-Humeral Dystrophy",
        "link": "https://www.webmd.com/children/understanding-muscular-dystrophy-basics",
        "symptoms": [
            "Myotonic (also called MMD or Steinert's disease). The most common form of muscular dystrophy in adults, myotonic muscular dystrophy affects both men and women, and it usually appears any time from early childhood to adulthood. In rare cases, it appears in newborns (congenital MMD). The name refers to a symptom, myotonia -- prolonged spasm or stiffening of muscles after use. This symptom is usually worse in cold temperatures. The disease causes muscle weakness and also affects the central nervous system, heart, gastrointestinal tract, eyes, and hormone-producing glands. In most cases, daily living isn't restricted for many years. Those with myotonic MD have a decreased life expectancy.",
            "Duchenne. The most common form of muscular dystrophy in children, Duchenne muscular dystrophy typically affects only males. It appears between the ages of 2 and 6. The muscles decrease in size and grow weaker over time yet may appear larger. Disease progression varies, but many people with Duchenne (1 in 3,500 boys) need a wheelchair by the age of 12. In most cases, the arms, legs, and spine become progressively deformed, and there may be some cognitive impairment. Severe breathing and heart problems mark the later stages of the disease. Those with Duchenne MD usually die in their late teens or early 20s.",
            "Becker. This form is similar to Duchenne muscular dystrophy, but the disease is much milder: symptoms appear later and progress more slowly. It usually appears between the ages of 2 and 16 but can appear as late as age 25. Like Duchenne muscular dystrophy, Becker muscular dystrophy typically affects only males (1 in 30,000) and causes heart problems. Disease severity varies. Those with Becker can usually walk into their 30s and live further into adulthood.",
            "Limb-girdle. This appears in the teens to early adulthood and affects males and females. In its most common form, Limb-girdle muscular dystrophy causes progressive weakness that begins in the hips and moves to the shoulders, arms, and legs and the heart may be affected. Within 20 years, walking becomes difficult or impossible. Sufferers typically live to middle age to late adulthood.",
            "Facioscapulohumeral. Facioscapulohumeral refers to the muscles that move the face, shoulder blade, and upper arm bone. This form of muscular dystrophy appears in the teens to early adulthood and affects males and females. It progresses slowly, with short periods of rapid muscle deterioration and weakness. Severity ranges from very mild to completely disabling. Walking, chewing, swallowing, and speaking problems can occur. About 50% of those with facioscapulohumeral MD can walk throughout their lives, and most live a normal life span. It may also bee associated with seizures, mental health problems, and can involve the heart",
            "Congenital. Congenital means present at birth. Congenital muscular dystrophies progress slowly and affect males and females. The two forms that have been identified -- Fukuyama and congenital muscular dystrophy with myosin deficiency -- cause muscle weakness at birth or in the first few months of life, along with severe and early contractures (shortening or shrinking of muscles that causes joint problems). Fukuyama congenital muscular dystrophy causes abnormalities in the brain and often seizures.",
            "Oculopharyngeal. Oculopharyngeal means eye and throat. This form of muscular dystrophy appears in men and women in their 40s, 50s, and 60s. It progresses slowly, causing weakness in the eye and face muscles, which may lead to difficulty swallowing. Weakness in pelvic and shoulder muscles may occur later. Choking and recurrent pneumonia may occur.",
            "Distal. This group of rare diseases affects adult men and women. It causes weakness and wasting of the distal muscles (those farthest from the center) of the forearms, hands, lower legs, and feet. It is generally less severe, progresses more slowly, and affects fewer muscles than other forms of muscular dystrophy.",
            "Emery-Dreifuss. This rare form of muscular dystrophy appears from childhood to the early teens and affects mainly males. In very rare cases, females can be affected. For that to happen, both of a girls X chromosomes (the one they get from their mother and the one from their father) would have to have the defective gene. It causes muscle weakness and wasting in the shoulders, upper arms, and lower legs. Life-threatening heart problems are common and can also affect carriers -- those who have the genetic information for the disease but do not develop the full-blown version (including mothers and sisters of those with Emery-Dreifuss MD). Muscle shortening (contractures) occurs early in the disease. Weakness can spread to chest and pelvic muscles. The disease progresses slowly and causes less severe muscle weakness than some other forms of muscular dystrophy."
        ],
        "prevention": [
            "Steroids. Corticosteroids, such as prednisone and deflazacort (Emflaza), are the standard of care for muscular dystrophy. They help improve muscle strength and breathing and decrease weakness. Side effects include high blood pressure and weight gain. People who use steroids for a long time are at risk for brittle bones.",
            "Medicines targeting gene mutations. Eteplirsen (Exondys 51) and golodirsen (Vyondys 53) increase the level of the gene dystrophin. They’re approved to specifically treat Duchenne muscular dystrophy.",
            "Anticonvulsants. Often used to treat epilepsy, these antiseizure drugs may also help reduce muscle spasms.",
            "Immunosuppressants. These powerful medicines are often used to treat lupus and other autoimmune diseases. When given to people with muscular dystrophy, they may help prevent some muscle cell damage.",
            "Antibiotics. The doctor may prescribe an antibiotic to treat a lung infection, which is common in people with muscular dystrophy."
        ]
    },
    {
        "name": "Facioscapulohumeral Muscular Dystrophy",
        "link": "https://www.webmd.com/children/understanding-muscular-dystrophy-basics",
        "symptoms": [
            "Myotonic (also called MMD or Steinert's disease). The most common form of muscular dystrophy in adults, myotonic muscular dystrophy affects both men and women, and it usually appears any time from early childhood to adulthood. In rare cases, it appears in newborns (congenital MMD). The name refers to a symptom, myotonia -- prolonged spasm or stiffening of muscles after use. This symptom is usually worse in cold temperatures. The disease causes muscle weakness and also affects the central nervous system, heart, gastrointestinal tract, eyes, and hormone-producing glands. In most cases, daily living isn't restricted for many years. Those with myotonic MD have a decreased life expectancy.",
            "Duchenne. The most common form of muscular dystrophy in children, Duchenne muscular dystrophy typically affects only males. It appears between the ages of 2 and 6. The muscles decrease in size and grow weaker over time yet may appear larger. Disease progression varies, but many people with Duchenne (1 in 3,500 boys) need a wheelchair by the age of 12. In most cases, the arms, legs, and spine become progressively deformed, and there may be some cognitive impairment. Severe breathing and heart problems mark the later stages of the disease. Those with Duchenne MD usually die in their late teens or early 20s.",
            "Becker. This form is similar to Duchenne muscular dystrophy, but the disease is much milder: symptoms appear later and progress more slowly. It usually appears between the ages of 2 and 16 but can appear as late as age 25. Like Duchenne muscular dystrophy, Becker muscular dystrophy typically affects only males (1 in 30,000) and causes heart problems. Disease severity varies. Those with Becker can usually walk into their 30s and live further into adulthood.",
            "Limb-girdle. This appears in the teens to early adulthood and affects males and females. In its most common form, Limb-girdle muscular dystrophy causes progressive weakness that begins in the hips and moves to the shoulders, arms, and legs and the heart may be affected. Within 20 years, walking becomes difficult or impossible. Sufferers typically live to middle age to late adulthood.",
            "Facioscapulohumeral. Facioscapulohumeral refers to the muscles that move the face, shoulder blade, and upper arm bone. This form of muscular dystrophy appears in the teens to early adulthood and affects males and females. It progresses slowly, with short periods of rapid muscle deterioration and weakness. Severity ranges from very mild to completely disabling. Walking, chewing, swallowing, and speaking problems can occur. About 50% of those with facioscapulohumeral MD can walk throughout their lives, and most live a normal life span. It may also bee associated with seizures, mental health problems, and can involve the heart",
            "Congenital. Congenital means present at birth. Congenital muscular dystrophies progress slowly and affect males and females. The two forms that have been identified -- Fukuyama and congenital muscular dystrophy with myosin deficiency -- cause muscle weakness at birth or in the first few months of life, along with severe and early contractures (shortening or shrinking of muscles that causes joint problems). Fukuyama congenital muscular dystrophy causes abnormalities in the brain and often seizures.",
            "Oculopharyngeal. Oculopharyngeal means eye and throat. This form of muscular dystrophy appears in men and women in their 40s, 50s, and 60s. It progresses slowly, causing weakness in the eye and face muscles, which may lead to difficulty swallowing. Weakness in pelvic and shoulder muscles may occur later. Choking and recurrent pneumonia may occur.",
            "Distal. This group of rare diseases affects adult men and women. It causes weakness and wasting of the distal muscles (those farthest from the center) of the forearms, hands, lower legs, and feet. It is generally less severe, progresses more slowly, and affects fewer muscles than other forms of muscular dystrophy.",
            "Emery-Dreifuss. This rare form of muscular dystrophy appears from childhood to the early teens and affects mainly males. In very rare cases, females can be affected. For that to happen, both of a girls X chromosomes (the one they get from their mother and the one from their father) would have to have the defective gene. It causes muscle weakness and wasting in the shoulders, upper arms, and lower legs. Life-threatening heart problems are common and can also affect carriers -- those who have the genetic information for the disease but do not develop the full-blown version (including mothers and sisters of those with Emery-Dreifuss MD). Muscle shortening (contractures) occurs early in the disease. Weakness can spread to chest and pelvic muscles. The disease progresses slowly and causes less severe muscle weakness than some other forms of muscular dystrophy."
        ],
        "prevention": [
            "Steroids. Corticosteroids, such as prednisone and deflazacort (Emflaza), are the standard of care for muscular dystrophy. They help improve muscle strength and breathing and decrease weakness. Side effects include high blood pressure and weight gain. People who use steroids for a long time are at risk for brittle bones.",
            "Medicines targeting gene mutations. Eteplirsen (Exondys 51) and golodirsen (Vyondys 53) increase the level of the gene dystrophin. They’re approved to specifically treat Duchenne muscular dystrophy.",
            "Anticonvulsants. Often used to treat epilepsy, these antiseizure drugs may also help reduce muscle spasms.",
            "Immunosuppressants. These powerful medicines are often used to treat lupus and other autoimmune diseases. When given to people with muscular dystrophy, they may help prevent some muscle cell damage.",
            "Antibiotics. The doctor may prescribe an antibiotic to treat a lung infection, which is common in people with muscular dystrophy."
        ]
    },
    {
        "name": "Factitious Disorder by Proxy",
        "link": "https://www.webmd.com/mental-health/munchausen-by-proxy",
        "symptoms": [
            "Is a parent or caregiver, usually a mother",
            "May be a health care professional",
            "Is very friendly and cooperative with the health care providers",
            "Appears quite concerned (some may seem overly concerned) about their child",
            "May suffer from Munchausen syndrome (a related disorder in which a person repeatedly acts as if they have a physical or mental illness when they are not really sick)"
        ]
    },
    {
        "name": "Fahr Disease",
        "link": "https://www.webmd.com/brain/basal-ganglia-calcification",
        "symptoms": [
            "Clumsiness",
            "Walking unsteadily",
            "Talking more slowly than usual, or slurring your words",
            "Difficulty swallowing",
            "Involuntary movement of arms or legs",
            "Cramped muscles",
            "Stiff arms and legs (called spasticity)",
            "Tremors, muscle stiffness, lack of facial expression"
        ]
    },
    {
        "name": "Fahr's Disease",
        "link": "https://www.webmd.com/brain/basal-ganglia-calcification",
        "symptoms": [
            "Clumsiness",
            "Walking unsteadily",
            "Talking more slowly than usual, or slurring your words",
            "Difficulty swallowing",
            "Involuntary movement of arms or legs",
            "Cramped muscles",
            "Stiff arms and legs (called spasticity)",
            "Tremors, muscle stiffness, lack of facial expression"
        ]
    },
    {
        "name": "Fallot's Tetralogy",
        "link": "https://www.webmd.com/heart-disease/tetralogy-fallot",
        "symptoms": [
            "The skin, lips, and mucous membranes inside the mouth and nose take on a noticeably dusky blue color.",
            "Only some infants with very severe obstruction of the right ventricle outflow turn blue at birth.",
            "A small number of children with tetralogy of Fallot never turn blue at all, especially if the pulmonary stenosis is mild, the ventricular septal defect is small, or both.",
            "In some children, the cyanosis is quite subtle and may go undetected for some time."
        ],
        "prevention": [
            "The child will be placed on their back in the knee-to-chest position to increase aortic resistance. The increased aortic and left ventricular pressure reduces the rush of blood through the septal hole from the right ventricle and improves blood circulation to the lungs, so more red blood reaches the tissues.",
            "The child may be given oxygen through a face mask to increase the amount of oxygen in the blood.",
            "The child may be given morphine, propranolol (or metoprolol), or, in extreme cases, phenylephrine (Alconefrin, Vicks Sinex). These medications decrease the frequency and severity of tet spells."
        ]
    },
    {
        "name": "Familial Alobar Holoprosencephaly",
        "link": "https://www.webmd.com/a-to-z-guides/understanding-encephalitis-basics",
        "symptoms": [
            "Fatigue or loss of energy",
            "Fever, especially a high fever",
            "Headache that can be severe",
            "Sensitivity to light and sound",
            "Mild-to-moderate neck stiffness",
            "Drowsiness or loss of consciousness",
            "Irritability, anxiety, and behavioral or personality changes",
            "Hallucinations"
        ],
        "prevention": [
            "Avoid being outside between dusk and dawn when mosquitoes are most likely to bite you. If do have to be out then, wear long-sleeved shirts and long pants. Make sure mosquitoes can't get into your house through broken screens and windows. Also, run a fan, which can keep mosquitos moving around so they're less likely to land on and bite you.",
            "Wear long-sleeved shirts and long pants when you're in wooded areas with tall grasses and shrubs, where ticks like to hang out. Check yourself, your kids, and your pets for ticks when they come inside during tick season (this can be year-round for people in the U.S. South and on the West Coast, but for most of the U.S., it's early spring to winter).",
            "Use bug repellent and insecticide. You can use the mosquito repellent DEET on both your skin and clothes. The U.S. Environmental Protection Agency (EPA) recommends spraying your clothes, tents, and outdoor gear with products that contain permethrin to repel and kill both mosquitoes and ticks. Don't spray permethrin on your skin, though.",
            "For infants younger than 2 months, you can't use insect repellent, so cover their carrier or stroller with mosquito netting. For infants and children older than 2 months old, you can use 10%-30% DEET products. Don't use a combined sunscreen and DEET product because you'll need to reapply sunscreen for a full day of outside play. Reapplying a DEET-containing product can expose your child to high levels of DEET.",
            "Get rid of standing water outside your house. Mosquitoes lay their eggs in standing water. Common problem areas for standing water are old flowerpots, flat roofs, old tires, and clogged gutters.",
            "Report any sick or dying birds or small animals to your local health department. They could be infected with viruses such as West Nile virus that cause encephalitis."
        ],
        "causes": [
            "Herpes viruses, which include HSV (especially HSV-1), chickenpox, cytomegalovirus, and Epstein-Barr virus",
            "Viruses that are transmitted through bugbites, such as West Nile virus, Dengue virus, and Eastern equine encephalitis virus",
            "Viruses that cause childhood infections, such as measles, mumps, and Rubella"
        ]
    },
    {
        "name": "Familial Chordoma",
        "link": "https://www.webmd.com/cancer/what-is-chordoma",
        "symptoms": [
            "Abnormal eye movements",
            "Changes to your voice or speech",
            "Double vision",
            "Headache",
            "Loss of feeling and movement in your face",
            "Neck pain",
            "Trouble swallowing"
        ],
        "prevention": [
            "Your age",
            "Your health",
            "Size of the tumor",
            "Where the tumor is"
        ]
    },
    {
        "name": "Familial Cutaneous Amyloidosis",
        "link": "https://www.webmd.com/cancer/lymphoma/amyloidosis-symptoms-causes-treatments",
        "symptoms": [
            "Changes in skin color",
            "Severe fatigue",
            "Feeling of fullness",
            "Joint pain",
            "Low red blood cell count (anemia)",
            "Shortness of breath",
            "Swelling of the tongue",
            "Tingling and numbness in legs and feet",
            "Weak hand grip",
            "Severe weakness",
            "Sudden weight loss"
        ],
        "prevention": [
            "High-dose chemotherapy with stem cell transplant can help remove the substance that leads to amyloid formation in some people with primary AL amyloidosis. Chemotherapy medicines alone may be used to treat other patients with primary AL amyloidosis.",
            "Secondary (AA) amyloidosis is treated by controlling the underlying disorder and with powerful anti-inflammatory medicines called steroids, which fight inflammation.",
            "A liver transplant may treat the disease if you have certain types of hereditary amyloidosis.",
            "New therapies can slow the production of the abnormal protein TTR.",
            "Your doctor might also recommend a kidney transplant."
        ]
    },
    {
        "name": "Familial Emphysema",
        "link": "https://www.webmd.com/lung/copd/alpha-1-antitrypsin-deficiency-rare",
        "symptoms": [
            "Wheezing or whistling sounds when you breathe",
            "Having colds often",
            "Feeling tired",
            "A fast heartbeat when you stand up",
            "Weight loss"
        ],
        "prevention": [
            "Gene therapy. This involves replacing the faulty gene responsible for AAT deficiency with a healthy one. Research into gene therapy for AAT deficiency has been mixed. The results of one study showed the treatment is safe and worked to keep AAT levels in the normal range. But the results of another study showed lower AAT levels.",
            "Stem cell therapy. This treatment replaces damaged cells with healthy stem cells. The stem cells come from people with AAT, which scientists use to study and create treatments for the disease.",
            "Small molecule therapy. These are drugs that target specific molecules involved in disease. In AAT deficiency, they could help slow liver damage by stopping the protein from building up in liver cells. This type of therapy shows promise but needs more research."
        ]
    },
    {
        "name": "Familial Jaundice",
        "link": "https://www.webmd.com/children/what-is-gilbert-syndrome",
        "symptoms": [
            "Nausea and diarrhea",
            "Abdominal discomfort",
            "Fatigue",
            "Dark urine"
        ],
        "prevention": [
            "Don't skip meals.",
            "Drink plenty of fluids.",
            "Use relaxation techniques or other methods to manage stress.",
            "Get a good night's sleep.",
            "Limit your alcoholic drinks.",
            "Skip long and strenuous workouts."
        ]
    },
    {
        "name": "Familial Lichen Amyloidosis (Type IX)",
        "link": "https://www.webmd.com/cancer/lymphoma/amyloidosis-symptoms-causes-treatments",
        "symptoms": [
            "Changes in skin color",
            "Severe fatigue",
            "Feeling of fullness",
            "Joint pain",
            "Low red blood cell count (anemia)",
            "Shortness of breath",
            "Swelling of the tongue",
            "Tingling and numbness in legs and feet",
            "Weak hand grip",
            "Severe weakness",
            "Sudden weight loss"
        ],
        "prevention": [
            "High-dose chemotherapy with stem cell transplant can help remove the substance that leads to amyloid formation in some people with primary AL amyloidosis. Chemotherapy medicines alone may be used to treat other patients with primary AL amyloidosis.",
            "Secondary (AA) amyloidosis is treated by controlling the underlying disorder and with powerful anti-inflammatory medicines called steroids, which fight inflammation.",
            "A liver transplant may treat the disease if you have certain types of hereditary amyloidosis.",
            "New therapies can slow the production of the abnormal protein TTR.",
            "Your doctor might also recommend a kidney transplant."
        ]
    },
    {
        "name": "Familial Primary Pulmonary Hypertension",
        "link": "https://www.webmd.com/lung/pulmonary-arterial-hypertension",
        "symptoms": [
            "Chest pain",
            "Fatigue",
            "Passing out",
            "Swelling in your ankles and legs"
        ],
        "prevention": [
            "Pills: ambrisentan (Letairis), bosentan (Tracleer), macitentan (Opsumit), riociguat (Adempas), selexipag (Uptravi), sildenafil (Revatio), tadalafil (Adcirca), treprostinil (Orenitram)",
            "Inhalers: Iloprost tromethamine (Ventavis), treprostinil (Tyvaso)",
            "IV drugs: epoprostenol sodium (Flolan, Veletri), treprostinil (Remodulin)"
        ],
        "causes": [
            "Congestive heart failure",
            "Blood clots in the lungs",
            "HIV",
            "Illegal drug use (like cocaine or methamphetamine)",
            "Liver disease (such as cirrhosis of the liver)",
            "Lupus, scleroderma, rheumatoid arthritis, and other autoimmune diseases",
            "A heart defect you're born with",
            "Lung diseases like emphysema, chronic bronchitis, or pulmonary fibrosis",
            "Sleep apnea"
        ]
    },
    {
        "name": "Fibrinoid Leukodystrophy",
        "link": "https://www.webmd.com/brain/leukodystrophy-types",
        "symptoms": [
            "Balance and mobility problems",
            "Behavioral and learning disabilities",
            "Bladder issues",
            "Breathing difficulties",
            "Developmental delays",
            "Hearing, speech, and vision problems",
            "Muscle control disorders",
            "Seizures"
        ],
        "causes": [
            "Blood and urine analysis",
            "CT scans",
            "Genetic testing",
            "MRI scans",
            "Psychological and cognitive tests"
        ]
    },
    {
        "name": "Fibrodysplasia Ossificans Progressiva",
        "link": "https://www.webmd.com/children/what-is-fop",
        "symptoms": [
            "Breathe (your lungs can’t fully expand)",
            "Eat (making it harder to get the nutrients you need)",
            "Keep your balance",
            "Speak",
            "Walk or sit"
        ]
    },
    {
        "name": "Fibroids",
        "link": "https://www.webmd.com/women/uterine-fibroids/uterine-fibroids",
        "symptoms": [
            "Heavy, long, or painful periods",
            "Pain in the lower belly or back",
            "Painful sex",
            "Peeing often",
            "Discomfort in the rectum"
        ],
        "prevention": [
            "Uterine Fibroids Overview",
            "Symptoms",
            "Diagnosis",
            "Treatments",
            "Surgery"
        ],
        "causes": [
            "Age",
            "Race",
            "Getting your period at a young age",
            "Birth control pill use before age 16",
            "Vitamin D deficiency",
            "Eating too much red meat and not enough green vegetables, fruit, or dairy",
            "Alcohol",
            "Family history"
        ]
    },
    {
        "name": "Fibrosing Cholangitis",
        "link": "https://www.webmd.com/digestive-disorders/primary-sclerosing-cholangitis-facts",
        "symptoms": [
            "Fatigue",
            "Itchy skin",
            "Yellowish skin and eyes caused by a condition called jaundice"
        ],
        "causes": [
            "Magnetic resonance cholangiopancreatography (MRCP).This uses powerful magnets and radio waves to make detailed images of your bile ducts. It's often a doctor's first choice because it's safe, painless, and non-invasive.",
            "Endoscopic retrograde cholangiopancreatography (ERCP). Before the test, you'll receive a sedative so you stay calm and comfortable. Your doctor will put a long, flexible tube called an endoscope through your mouth and into your digestive tract. They'll put dye into your bile ducts and take an X-ray. The dye helps your bile ducts show up more clearly.",
            "Percutaneous transhepatic cholangiography (PTC). Your doctor puts a needle through your skin, places a thin tube into a duct in your liver, and puts dye through it. They then take an X-ray."
        ]
    },
    {
        "name": "Fibrous Cavernositis",
        "link": "https://www.webmd.com/men/peyronies-disease",
        "symptoms": [
            "Remove the plaque and get a tissue graft in its place.",
            "Remove or alter the tissue on the side of the penis opposite the plaque, which counters the disease's bending effect."
        ],
        "prevention": [
            "Remove the plaque and get a tissue graft in its place.",
            "Remove or alter the tissue on the side of the penis opposite the plaque, which counters the disease's bending effect."
        ]
    },
    {
        "name": "Fibrous Interstitial Pneumonia",
        "link": "https://www.webmd.com/lung/interstitial-lung-disease",
        "symptoms": [
            "Cough, which is usually dry and doesn’t bring up mucus.",
            "Weight loss, most often in people with COP or BOOP."
        ],
        "prevention": [
            "Cyclophosphamide (Cytoxan)",
            "Cyclosporine",
            "Methotrexate",
            "Nintedanib (Ofev)",
            "Pirfenidone (Esbriet)"
        ],
        "causes": [
            "Asbestos",
            "Bird proteins (such as from exotic birds, chickens, or pigeons)",
            "Coal dust or various other metal dusts from working in mining",
            "Grain dust from farming",
            "Silica dust",
            "Talc"
        ]
    },
    {
        "name": "Fibrous Plaques of the Penis",
        "link": "https://www.webmd.com/men/peyronies-disease",
        "symptoms": [
            "Remove the plaque and get a tissue graft in its place.",
            "Remove or alter the tissue on the side of the penis opposite the plaque, which counters the disease's bending effect."
        ],
        "prevention": [
            "Remove the plaque and get a tissue graft in its place.",
            "Remove or alter the tissue on the side of the penis opposite the plaque, which counters the disease's bending effect."
        ]
    },
    {
        "name": "Fibrous Sclerosis of the Penis",
        "link": "https://www.webmd.com/men/peyronies-disease",
        "symptoms": [
            "Remove the plaque and get a tissue graft in its place.",
            "Remove or alter the tissue on the side of the penis opposite the plaque, which counters the disease's bending effect."
        ],
        "prevention": [
            "Remove the plaque and get a tissue graft in its place.",
            "Remove or alter the tissue on the side of the penis opposite the plaque, which counters the disease's bending effect."
        ]
    },
    {
        "name": "Field Fever",
        "link": "https://www.webmd.com/a-to-z-guides/what-is-leptospirosis",
        "symptoms": [
            "Headache",
            "Muscle ache",
            "Jaundice (yellowing of the skin and eyes)",
            "Vomiting",
            "Diarrhea",
            "Skin rash"
        ],
        "prevention": [
            "Fever",
            "Belly pain, vomiting, diarrhea",
            "Weakness",
            "Pain",
            "Stiffness"
        ],
        "causes": [
            "Farmer",
            "Veterinarian",
            "Underground worker (you work in a sewer or a mine)",
            "Slaughterhouse worker",
            "Military personnel"
        ]
    },
    {
        "name": "Fifth Disease",
        "link": "https://www.webmd.com/children/guide/understanding-fifth-disease-basics",
        "symptoms": [
            "Mild fever",
            "Stuffy or runny nose",
            "Headache",
            "Bright red cheeks",
            "A flat or raised red rash, usually on the arms and legs, which lasts from 2 to 39 days and may itch; the rash fades from the center of the red areas toward the edges, giving it a lacy appearance. The rash can recur with exercise, warm baths, rubbing the skin, or emotional upset."
        ],
        "prevention": [
            "Acetaminophen to help lower fever",
            "Ibuprofen for joint or muscle pain",
            "Antihistamines to treat itching that may come with the rash"
        ],
        "causes": [
            "Wash hands often, especially after wiping or blowing noses and before preparing or eating food.",
            "Don't share food, pacifiers, bottles, eating utensils, or drinking cups.",
            "If toys tend to end up in tots' mouths, clean and disinfect them often.",
            "Don't kiss children on the mouth.",
            "Play outdoors as much as possible. It's easier for the virus to spread indoors where people are likely to be in closer contact.",
            "Make sure kids are not crowded together, especially during nap time.",
            "Teach children to cough or sneeze into a tissue (which should be thrown out right away) or the inside of their elbow (which is less likely than their hands to spread the virus) and away from other people.",
            "Children with fifth disease generally don't need to be excluded from day care, as they're unlikely to be contagious after the rash appears and a diagnosis has been made."
        ]
    },
    {
        "name": "Finnish Type Amyloidosis (Type V)",
        "link": "https://www.webmd.com/cancer/lymphoma/amyloidosis-symptoms-causes-treatments",
        "symptoms": [
            "Changes in skin color",
            "Severe fatigue",
            "Feeling of fullness",
            "Joint pain",
            "Low red blood cell count (anemia)",
            "Shortness of breath",
            "Swelling of the tongue",
            "Tingling and numbness in legs and feet",
            "Weak hand grip",
            "Severe weakness",
            "Sudden weight loss"
        ],
        "prevention": [
            "High-dose chemotherapy with stem cell transplant can help remove the substance that leads to amyloid formation in some people with primary AL amyloidosis. Chemotherapy medicines alone may be used to treat other patients with primary AL amyloidosis.",
            "Secondary (AA) amyloidosis is treated by controlling the underlying disorder and with powerful anti-inflammatory medicines called steroids, which fight inflammation.",
            "A liver transplant may treat the disease if you have certain types of hereditary amyloidosis.",
            "New therapies can slow the production of the abnormal protein TTR.",
            "Your doctor might also recommend a kidney transplant."
        ]
    },
    {
        "name": "Fitz Hugh Curtis Syndrome",
        "link": "https://www.webmd.com/women/what-is-fitz-hugh-curtis-syndrome",
        "symptoms": [
            "Fever",
            "Chills",
            "Night sweat",
            "Nausea and vomiting",
            "Hiccups",
            "Headaches",
            "A general feeling of poor health (malaise)"
        ],
        "prevention": [
            "Use condoms and limit your number of sex partners",
            "Regularly get tested for STIs if you’re sexually active",
            "Ask any sexual partners to get tested",
            "Avoid douching, which can make you more prone to vaginal infections"
        ]
    },
    {
        "name": "Flatfoot (Pes Planus)",
        "link": "https://www.webmd.com/pain-management/what-are-fallen-arches",
        "symptoms": [
            "Feet tire easily",
            "Painful or achy feet, especially in the areas of the arches and heels",
            "The inside bottoms of your feet become swollen",
            "Foot movement, such as standing on your toes, is difficult",
            "Back and leg pain"
        ],
        "causes": [
            "An abnormality that is present from birth",
            "Stretched or torn tendons",
            "Damage or inflammation of the posterior tibial tendon (PTT), which connects from your lower leg, along your ankle, to the middle of the arch",
            "Broken or dislocated bones",
            "Some health conditions, such as rheumatoid arthritis",
            "Nerve problems"
        ]
    },
    {
        "name": "Flesh-Eating Bacteria",
        "link": "https://www.webmd.com/skin-problems-and-treatments/necrotizing-fasciitis-flesh-eating-bacteria",
        "symptoms": [
            "Serious pain, including areas other than the skin that look swollen or red",
            "Inflammation",
            "Fever",
            "Nausea"
        ],
        "prevention": [
            "After cleaning, cover an oozing, draining, or open wound with a clean, dry bandage.",
            "Get treated by a doctor if you have a serious or deep wound, such as a puncture or gunshot.",
            "Don’t go swimming or use a hot tub if you have an open wound or skin infection."
        ],
        "causes": [
            "Surgical wounds",
            "Puncture wounds or an injury that doesn't break the skin",
            "Burns",
            "Minor cuts and scrapes",
            "Insect bites",
            "Abrasions"
        ]
    },
    {
        "name": "Flossing a Child's Teeth",
        "link": "https://www.webmd.com/oral-health/guide/brushing-flossing-child-teeth",
        "prevention": [
            "Formula",
            "Breast milk",
            "Water",
            "Special electrolyte solutions when the child has diarrhea"
        ]
    },
    {
        "name": "Folic Acid Deficiency Anemia",
        "link": "https://www.webmd.com/a-to-z-guides/folic-acid-deficiency-anemia",
        "symptoms": [
            "Fatigue",
            "Lack of energy",
            "Feeling short of breath",
            "Headaches",
            "Pale skin",
            "Racing heart",
            "Weight loss or not feeling hungry",
            "Ringing in your ears"
        ]
    },
    {
        "name": "Follicular Lymphoma",
        "link": "https://www.webmd.com/cancer/lymphoma/follicular-lymphoma",
        "symptoms": [
            "Painless swelling of the lymph nodes in your neck, groin, stomach, or armpits",
            "Shortness of breath",
            "Fatigue",
            "Night sweats",
            "Weight loss"
        ],
        "prevention": [
            "Your lymph nodes keep getting larger",
            "You have a fever or night sweats",
            "You are losing weight",
            "You have low blood counts"
        ]
    },
    {
        "name": "Folliculitis",
        "link": "https://www.webmd.com/skin-problems-and-treatments/guide/cysts-lumps-bumps",
        "symptoms": [
            "A painless, slow-growing mass",
            "Occasional pain",
            "Electric-like \"shock\" when the affected area is touched",
            "Neurological problems if the tumor involves a major motor or sensory nerve or a nerve that is compressed between the tumor and a hard structure"
        ]
    },
    {
        "name": "Food Allergies",
        "link": "https://www.webmd.com/allergies/food-allergy-intolerances",
        "prevention": [
            "Antihistamines for digestive issues, hives, sneezing, and a runny nose",
            "Bronchodilators for tightened airways or asthma-like symptoms"
        ]
    },
    {
        "name": "Food Poisoning, Prevention",
        "link": "https://www.webmd.com/food-recipes/food-poisoning/preventing-food-poisoning",
        "symptoms": [
            "Avoid solid foods until vomiting ends. Then eat light, bland foods, such as saltine crackers, bananas, rice, or bread.",
            "Sipping liquids may help avoid vomiting.",
            "Don’t eat fried, greasy, spicy, or sweet foods.",
            "Don’t take anti-nausea or anti-diarrhea medication without asking your doctor. They have side effects and may make some kinds of diarrhea worse. Your doctor may give you anti-nausea medication if you are at risk of being dehydrated."
        ],
        "prevention": [
            "Sushi and other raw seafoods and partly cooked shellfish like mussels, clams, and scallops.",
            "Refrigerated smoked seafood. These usually have labels that say “Nova-style,” “lox,” “kippered,” “jerky,” or “smoked.” Smoked seafood should be safe if you cook it well or if it has been canned or stored on a shelf.",
            "Unpasteurized juice and cider, including fresh-squeezed. These drinks can be safe if you boil them for 1 minute.",
            "Soft cheeses (Brie and Camembert), blue-veined cheeses (Roquefort) and Mexican-style cheeses (queso blanco, queso fresco, Panela). These are often made from unpasteurized milk, especially when they’re sold at farmer’s markets. Feta is also often made with raw milk. Stick with hard cheeses like cheddar or Swiss.",
            "Raw or partly cooked eggs. That means staying away from cookie and cake batter (not even a lick of the spoon). Same for homemade eggnog, tiramisu, Caesar dressing, hollandaise sauce, and ice cream. If you buy one of these products at the store, check the label to make sure it doesn’t contain raw eggs. At home, cook eggs until the yolk is hard.",
            "Raw or undercooked sprouts such as alfalfa, clover, mung beans, and radishes.",
            "Premade salads from the deli that contain meat or seafood. Canned versions are safe.",
            "Pâtés or meat spreads that have been refrigerated (they may be unpasteurized).",
            "Hot dogs, cold cuts, and luncheon and deli meats, even if they’re labeled cooked. Eat them only after you’ve reheated them steaming hot. Make sure no juices from these products end up on your hands or on plates, utensils, or counters."
        ],
        "causes": [
            "E. coli, a type of bacteria found in the intestines of animals. You can get this from undercooked ground beef, unpasteurized milk, sprouts, or any food or liquid that has had contact with animal feces or sewage. Some strains are harmless. Others can make you very sick.",
            "Listeria is an unusual bacteria that can grow in cold temperatures such as in the refrigerator. It's found in smoked fish, raw (unpasteurized) cheeses, ice cream, pates, hot dogs, and deli meats. Typically, symptoms start within 24 hours of eating the product and you have short-lived gastroenteritis with watery diarrhea, nausea, vomiting, and sometimes fever. That said, it can be much more serious in older people, pregnant women, or those with weakened immune systems. The bacteria can enter the bloodstream and central nervous system and cause an infection called listeriosis. This usually happens within 10 days to a month after exposure. In addition to diarrhea and vomiting, listeria can cause unusual symptoms, including weakness, confusion, and a stiff neck. It can also be deadly. If you have any of these symptoms, call your doctor right away."
        ]
    },
    {
        "name": "Foot Care for People with Diabetes",
        "link": "https://www.webmd.com/diabetes/caring-feet",
        "prevention": [
            "Athlete's foot (cracking between the toes)",
            "Sores or wounds on your feet called ulcers. They often develop on the balls of your feet or the bottoms of your toes.",
            "Ingrown toenails",
            "Increasing numbness or pain",
            "Calluses, warts, or corns. Don’t try to treat them yourself with over-the-counter pads or liquids. Don’t try to cut them off your skin. Ask your podiatrist or doctor to remove them safely.",
            "Redness, swelling, or drainage that could be a sign of an infection.",
            "Nails that seem thicker, yellow, changed in shape, striped, or not growing the way they usually do. This could be a sign of an injury or infection.",
            "Blackening of skin",
            "Bunions",
            "Infection",
            "Hammer toes (when the middle joint of toes is permanently bent downward)",
            "If your foot, ankle, or toe is swollen, red, hot to the touch, changed in shape or size, or hurts when you move it, you may have a sprain or fracture. Damage to your nerves can raise your chance of a serious condition called Charcot foot, which causes a change in the shape of the foot."
        ]
    },
    {
        "name": "Foot Pain (Plantar Fasciitis)",
        "link": "https://www.webmd.com/fitness-exercise/understanding-plantar-fasciitis-basics",
        "symptoms": [
            "Are obese",
            "Have an unusual walk or foot position",
            "Often wear high-heeled shoes",
            "Spend many hours standing each day"
        ],
        "prevention": [
            "Icing the area.",
            "Night splints. You wear these to stretch your calf and foot while you sleep.",
            "Physical therapy. Certain exercises can stretch your fascia and Achilles tendon and strengthen your leg muscles, which will make your ankle and heel more stable.",
            "Rest. Stop doing things that make the pain worse. This might include some types of exercise, like running or jumping.",
            "Supportive shoes or inserts. Shoes with thick soles and extra cushioning will make it less painful for you to stand or walk. Arch supports can distribute pressure more evenly across your feet.",
            "Taking pain-relieving non-steroidal anti-inflammatories (NSAIDs) like ibuprofen or naproxen sodium. You shouldn’t take these for more than a month, so talk with your doctor."
        ]
    },
    {
        "name": "FOP",
        "link": "https://www.webmd.com/children/what-is-fop",
        "symptoms": [
            "Breathe (your lungs can’t fully expand)",
            "Eat (making it harder to get the nutrients you need)",
            "Keep your balance",
            "Speak",
            "Walk or sit"
        ]
    },
    {
        "name": "Fournier Disease",
        "link": "https://www.webmd.com/diabetes/what-is-fourniers-gangrene",
        "symptoms": [
            "Your penis, vulva, scrotum, or perineum looks red or purple.",
            "You feel sore around your genitals or in the area between your genitals and your anus.",
            "These areas might start to swell."
        ],
        "prevention": [
            "If you have diabetes, regularly check your genitals and surrounding areas for wounds or signs of infection, like redness and swelling.",
            "Keep your blood sugar at a healthy level. For people with diabetes, that means keeping up with your medications.",
            "If you're obese or overweight, try to lose some weight. Ask your doctor about the best ways to do this.",
            "If you smoke or chew tobacco, stop.",
            "To lower your risk of infection, wash any open wounds in the area with soap and water and keep them dry and clean until they heal.",
            "Keep your genital and anal areas clean and dry."
        ],
        "causes": [
            "Urinary tract infections",
            "Bladder infections",
            "Surgery",
            "Abscesses, infected wounds that drain pus. You can get these near the anus or vulva.",
            "Genital piercings",
            "Insect bites",
            "Injuries during sex",
            "Any injury that causes a scratch or burn",
            "Circumcision in children"
        ]
    },
    {
        "name": "Fractured Rib",
        "link": "https://www.webmd.com/a-to-z-guides/do-i-have-a-broken-rib",
        "prevention": [
            "Take a break from sports to allow yourself to heal without hurting yourself again.",
            "Put ice on the area to relieve pain.",
            "Take pain medicine like acetaminophen or ibuprofen. If you need something stronger, your doctor may prescribe something for you.",
            "Take deep breaths to avoid pneumonia. A lung infection is the most common thing you can get with rib fractures. Your doctor may give you a simple device to encourage you to breathe deeply.",
            "Don’t wrap anything tightly around your ribs while they’re healing. You don’t want anything to limit your breathing."
        ]
    },
    {
        "name": "Fragile X Syndrome",
        "link": "https://www.webmd.com/children/what-is-fragile-x-syndrome",
        "symptoms": [
            "Trouble learning skills like sitting, crawling, or walking",
            "Problems with language and speech",
            "Hand-flapping and not making eye contact",
            "Temper tantrums",
            "Poor impulse control",
            "Anxiety",
            "Depression",
            "Obsessive-compulsive behaviors",
            "Extreme sensitivity to light or sound",
            "Hyperactivity and trouble paying attention",
            "Aggressive and self-destructive behavior in boys",
            "Trouble picking up on social cues",
            "Seizures",
            "Attention deficit disorder (ADD)",
            "Autism symptoms that affect communication and how they deal with other people"
        ],
        "prevention": [
            "Special education to help with learning (IEP and 504 are education plans that guide the school in providing support)",
            "Speech and language therapy",
            "Occupational therapy to help with daily tasks",
            "Behavior therapy",
            "Medicines to prevent seizures, manage ADD symptoms like hyperactivity, and treat other behavioral problems"
        ],
        "causes": [
            "Amniocentesis -- doctors check a sample of amniotic fluid for the FMR1 gene change",
            "Chorionic villus sampling (CVS) -- doctors test a sample of cells from the placenta to check for the FMR1 gene"
        ]
    },
    {
        "name": "FRAXA",
        "link": "https://www.webmd.com/children/what-is-fragile-x-syndrome",
        "symptoms": [
            "Trouble learning skills like sitting, crawling, or walking",
            "Problems with language and speech",
            "Hand-flapping and not making eye contact",
            "Temper tantrums",
            "Poor impulse control",
            "Anxiety",
            "Depression",
            "Obsessive-compulsive behaviors",
            "Extreme sensitivity to light or sound",
            "Hyperactivity and trouble paying attention",
            "Aggressive and self-destructive behavior in boys",
            "Trouble picking up on social cues",
            "Seizures",
            "Attention deficit disorder (ADD)",
            "Autism symptoms that affect communication and how they deal with other people"
        ],
        "prevention": [
            "Special education to help with learning (IEP and 504 are education plans that guide the school in providing support)",
            "Speech and language therapy",
            "Occupational therapy to help with daily tasks",
            "Behavior therapy",
            "Medicines to prevent seizures, manage ADD symptoms like hyperactivity, and treat other behavioral problems"
        ],
        "causes": [
            "Amniocentesis -- doctors check a sample of amniotic fluid for the FMR1 gene change",
            "Chorionic villus sampling (CVS) -- doctors test a sample of cells from the placenta to check for the FMR1 gene"
        ]
    },
    {
        "name": "Frostbite",
        "link": "https://www.webmd.com/first-aid/understanding-frostbite-basics",
        "symptoms": [
            "White patches of skin that are numb."
        ],
        "prevention": [
            "Layer up. Wear a synthetic fabric next to your skin. Cover that with a fleece and wool layer. Flowy layers keep warm air in, close to your body. Top it off with outerwear that wards off wind and water.",
            "Tuck in your toes. You’ll need two pairs of socks -- a synthetic pair underneath to wick moisture from your skin, topped by a pair made of wool or wool-blend. Foot warmers can work well, too. Make sure your footwear is waterproof and covers your ankles to keep snow and dampness out.",
            "Don’t forget your fingers. Mittens are your best bet to protect your digits from frostbite. If you prefer gloves, choose a cozy pair and try moisture-wicking glove liners under them.",
            "Heading out. A hat or headband made of fleece, heavy wool, or windproofing fabric is your best choice. Make sure it covers your ears. Add a face mask or scarf if the cold is extreme. It’ll protect your face and nose. It’ll warm the air you breathe in, too."
        ]
    },
    {
        "name": "Frozen Shoulder",
        "link": "https://www.webmd.com/a-to-z-guides/what-is-a-frozen-shoulder",
        "symptoms": [
            "You have pain (sometimes serious) in your shoulder any time you move it.",
            "It slowly gets worse over time and may hurt more at night.",
            "Your shoulder movement is limited.",
            "This stage can last from 6-9 months."
        ],
        "prevention": [
            "A corticosteroid injection in your shoulder joint to reduce your pain and improve your range of motion.",
            "Joint distension. This means your doctor will inject sterile water into your shoulder capsule to stretch it. This can help you move your shoulder more easily.",
            "Physical therapy. While it's often used for frozen shoulder, it isn't always effective. It may be more useful during certain phases of frozen shoulder than others.",
            "Surgery. This is rarely necessary to treat frozen shoulder. But if other treatments haven’t helped, your doctor may suggest arthroscopic surgery (a less-invasive type of surgery that uses cameras and small tools) to remove scar tissue.",
            "Shoulder manipulation can help loosen up your shoulder tissue, but is very rarely used because arthroscopic surgery has better results. With this method, a doctor forcefully moves your shoulder while you're under general anesthesia."
        ],
        "causes": [
            "Heart disease",
            "Thyroid disease",
            "Parkinson’s disease"
        ]
    },
    {
        "name": "Fulminating Hyperpyrexia",
        "link": "https://www.webmd.com/schizophrenia/guide/what-is-neuroleptic-malignant-syndrome",
        "symptoms": [
            "High fever (102 to 104 F)",
            "Muscle stiffness",
            "Sweating a lot",
            "Anxiety or other changes in mental state",
            "Fast or abnormal heartbeat",
            "Quick breathing",
            "More saliva than usual"
        ],
        "prevention": [
            "Drugs that relax tight muscles, such as dantrolene (Dantrium)",
            "Parkinson's disease drugs that make your body produce more dopamine, such as amantadine (Symmetrel) or bromocriptine (Parlodel)"
        ],
        "causes": [
            "Chlorpromazine (Thorazine)",
            "Fluphenazine (Prolixin)",
            "Haloperidol (Haldol)",
            "Loxapine (Loxitane)",
            "Perphenazine (Etrafon)",
            "Thioridazine (Mellaril)"
        ]
    },
    {
        "name": "Functional Ovarian Cysts",
        "link": "https://www.webmd.com/women/guide/ovarian-cysts",
        "symptoms": [
            "Pelvic pain or pressure",
            "Dull ache in your back",
            "Bloating or feeling full",
            "Nausea",
            "Swelling in your belly area",
            "Pain during sex",
            "Pain during your period",
            "A frequent urge to pee or poop"
        ],
        "prevention": [
            "Watching and waiting. Your doctor will monitor you over time to see if your cyst goes away or changes.",
            "Medicine. There isn't any specific ovarian cyst medication. But your doctor can give you medicine if you're in pain. They might also prescribe birth control pills  or other hormonal treatment. Hormone treatments won’t make the cysts go away, but they can help prevent new ones.",
            "Surgery. Some ovarian cysts need surgery. That includes those that are large, don’t go away, or cause serious symptoms. You could also need surgery if you’re near or past menopause because your cysts are more likely to be cancerous. Your surgeon may decide to take just the cyst or the entire ovary."
        ],
        "causes": [
            "Ovulation. Most functional cysts happen when the follicle grows like it should but doesn’t break open to release the egg.",
            "Endometriosis. People who have endometriosis, especially advanced stages of the disease, can develop endometrioma cysts.",
            "Pelvic inflammatory disease (PID). You may get pus-filled cysts on or close to your ovaries if you have a pelvic infection.",
            "Abnormal cell growth. You may get dermoid or cystadenoma cysts if cells in your ovaries grow in an abnormal way."
        ]
    },
    {
        "name": "Functioning Carcinoid",
        "link": "https://www.webmd.com/cancer/carcinoid-syndrome",
        "symptoms": [
            "Skin that turns pink, red, or purple",
            "Small, widened blood vessels on their face",
            "Diarrhea",
            "Shortness of breath or wheezing",
            "Rapid heart rate",
            "Sudden drops in blood pressure"
        ],
        "prevention": [
            "Alcohol",
            "Nuts",
            "Cheese",
            "Chili peppers",
            "Hot liquids"
        ]
    },
    {
        "name": "Fungal Nail Infections",
        "link": "https://www.webmd.com/skin-problems-and-treatments/nail-problems",
        "symptoms": [
            "Avoid walking barefoot in public areas, such as locker rooms.",
            "Keep the inside of your shoes dry and change socks frequently (100% cotton socks are recommended).",
            "Wear shoes that fit properly (shoes with a wide toe area and ones that don't press your toes).",
            "Use absorbent or antifungal powder."
        ],
        "prevention": [
            "Wearing shoes that fit properly",
            "Keeping toenails at a moderate length and trimming them straight across"
        ]
    }
]