[
    {
        "name": "Galactocerebrosidase (GALC) Deficiency",
        "link": "https://www.webmd.com/children/what-are-lysosomal-storage-disorders",
        "symptoms": [
            "MRI uses powerful magnets and radio waves to make pictures of the brain.",
            "Biopsy removes a small piece of tissue, which is checked under a microscope for signs of disease."
        ],
        "prevention": [
            "Enzyme replacement therapy delivers the missing enzyme through a vein (IV).",
            "Substrate reduction therapy reduces the substance that is building up in the cells. For example, the drug miglustat (Zavesca) treats one form of Gaucher disease.",
            "Stem cell transplant uses donated cells to help the body make the enzyme it's missing."
        ]
    },
    {
        "name": "Galactocerebrosidase Deficiency",
        "link": "https://www.webmd.com/children/what-are-lysosomal-storage-disorders",
        "symptoms": [
            "MRI uses powerful magnets and radio waves to make pictures of the brain.",
            "Biopsy removes a small piece of tissue, which is checked under a microscope for signs of disease."
        ],
        "prevention": [
            "Enzyme replacement therapy delivers the missing enzyme through a vein (IV).",
            "Substrate reduction therapy reduces the substance that is building up in the cells. For example, the drug miglustat (Zavesca) treats one form of Gaucher disease.",
            "Stem cell transplant uses donated cells to help the body make the enzyme it's missing."
        ]
    },
    {
        "name": "Galactocerebroside Beta-Galactosidase Deficiency",
        "link": "https://www.webmd.com/children/what-are-lysosomal-storage-disorders",
        "symptoms": [
            "MRI uses powerful magnets and radio waves to make pictures of the brain.",
            "Biopsy removes a small piece of tissue, which is checked under a microscope for signs of disease."
        ],
        "prevention": [
            "Enzyme replacement therapy delivers the missing enzyme through a vein (IV).",
            "Substrate reduction therapy reduces the substance that is building up in the cells. For example, the drug miglustat (Zavesca) treats one form of Gaucher disease.",
            "Stem cell transplant uses donated cells to help the body make the enzyme it's missing."
        ]
    },
    {
        "name": "Galactorrhea-Amenorrhea Syndrome",
        "link": "https://www.webmd.com/cancer/prolactinoma-tumor",
        "symptoms": [
            "Irregular menstrual periods",
            "Lack of menstrual periods",
            "Low sex drive",
            "Painful intercourse (caused by vaginal dryness)",
            "Problems with fertility",
            "Unusual production of breast milk"
        ]
    },
    {
        "name": "Galactose-1-Phosphate Uridyl Transferase Deficiency",
        "link": "https://www.webmd.com/children/what-is-galactrosemia",
        "causes": [
            "Classic (type I)",
            "Galactokinase deficiency (type II)",
            "Galactose epimerase deficiency (type III)"
        ]
    },
    {
        "name": "Galactosemia",
        "link": "https://www.webmd.com/children/what-is-galactrosemia",
        "causes": [
            "Classic (type I)",
            "Galactokinase deficiency (type II)",
            "Galactose epimerase deficiency (type III)"
        ]
    },
    {
        "name": "Gallbladder Inflammation",
        "link": "https://www.webmd.com/digestive-disorders/what-is-cholecystitis",
        "symptoms": [
            "Nausea",
            "Vomiting",
            "Fever",
            "Bloating",
            "Yellow skin or eyes (jaundice)",
            "Bowel movements that are loose and light-colored"
        ],
        "prevention": [
            "Lower your cholesterol.",
            "Exercise regularly.",
            "Eat a diet rich in fruits, vegetables, and healthy fats. Eggs, soybeans, and peanuts are great choices."
        ],
        "causes": [
            "Gallbladder sludge, a thick liquid, builds up in the organ. This can happen if you’re pregnant or if you’ve lost a lot of weight quickly.",
            "Tumors block bile’s path. A growth in your pancreas or liver can stop it from draining.",
            "Your gallbladder doesn’t have a good blood supply. People with diabetes can have this problem.",
            "An infection affects your gallbladder. Bacteria can damage the system that drains bile, causing it to back up."
        ]
    },
    {
        "name": "Gallstones",
        "link": "https://www.webmd.com/digestive-disorders/gallstones",
        "symptoms": [
            "Pain in the upper right side of your belly just under your ribs",
            "Pain in your lower chest, right shoulder, or back",
            "An upset stomach",
            "Nausea or vomiting",
            "Other digestive problems, including indigestion, heartburn, and gas"
        ],
        "prevention": [
            "Eat a nutritious diet with plenty of fiber from vegetables and whole grains, along with unsaturated fats from nuts, olive oil, and fish.",
            "Limit or avoid highly processed foods, sugary foods and drinks, and saturated and trans fats.",
            "Get regular exercise. Aim for at least 30 minutes per day, 5 days a week.",
            "If you’re overweight or have obesity, talk to your doctor about how to get to a healthy weight.",
            "Although obesity is a risk factor, avoid diets that make you lose a lot of weight in a short time. Talk to your doctor about your risk of gallstones if you get weight loss surgery.",
            "If you’re a woman or someone assigned female at birth who’s at a high risk of gallstones (for example, because of your family history, obesity, or another health condition), talk to your doctor about whether you should be cautious about using hormonal birth control or hormone replacement therapy."
        ],
        "causes": [
            "There’s too much cholesterol in your bile. Your body needs bile for digestion. It usually dissolves cholesterol. But when it can’t do that, the extra cholesterol might build up and form stones.",
            "There’s too much bilirubin in your bile. Conditions such as liver disease, infections, and blood disorders can cause your liver to make too much bilirubin.",
            "Your gallbladder doesn’t empty all the way. This can make your bile very concentrated."
        ]
    },
    {
        "name": "GALT Deficiency",
        "link": "https://www.webmd.com/children/what-is-galactrosemia",
        "causes": [
            "Classic (type I)",
            "Galactokinase deficiency (type II)",
            "Galactose epimerase deficiency (type III)"
        ]
    },
    {
        "name": "GAN",
        "link": "https://www.webmd.com/brain/multifocal-motor-neuropathy",
        "symptoms": [
            "Which muscles are giving you trouble?",
            "Is it worse on one side of your body?",
            "How long have you been feeling this way?",
            "Do you have any numbness or tingling?",
            "Does anything make your symptoms better? What makes them worse?"
        ]
    },
    {
        "name": "Ganglions",
        "link": "https://www.webmd.com/a-to-z-guides/ganglion-cyst",
        "symptoms": [
            "A bump that goes away and comes back",
            "One large cyst or many smaller cysts",
            "Some degree of pain, especially after an injury or trauma from repeated movement",
            "Long-lasting pain that gets worse when you move the affected joint",
            "Pressure on nerves that causes tingling or numbness",
            "Weakness in the affected finger if the cyst is connected to a tendon"
        ],
        "causes": [
            "In people aged 15-40",
            "In women (or those assigned female at birth)",
            "If you've had an injury to your wrist or finger",
            "If you do repetitive work with your wrists or hands",
            "If you have arthritis",
            "If you have inflammation of your tendons or joints"
        ]
    },
    {
        "name": "Gangliosidosis GM2 Type 2",
        "link": "https://www.webmd.com/parenting/baby/what-is-tay-sachs-disease",
        "symptoms": [
            "A loss of motor skills such as turning over, sitting, and crawling",
            "A very strong reaction to loud noises",
            "Trouble focusing on objects or following them with their eyes",
            "Cherry-red spots, which can be identified with an eye exam, in the eyes"
        ],
        "causes": [
            "Chorionic villus sampling (CVS). Your doctor takes a  small sample of the placenta with a needle or small tube and analyzes it. They can do this between the 10th and 12th weeks of pregnancy.",
            "Amniocentesis. The doctor uses a needle to take a sample of the amniotic fluid that surrounds the baby and tests it."
        ]
    },
    {
        "name": "Gardner Syndrome",
        "link": "https://www.webmd.com/colorectal-cancer/understanding-colorectal-cancer-basics",
        "causes": [
            "Other diseases. Colorectal cancer is strongly associated with certain other diseases. Those people considered at high risk include anyone with a personal or family history of colon polyps or colon cancer, inflammatory diseases of the colon such as ulcerative colitis or Crohn's disease, and cancers of the pancreas, breast, ovaries, or uterus.",
            "Heredity. As with any cancer, susceptibility to colorectal cancer is at least partly determined by genetic makeup. A few people inherit medical conditions, such as familial adenomatous polyposis (FAP), MYH-associated polyposis (MAP), Gardner's syndrome, Turcot's syndrome, Peutz-Jagher's syndrome, juvenile polyposis, and Cowden's disease. In all of these disorders, colon polyps develop at an early age, and unless treated, these people are at high risk of developing colorectal cancer.",
            "Hereditary nonpolyposis colon cancer. The disease extends from generation to generation and causes a person to develop colon cancer. This disease is associated with other cancers including endometrial, ovarian, stomach, small intestine, pancreas, kidney, ureter, brain, and bile duct.",
            "Diet. Diet also contributes to the risk of colorectal cancer, although the cause-and-effect relationship is still unclear. People whose diets are high in fruits and vegetables seem to have a reduced risk. Many studies implicate animal fat and protein as promoters of colorectal cancer, although researchers are cautious about drawing any definite conclusions. Some studies show that regularly eating red meat, which is rich in saturated fat and protein, increases risk, while others find no connection. Some scientists note that fat is the main culprit, while others suspect protein. Others contend that it's not the fat and protein themselves, but the way they are cooked. They note that fats and protein cooked at high temperatures -- especially when broiled and barbecued -- can produce a host of potentially carcinogenic substances linked to colorectal cancer.",
            "Chemical exposure. Heavy exposure to certain chemicals, including chlorine -- which in small amounts is commonly used to purify drinking water -- may increase the risk of colorectal cancer. Exposure to asbestos is thought to be potentially harmful because it has been implicated in causing the formation of polyps in the colon.",
            "History of certain types of surgery. Surgeries such as ureterosigmoidostomy, which is performed in the treatment of bladder cancer, and a cholecsytecomy (the removal of the gallbladder). Some studies show surgery of the bladder may lead to a risk for colon cancer development, but other studies do not.",
            "History of colon cancer. A prior case of colon cancer increases the risk of a second colon cancer, especially if the first cancer was diagnosed before the age of 60.",
            "Lifestyle. Smoking and alcohol intake of more than 4 drinks per week increases the risk of developing colon cancer.",
            "Family history. Those with a first-degree relative with colorectal cancer have an increased risk of the disease. The risk increases if more than one first-degree relative has colon cancer.",
            "Radiation. Prior radiation increases the risk of cancer to the radiated tissue only."
        ]
    },
    {
        "name": "Gargoylism",
        "link": "https://www.webmd.com/children/mucopolysaccharidosis-i-mps-i",
        "symptoms": [
            "Shorter than average, with stocky build",
            "Large head, bulging forehead",
            "Thick lips, widely spaced teeth, and large tongue",
            "Short, flat nose with wide nostrils",
            "Thick, tough skin",
            "Short, broad hands with curving fingers",
            "Knock-knees and walking on toes",
            "Curved spine"
        ]
    },
    {
        "name": "Gas (Flatus)",
        "link": "https://www.webmd.com/heartburn-gerd/gas-causes-treatments",
        "symptoms": [
            "Fluid build-up",
            "Irritable bowel syndrome (IBS)",
            "Colon cancer",
            "Crohn's disease",
            "Ulcerative colitis",
            "A hernia",
            "Constipation",
            "Lactose intolerance",
            "Celiac disease",
            "And many others"
        ],
        "prevention": [
            "Antacids -- especially those that contain simethicone",
            "Probiotics -- used to help inhibit the growth of bad bacteria and add good bacteria to the digestive tract",
            "Lactase products such as Lactaid and Dairy Ease -- may help people with lactose intolerance",
            "Beano -- contains the enzyme that helps digest sugars in beans and many other vegetables"
        ],
        "causes": [
            "Beans",
            "Vegetables (especially broccoli, cabbage, and onions)",
            "Fruits",
            "Dairy products",
            "Whole-grain foods",
            "Soft drinks",
            "Fruit drinks"
        ]
    },
    {
        "name": "Gastric Cancer",
        "link": "https://www.webmd.com/cancer/stomach-gastric-cancer",
        "symptoms": [
            "Indigestion",
            "Feeling bloated after you eat a meal",
            "Heartburn",
            "Slight nausea",
            "Loss of appetite"
        ],
        "prevention": [
            "What Is Stomach Cancer?",
            "How to Prevent Stomach Cancer",
            "Stomach Cancer Risks",
            "Stomach Cancer Diagnosis & Treatment",
            "What Is a Gastrectomy?",
            "Diet for After Stomach Cancer Surgery",
            "Stomach Cancer and Weight Loss"
        ],
        "causes": [
            "Smoking",
            "Being overweight or obese",
            "A diet high in smoked, pickled, or salty foods",
            "Drinking alcohol regularly",
            "Stomach surgery for an ulcer",
            "Type-A blood",
            "Epstein-Barr virus infection",
            "Certain genes",
            "Working in coal, metal, timber, or rubber industries",
            "Exposure to asbestos",
            "Family history of gastric cancer",
            "Hereditary factors such as familial adenomatous polyposis, hereditary non-polyposis colorectal cancer (Lynch syndrome), and Peutz-Jeghers syndrome"
        ]
    },
    {
        "name": "Gastric Ulcer",
        "link": "https://www.webmd.com/digestive-disorders/peptic-ulcer-overview",
        "symptoms": [
            "Bloated feeling",
            "Burping",
            "Lack of appetite or weight loss",
            "Nausea",
            "Bloody or dark poop",
            "Vomiting"
        ],
        "prevention": [
            "Aspirin",
            "Ibuprofen",
            "Naproxen sodium"
        ],
        "causes": [
            "Bacteria. It’s called Helicobacter pylori (H. pylori), and as many as half of us carry it. Most people infected with H. pylori do not get ulcers. But in others, it can raise the amount of acid, break down the protective mucus layer, and irritate the digestive tract. Experts aren’t sure how H. pylori infection spreads. They think it may pass from person to person through close contact, like kissing. You may also get it from unclean food and water.",
            "Certain pain relievers. If you’ve been taking aspirin often and for a long time, you’re more likely to get a peptic ulcer. The same is true for other nonsteroidal anti-inflammatory drugs (NSAIDs). They include ibuprofen and naproxen. NSAIDs block your body from making a chemical that helps protect the inner walls of your stomach and small intestine from stomach acid. Other types of pain meds, such as acetaminophen, won’t lead to peptic ulcers.",
            "Smoking cigarettes and drinking alcohol also can make you more likely to get ulcers.  Stress and eating a lot of spicy food don’t cause ulcers, as experts once thought. But they can make ulcers worse and harder to treat."
        ]
    },
    {
        "name": "Gastrinoma",
        "link": "https://www.webmd.com/digestive-disorders/zollinger-ellison-syndrome",
        "symptoms": [
            "Abdominal pain",
            "Burning pain in the abdomen",
            "Nausea",
            "Diarrhea",
            "Weight loss",
            "Vomiting",
            "Bleeding from the stomach",
            "Weakness",
            "Fatigue"
        ]
    },
    {
        "name": "Gastritis",
        "link": "https://www.webmd.com/digestive-disorders/digestive-diseases-gastritis",
        "symptoms": [
            "Indigestion, a burning or gnawing feeling in your stomach that tends to happen between meals or at night",
            "Nausea and vomiting",
            "Bloating  in the belly area",
            "Stomach pain",
            "Hiccups",
            "Appetite loss"
        ],
        "prevention": [
            "Alcohol",
            "Caffeine",
            "Sodas",
            "Spicy and fatty foods",
            "Acidic foods such as citrus fruits"
        ],
        "causes": [
            "Long-term use of nonsteroidal anti-inflammatory drugs (NSAIDs) such as aspirin or naproxen",
            "Overuse of alcohol, tobacco, or cocaine",
            "Repeated vomiting",
            "Stress, such as that caused by an injury, surgery, or serious illness",
            "Infections caused by bacteria such as H. pylori",
            "Other infections, including parasitic infections, HIV/AIDS, and the viruses that cause \"stomach flu\"",
            "Bile reflux, in which a digestive fluid called bile backs up into your stomach",
            "An autoimmune response in which your immune system attacks the cells of your stomach lining",
            "Inflammatory conditions such as Crohn's disease, celiac disease, or sarcoidosis",
            "Chemotherapy and radiation treatments"
        ]
    },
    {
        "name": "Gastroenteritis",
        "link": "https://www.webmd.com/digestive-disorders/gastroenteritis",
        "symptoms": [
            "Contact with someone who has the virus",
            "Contaminated food or water",
            "Unwashed hands after going to the bathroom or changing a diaper"
        ],
        "prevention": [
            "Give a child an oral rehydration solution. Call your doctor for age-appropriate dosing specifics.",
            "Give an adult as much clear fluid as possible.",
            "The person should drink fluids slowly in frequent, small amounts. Drinking too much too fast can make nausea worse."
        ]
    },
    {
        "name": "Gastroenteropathy, Protein Losing",
        "link": "https://www.webmd.com/digestive-disorders/digestive-diseases-gastritis",
        "symptoms": [
            "Indigestion, a burning or gnawing feeling in your stomach that tends to happen between meals or at night",
            "Nausea and vomiting",
            "Bloating  in the belly area",
            "Stomach pain",
            "Hiccups",
            "Appetite loss"
        ],
        "prevention": [
            "Alcohol",
            "Caffeine",
            "Sodas",
            "Spicy and fatty foods",
            "Acidic foods such as citrus fruits"
        ],
        "causes": [
            "Long-term use of nonsteroidal anti-inflammatory drugs (NSAIDs) such as aspirin or naproxen",
            "Overuse of alcohol, tobacco, or cocaine",
            "Repeated vomiting",
            "Stress, such as that caused by an injury, surgery, or serious illness",
            "Infections caused by bacteria such as H. pylori",
            "Other infections, including parasitic infections, HIV/AIDS, and the viruses that cause \"stomach flu\"",
            "Bile reflux, in which a digestive fluid called bile backs up into your stomach",
            "An autoimmune response in which your immune system attacks the cells of your stomach lining",
            "Inflammatory conditions such as Crohn's disease, celiac disease, or sarcoidosis",
            "Chemotherapy and radiation treatments"
        ]
    },
    {
        "name": "Gastroesophageal Reflux Disease (GERD)",
        "link": "https://www.webmd.com/heartburn-gerd/heartburn-and-gerd",
        "symptoms": [
            "Burning pain in your chest after you eat or at night",
            "Pain that worsens when you bend over or lie down",
            "A hot, acidic, bitter, or salty taste in the back of your throat",
            "A hard time swallowing",
            "A feeling of food \"stuck\" in the middle of your chest or throat"
        ],
        "prevention": [
            "Keep a healthy weight, and lose weight if you need to.",
            "Avoid foods and beverages that make your symptoms worse.",
            "Eat smaller meals throughout the day, and don't eat late at night.",
            "Eat slowly.",
            "Don't smoke, vape, or use tobacco.",
            "Wait 3 hours after you eat before you lie down.",
            "Elevate the head of your bed 6 to 8 inches."
        ],
        "causes": [
            "Tomatoes",
            "Citrus fruits",
            "Garlic and onions",
            "Chocolate",
            "Coffee or caffeinated products",
            "Alcohol",
            "Peppermint",
            "Foods high in fats and oils"
        ]
    },
    {
        "name": "Gastrointestinal Stromal Tumors",
        "link": "https://www.webmd.com/cancer/soft-tissue-sarcoma",
        "symptoms": [
            "You notice a growing lump somewhere on your body.",
            "You have stomach pain that’s getting worse.",
            "Your stool appears black or bloody.",
            "You’re vomiting blood."
        ],
        "prevention": [
            "What Is a Soft Tissue Sarcoma?",
            "Grades of Soft Tissue Sarcoma",
            "Soft Tissue Sarcoma Treatment"
        ]
    },
    {
        "name": "Gastroparesis",
        "link": "https://www.webmd.com/digestive-disorders/digestive-disorders-gastroparesis",
        "symptoms": [
            "Heartburn or gastroesophageal reflux disease (GERD)",
            "Acid reflux",
            "Upset stomach",
            "Throwing up undigested food",
            "Nausea",
            "Vomiting",
            "A feeling of fullness quickly when you eat",
            "Not getting enough nutrition",
            "Bloating",
            "Lack of appetite and weight loss",
            "Trouble controlling blood sugar",
            "Belly pain"
        ],
        "prevention": [
            "Drugs to stimulate your stomach muscles. You take metoclopramide (Reglan) before eating. It causes your stomach muscles to contract and move food along. It also helps with upset stomach and vomiting. Side effects include diarrhea, drowsiness, anxiety, and, rarely, a serious neurological disorder. Erythromycin is an antibiotic that also causes stomach contractions and helps move food out. Side effects include diarrhea and the growth of resistant bacteria if you take it for a long time.",
            "Antiemetics. These drugs—including diphenhydramine (Benadryl and others) and ondansetron (Zofran)—help control nausea. If the nausea and vomiting won't go away, prochlorperazine (Compro) may work."
        ],
        "causes": [
            "Injury to your vagus nerve from surgery",
            "A lack of thyroid hormone (hypothyroidism)",
            "Viral stomach infections (gastroenteritis)",
            "Medications such as narcotics and some antidepressants",
            "Parkinson's disease",
            "Multiple sclerosis",
            "Rare conditions such as amyloidosis (deposits of protein fibers in tissues and organs) and scleroderma (a connective tissue disorder that affects your skin, blood vessels, skeletal muscles, and internal organs)"
        ]
    },
    {
        "name": "Gaucher Disease",
        "link": "https://www.webmd.com/children/gauchers-disease-symptoms-causes-treatments",
        "symptoms": [
            "Easy bruising, caused by low levels of blood platelets",
            "Nosebleeds",
            "Tiredness, caused by anemia (low levels of red blood cells)",
            "Enlarged spleen or liver, which makes your belly look swollen",
            "Bone problems like pain, breaks, or arthritis",
            "Lung disease"
        ],
        "prevention": [
            "Imiglucerase (Cerezyme)",
            "Taliglucerase alfa (Elelyso)",
            "Velaglucerase alfa (VPRIV)"
        ]
    },
    {
        "name": "Gaucher-Schlagenhaufer",
        "link": "https://www.webmd.com/children/gauchers-disease-symptoms-causes-treatments",
        "symptoms": [
            "Easy bruising, caused by low levels of blood platelets",
            "Nosebleeds",
            "Tiredness, caused by anemia (low levels of red blood cells)",
            "Enlarged spleen or liver, which makes your belly look swollen",
            "Bone problems like pain, breaks, or arthritis",
            "Lung disease"
        ],
        "prevention": [
            "Imiglucerase (Cerezyme)",
            "Taliglucerase alfa (Elelyso)",
            "Velaglucerase alfa (VPRIV)"
        ]
    },
    {
        "name": "Gayet-Wernicke Syndrome",
        "link": "https://www.webmd.com/brain/wernicke-korsakoff-syndrome-facts",
        "symptoms": [
            "Balance and movement issues. You might have leg tremors, and your walk might become slow and unsteady, with a wide stance and short steps. You may need help standing and getting around, and your arms and legs might feel weak.",
            "Confusion. You may feel out of it and lose interest in what’s happening around you.",
            "Eye problems. You may have double vision, your eyelids might droop, or your eyes may move around quickly."
        ],
        "causes": [
            "Some diseases that affect your whole body, like cancer, AIDS, or serious infections",
            "Eating disorders, like anorexia",
            "Serious kidney problems",
            "Chemotherapy treatment for cancer",
            "Some stomach conditions",
            "Throwing up often and over a long period of time",
            "Weight loss surgery, also known as gastric bypass"
        ]
    },
    {
        "name": "Gianotti Crosti Syndrome",
        "link": "https://www.webmd.com/skin-problems-and-treatments/picture-of-gianetti-crosti-syndrome",
        "causes": [
            "Coxsackievirus (hand, foot, and mouth disease)",
            "Epstein-Barr virus (infectious mononucleosis)",
            "Cytomegalovirus (CVM)",
            "Enterovirus infections (often seen as respiratory infections)",
            "ECHO viruses (often seen as gastrointestinal illness or viral meningitis)",
            "Respiratory syncytial virus (RSV)"
        ]
    },
    {
        "name": "Giant Axonal Disease",
        "link": "https://www.webmd.com/brain/multifocal-motor-neuropathy",
        "symptoms": [
            "Which muscles are giving you trouble?",
            "Is it worse on one side of your body?",
            "How long have you been feeling this way?",
            "Do you have any numbness or tingling?",
            "Does anything make your symptoms better? What makes them worse?"
        ]
    },
    {
        "name": "Giant Axonal Neuropathy",
        "link": "https://www.webmd.com/brain/multifocal-motor-neuropathy",
        "symptoms": [
            "Which muscles are giving you trouble?",
            "Is it worse on one side of your body?",
            "How long have you been feeling this way?",
            "Do you have any numbness or tingling?",
            "Does anything make your symptoms better? What makes them worse?"
        ]
    },
    {
        "name": "Giant Cell Arteritis",
        "link": "https://www.webmd.com/heart-disease/arteritis-giant-cell",
        "symptoms": [
            "Fever",
            "Fatigue",
            "Pain in your jaw when you chew",
            "Pain in your face",
            "Vision problems such as blurred vision, double vision, or sudden vision loss",
            "Pain in your shoulders, arms, neck, and hip",
            "Appetite loss",
            "Weight loss",
            "Cough",
            "Sore throat",
            "Tongue pain"
        ],
        "causes": [
            "Over 50",
            "Female",
            "Of European descent -- especially if your family is from a country in Scandinavia (Norway, Sweden, Denmark, or Finland)"
        ]
    },
    {
        "name": "Giant Cell Glioblastoma, Astrocytoma",
        "link": "https://www.webmd.com/cancer/brain-cancer/what-is-astrocytoma",
        "symptoms": [
            "Headaches",
            "Blurry vision",
            "Seizures",
            "Memory loss",
            "Nausea and vomiting",
            "Changes in behavior"
        ],
        "prevention": [
            "Surgery to remove all of a tumor -- or as much as possible -- is a likely first step. The exception is gliomas in  areas where surgery can be too risky. Surgery may be enough to cure grade 1 tumors. Surgery usually doesn’t remove all of a higher-grade tumor.",
            "Radiation  often follows in case parts of a tumor could not be removed or surgeons can’t be sure they got all of the cancer.",
            "Chemotherapy  is often used for glioblastoma and anaplastic astrocytoma. It can be used before or after radiation. In some cases, chemotherapy wafers may be implanted during surgery.",
            "Targeted therapy is a newer type of treatment that may be used to help shrink tumors. This works differently from chemotherapy in that it targets certain proteins that help tumors grow.",
            "Electric-field therapy uses electrical fields to target cells in the tumor while not damaging normal cells. It's done by putting electrodes directly on the scalp. The device is called Optune. It's given with chemotherapy after surgery and radiation. The FDA has approved it for both newly diagnosed people and people whose glioblastoma has come back."
        ]
    },
    {
        "name": "Giant Cell Glioblastoma, Multiforme",
        "link": "https://www.webmd.com/cancer/brain-cancer/what-is-glioblastoma",
        "symptoms": [
            "Constant headaches",
            "Seizures",
            "N ausea and v omiting",
            "Trouble thinking",
            "Drowsiness",
            "Memory loss",
            "Changes in mood or personality",
            "Double or blurred vision",
            "Trouble speaking"
        ],
        "causes": [
            "Turcot syndrome",
            "Neurofibromatosis type 1",
            "Li-Fraumeni syndrome"
        ]
    },
    {
        "name": "Giant Cell Interstitial Pneumonia",
        "link": "https://www.webmd.com/lung/interstitial-lung-disease",
        "symptoms": [
            "Cough, which is usually dry and doesn’t bring up mucus.",
            "Weight loss, most often in people with COP or BOOP."
        ],
        "prevention": [
            "Cyclophosphamide (Cytoxan)",
            "Cyclosporine",
            "Methotrexate",
            "Nintedanib (Ofev)",
            "Pirfenidone (Esbriet)"
        ],
        "causes": [
            "Asbestos",
            "Bird proteins (such as from exotic birds, chickens, or pigeons)",
            "Coal dust or various other metal dusts from working in mining",
            "Grain dust from farming",
            "Silica dust",
            "Talc"
        ]
    },
    {
        "name": "Giant Urticaria",
        "link": "https://www.webmd.com/skin-problems-and-treatments/guide/hives-urticaria-angioedema",
        "symptoms": [
            "Raised welts of varying sizes on the skin",
            "Welts that are reddish in color (this may be harder to see on dark skin)",
            "The welts itch intensely, often at night",
            "Welts come and go over minutes or hours"
        ],
        "prevention": [
            "Apply cool compresses or wet cloths to the affected areas.",
            "Try to work and sleep in a cool room.",
            "Wear loose-fitting lightweight clothes."
        ]
    },
    {
        "name": "Giardiasis",
        "link": "https://www.webmd.com/digestive-disorders/giardiasis-overview",
        "symptoms": [
            "Diarrhea",
            "Gas or flatulence",
            "Greasy stool that floats",
            "Stomach or abdominal cramps",
            "Upset stomach or nausea",
            "Dehydration",
            "Weight loss"
        ],
        "prevention": [
            "Wash your hands after you use the toilet, after you change diapers, and before you eat or prepare food.",
            "Filter or boil water if you’re outdoors.",
            "Try not to swallow water when you swim in a pool, lake, or stream.",
            "Drink bottled water when you travel to places with unsafe water. And don’t use ice cubes.",
            "Use a condom if you have anal sex."
        ],
        "causes": [
            "Come into close contact with someone who has giardiasis",
            "Touch contaminated surfaces like bathroom handles, changing tables, diaper pails, or toys, then eat without washing your hands",
            "Drink water or use ice made from an untreated water source -- like a lake, stream, or well -- that’s home to giardia",
            "Swallow the parasite while you swim or play in water",
            "Eat uncooked food that contains giardia",
            "Travel to countries where it’s common"
        ]
    },
    {
        "name": "Gilbert Syndrome",
        "link": "https://www.webmd.com/children/what-is-gilbert-syndrome",
        "symptoms": [
            "Nausea and diarrhea",
            "Abdominal discomfort",
            "Fatigue",
            "Dark urine"
        ],
        "prevention": [
            "Don't skip meals.",
            "Drink plenty of fluids.",
            "Use relaxation techniques or other methods to manage stress.",
            "Get a good night's sleep.",
            "Limit your alcoholic drinks.",
            "Skip long and strenuous workouts."
        ]
    },
    {
        "name": "Gilbert-Lereboullet Syndrome",
        "link": "https://www.webmd.com/children/what-is-gilbert-syndrome",
        "symptoms": [
            "Nausea and diarrhea",
            "Abdominal discomfort",
            "Fatigue",
            "Dark urine"
        ],
        "prevention": [
            "Don't skip meals.",
            "Drink plenty of fluids.",
            "Use relaxation techniques or other methods to manage stress.",
            "Get a good night's sleep.",
            "Limit your alcoholic drinks.",
            "Skip long and strenuous workouts."
        ]
    },
    {
        "name": "Gilbert's Disease",
        "link": "https://www.webmd.com/children/what-is-gilbert-syndrome",
        "symptoms": [
            "Nausea and diarrhea",
            "Abdominal discomfort",
            "Fatigue",
            "Dark urine"
        ],
        "prevention": [
            "Don't skip meals.",
            "Drink plenty of fluids.",
            "Use relaxation techniques or other methods to manage stress.",
            "Get a good night's sleep.",
            "Limit your alcoholic drinks.",
            "Skip long and strenuous workouts."
        ]
    },
    {
        "name": "Gingivitis",
        "link": "https://www.webmd.com/oral-health/guide/gingivitis-periodontal-disease",
        "symptoms": [
            "Gums that bleed when you brush your teeth",
            "Red, swollen gums (healthy gums should be pink and firm)",
            "Pain or tenderness in the gums",
            "Bad breath or a bad taste in your mouth that doesn't go away",
            "Pain when you chew",
            "Sensitive teeth",
            "Pus between your teeth",
            "Gums that pull away from your teeth (receding gums)",
            "Deep pockets between the teeth and gums",
            "Loose teeth or teeth that fall out",
            "Spaces between your teeth that look like black triangles",
            "Changes in the way your teeth fit together when you bite"
        ],
        "prevention": [
            "Stop smoking. Not only is smoking bad for your heart and lungs, it can harm your teeth and gums. Smokers are seven times more likely to get gum disease than nonsmokers, and smoking can lower the chances of success of some treatments.",
            "Reduce stress. Stress may make it hard for your body's immune system to fight off infection.",
            "Maintain a balanced diet. Bacteria in your mouth feed on sugars and starches from food, fueling them to release the acids that attack tooth enamel. Junk food and candy have a lot of extra sugar and starch. Avoid them to keep your teeth and gums healthy. Proper nutrition helps your immune system fight infection. Eating foods with antioxidants – for example, those containing vitamin E (vegetable oils, nuts, green leafy vegetables) and vitamin C (citrus fruits, broccoli, potatoes) – can help your body repair damaged tissue.",
            "Avoid clenching and grinding your teeth. These actions may put excess force on the supporting tissues of the teeth and could increase the rate at which these tissues are destroyed."
        ],
        "causes": [
            "Bacteria collect on your teeth after you eat sweet or starchy foods.",
            "If you don't brush and floss well, those bacteria form a sticky film called plaque on your teeth.",
            "Plaque turns into a hard deposit called tartar along your gums.",
            "Tartar traps bacteria on your teeth. The bacteria cause even more tooth damage.",
            "Your gums get irritated, red, and swollen. They may bleed when you brush your teeth."
        ]
    },
    {
        "name": "Giving Yourself an Epinephrine Shot",
        "link": "https://www.webmd.com/allergies/anaphylaxis",
        "symptoms": [
            "Coughing or wheezing",
            "Pain, itching, or tightness in your chest",
            "Fainting, dizziness, confusion, or weakness",
            "Hives , a rash , and itchy, swollen, or red skin",
            "Runny or stuffy nose and sneezing",
            "Shortness of breath or trouble breathing and rapid heartbeat (palpitations)",
            "Swollen or itchy lips or tongue",
            "Swollen or itchy throat, hoarse voice, trouble swallowing, tightness in your throat",
            "Vomiting, diarrhea,  cramps, or belly pain",
            "Weak pulse, paleness",
            "Slurred speech",
            "Unconsciousness"
        ],
        "prevention": [
            "Medical alert necklace or bracelet. These will alert other people around you to help you avoid your triggers or catch a reaction quickly before it gets worse.",
            "Emergency kit. Keep your medicines with you at all times wherever you go. Ask your doctor what you should carry. If you have an epinephrine pen or autoinjector, make sure to get it refilled before your medicine expires.",
            "Let your doctors know. Make sure all of your medical and dental providers know about any allergies and your risk for anaphylaxis.",
            "Avoid insects. If insect bites or stings are your trigger, take steps to avoid them. Cover up and avoid colors or scents that attract bugs. Don't swat or slap at stinging insects if you do see them. Instead, move away slowly and calmly.",
            "Check labels. If food allergies are your trigger, read labels carefully. Ask before you order at restaurants and make sure friends and family know about your allergies and risk for a serious reaction."
        ],
        "causes": [
            "Peanuts",
            "Shellfish",
            "Fish",
            "Milk",
            "Eggs",
            "Soy",
            "Wheat"
        ]
    },
    {
        "name": "Glandular Plague",
        "link": "https://www.webmd.com/a-to-z-guides/plague-faq",
        "symptoms": [
            "Bleeding under your skin or from your mouth, nose, or bottom",
            "Blackened skin, especially on your nose, fingers, and toes",
            "Belly pain, diarrhea, vomiting, and shock"
        ],
        "prevention": [
            "Fill holes and gaps in your home to stop mice, rats, and squirrels from getting in.",
            "Clean up your yard. Get rid of piles of leaves, wood, and rocks where animals might make their homes.",
            "Use bug repellent with DEET to prevent flea bites when you hike or camp.",
            "Wear gloves if you have to touch wild animals, alive or dead.",
            "Use flea control sprays or other treatments on your pets.",
            "Don’t let outdoor pets like cats or dogs sleep in your bed."
        ],
        "causes": [
            "Touch a living or dead animal that might have been infected, like a rat, mouse, squirrel, rabbit, or chipmunk",
            "Work with animals regularly",
            "Spend a lot of time outdoors working, hiking, camping, or hunting",
            "Spend time with someone who has the plague"
        ]
    },
    {
        "name": "Glaucoma",
        "link": "https://www.webmd.com/eye-health/glaucoma-eyes",
        "symptoms": [
            "Seeing halos around lights",
            "Vision loss",
            "Redness in your eye",
            "Eye that looks hazy (particularly in infants)",
            "Upset stomach or vomiting",
            "Eye pain",
            "Severe headache"
        ],
        "prevention": [
            "Acute narrow-angle glaucoma",
            "Inflammation",
            "Infection",
            "Other serious eye conditions."
        ],
        "causes": [
            "Are of African American, Irish, Russian, Japanese, Hispanic, Inuit, or Scandinavian descent",
            "Are over 40 years old",
            "Have a family history of glaucoma",
            "Are nearsighted or farsighted",
            "Have poor vision",
            "Have diabetes",
            "Take certain steroid medications such as prednisone",
            "Take certain drugs for bladder control or seizures or some over-the-counter cold remedies",
            "Have had an injury to your eye or eyes",
            "Have corneas that are thinner than usual",
            "Have high blood pressure, heart disease, diabetes, or sickle cell anemia",
            "Have high eye pressure"
        ]
    },
    {
        "name": "Glioblastoma Multiforme",
        "link": "https://www.webmd.com/cancer/brain-cancer/what-is-glioblastoma",
        "symptoms": [
            "Constant headaches",
            "Seizures",
            "N ausea and v omiting",
            "Trouble thinking",
            "Drowsiness",
            "Memory loss",
            "Changes in mood or personality",
            "Double or blurred vision",
            "Trouble speaking"
        ],
        "causes": [
            "Turcot syndrome",
            "Neurofibromatosis type 1",
            "Li-Fraumeni syndrome"
        ]
    },
    {
        "name": "Glioma-Polyposis Syndrome",
        "link": "https://www.webmd.com/colorectal-cancer/lynch-syndrome-get-the-facts",
        "prevention": [
            "Colonoscopies every 1 to 2 years, beginning at age 20 to 25. This test uses a long scope to look for polyps in your colon. People with Lynch syndrome often get polyps that are harder to see. So you may need to have a high-definition colonoscopy or a chromoendoscopy, which uses dyes to color the polyps. A colonoscopy may show polyps before they become cancer.",
            "Endoscopies every 3 to 5 years, starting in your early to mid-30s. Both men and women can get an endoscopy to look in their stomach or intestines for signs of cancer.",
            "Pelvic exams, uterine biopsies, or transvaginal ultrasounds to check your uterus and ovaries once a year starting around age 30. Your doctor may also recommend blood tests to check how well your liver is working."
        ],
        "causes": [
            "Other people in your family had colon cancer when they were young.",
            "Women in your family have had endometrial or uterine cancer.",
            "Members of your family have had cancer of the kidney, liver, small intestine, stomach, or sebaceous (oil-producing) glands."
        ]
    },
    {
        "name": "Globoid Cell Leukoencephalopathy",
        "link": "https://www.webmd.com/children/what-are-lysosomal-storage-disorders",
        "symptoms": [
            "MRI uses powerful magnets and radio waves to make pictures of the brain.",
            "Biopsy removes a small piece of tissue, which is checked under a microscope for signs of disease."
        ],
        "prevention": [
            "Enzyme replacement therapy delivers the missing enzyme through a vein (IV).",
            "Substrate reduction therapy reduces the substance that is building up in the cells. For example, the drug miglustat (Zavesca) treats one form of Gaucher disease.",
            "Stem cell transplant uses donated cells to help the body make the enzyme it's missing."
        ]
    },
    {
        "name": "Glossitis Areata Migrans",
        "link": "https://www.webmd.com/oral-health/guide/geographic-tongue",
        "symptoms": [
            "Have a white or light-colored border",
            "Change in size, shape, and color",
            "Start in one area and then move to another",
            "Be smooth, unlike the small bumps (papillae) that usually cover your tongue"
        ],
        "prevention": [
            "Over-the-counter pain relievers",
            "Anti-inflammatories",
            "Mouth rinses with anesthetic",
            "Corticosteroids that you put on your tongue",
            "Zinc supplements"
        ],
        "causes": [
            "Eczema and psoriasis",
            "Some types of arthritis",
            "Type 1 diabetes"
        ]
    },
    {
        "name": "Glossopyrosis",
        "link": "https://www.webmd.com/oral-health/burning-mouth-syndrome-facts",
        "symptoms": [
            "Burning feeling on the tongue, roof of the mouth, gums, inside of the cheeks, and in the back of the throat, which may be relieved with eating or drinking",
            "Numbness or tingling of the tongue, which can come and go",
            "Trouble swallowing",
            "Dry mouth",
            "Sore throat",
            "Changes in taste, such as a bad taste of metal in your mouth"
        ],
        "prevention": [
            "Medicines that help with nerve-related pain such as amitriptyline (Elavil) and nortriptyline (Aventyl, Pamelor)",
            "Capsaicin, a pain reliever made from hot peppers",
            "Clonazepam (Klonopin), taken in low doses",
            "Female hormone replacement",
            "Mouth rinses",
            "Products that replace your saliva",
            "Vitamin supplements"
        ],
        "causes": [
            "Acid reflux (acid from your stomach comes back up into your mouth)",
            "Allergic reaction to materials used in dentures",
            "Anxiety or depression",
            "Changes in hormones due to the thyroid disease, diabetes, or menopause",
            "Dry mouth resulting from diseases or treatments; for example, Sjogren’s syndrome and radiation therapy",
            "Medications used to treat blood pressure",
            "Dentures don’t fit well",
            "Lack of iron, vitamin B12, or folic acid",
            "Reaction to certain toothpastes or mouthwashes",
            "Stress",
            "Thrush (a yeast infection in your mouth)"
        ]
    },
    {
        "name": "Glucocerebrosidase Deficiency",
        "link": "https://www.webmd.com/children/gauchers-disease-symptoms-causes-treatments",
        "symptoms": [
            "Easy bruising, caused by low levels of blood platelets",
            "Nosebleeds",
            "Tiredness, caused by anemia (low levels of red blood cells)",
            "Enlarged spleen or liver, which makes your belly look swollen",
            "Bone problems like pain, breaks, or arthritis",
            "Lung disease"
        ],
        "prevention": [
            "Imiglucerase (Cerezyme)",
            "Taliglucerase alfa (Elelyso)",
            "Velaglucerase alfa (VPRIV)"
        ]
    },
    {
        "name": "Glucocerebrosidosis",
        "link": "https://www.webmd.com/children/gauchers-disease-symptoms-causes-treatments",
        "symptoms": [
            "Easy bruising, caused by low levels of blood platelets",
            "Nosebleeds",
            "Tiredness, caused by anemia (low levels of red blood cells)",
            "Enlarged spleen or liver, which makes your belly look swollen",
            "Bone problems like pain, breaks, or arthritis",
            "Lung disease"
        ],
        "prevention": [
            "Imiglucerase (Cerezyme)",
            "Taliglucerase alfa (Elelyso)",
            "Velaglucerase alfa (VPRIV)"
        ]
    },
    {
        "name": "Glucosyl Ceramide Lipidosis",
        "link": "https://www.webmd.com/children/gauchers-disease-symptoms-causes-treatments",
        "symptoms": [
            "Easy bruising, caused by low levels of blood platelets",
            "Nosebleeds",
            "Tiredness, caused by anemia (low levels of red blood cells)",
            "Enlarged spleen or liver, which makes your belly look swollen",
            "Bone problems like pain, breaks, or arthritis",
            "Lung disease"
        ],
        "prevention": [
            "Imiglucerase (Cerezyme)",
            "Taliglucerase alfa (Elelyso)",
            "Velaglucerase alfa (VPRIV)"
        ]
    },
    {
        "name": "Goiter",
        "link": "https://www.webmd.com/women/understanding-goiter-basics",
        "symptoms": [
            "A hoarse voice",
            "Tightness in your throat",
            "Dizziness when you raise your arms",
            "Swollen neck veins",
            "Coughing",
            "Trouble breathing or swallowing"
        ],
        "prevention": [
            "Medication. If you have hypothyroidism, your doctor may prescribe a thyroid hormone replacement medication. When the medication takes effect, the thyroid may begin to return to its normal size. But a large nodular goiter with a lot of internal scar tissue will not shrink with treatment. For goiters caused by inflammation, you might take aspirin or corticosteroids.",
            "Surgery. If the goiter is uncomfortable, causes overproduction of thyroid hormone unresponsive to medications, is large enough that it causes symptoms because of its size, or becomes cancerous, the entire thyroid gland may have to be surgically removed. Or they might take out only part of it. Afterward, you may need to take thyroid hormone medicine for the rest of your life.",
            "Radioactive iodine. You take this in a pill to treat an overactive thyroid. It kills cells to shrink the thyroid. After this treatment, you'll probably need to take hormone drugs from then on."
        ],
        "causes": [
            "Age. You're at higher risk if you're over 40.",
            "Gender. Women are more likely to have goiters and thyroid disorders overall.",
            "Pregnancy or menopause, both of which are linked to thyroid issues",
            "History of autoimmune disease",
            "Some medications, including lithium (used for mood disorders) and amiodarone (for irregular heartbeat)",
            "Exposure to radiation, such as cancer treatments",
            "Living in an area where iodine deficiencies are common"
        ]
    },
    {
        "name": "Goitrous Autoimmune Thyroiditis",
        "link": "https://www.webmd.com/women/whatis-autoimmune-thyroiditis",
        "symptoms": [
            "Tiredness",
            "Sensitivity to cold",
            "Puffy face",
            "Trouble pooping",
            "Enlarged tongue",
            "Pale, dry skin and brittle nails",
            "Hair loss",
            "Weight gain",
            "Muscle aches and joint pain",
            "Depression",
            "Memory lapse",
            "Heavy menstrual bleeding"
        ],
        "prevention": [
            "Iron supplements",
            "A cholesterol medicine called cholestyramine (Locholest, Prevalite, Questran)",
            "Antacids that have aluminum hydroxide",
            "An ulcer medicine called sucralfate (Carafate)",
            "Calcium supplements"
        ],
        "causes": [
            "Are a woman",
            "Are middle-aged",
            "Have another autoimmune disorder like lupus, type 1 diabetes, or rheumatoid arthritis",
            "Are related to someone who has autoimmune thyroiditis",
            "Have been exposed to environmental radiation"
        ]
    },
    {
        "name": "Graft versus Host Disease",
        "link": "https://www.webmd.com/cancer/multiple-myeloma/graft-versus-host-disease",
        "symptoms": [
            "Your skin. The very first symptom is often a sunburn-like rash on the ears, the back of the neck, the shoulders, palms, and soles. It can be itchy or painful and may spread across your entire body. Sometimes, blister-like lesions develop.",
            "Your GI tract. Your entire digestive system can be affected. You may have intense diarrhea and cramps, feel nauseated, vomit, and have no appetite.",
            "Your liver. A blood test will show early warning signs like high levels of bilirubin and liver enzymes. A more obvious sign is jaundice, which is when the whites of your eyes turn yellow."
        ],
        "prevention": [
            "Corticosteroids are usually the first of these drugs given. For acute GVHD, your doctor may put you on methylprednisolone through an IV for 2 weeks. For chronic GVHD, you might take prednisone in pill form for weeks or months. The goal is to taper off these drugs as soon as possible."
        ]
    },
    {
        "name": "Granuloma Annulare",
        "link": "https://www.webmd.com/skin-problems-and-treatments/picture-of-granuloma-annulare",
        "symptoms": [
            "Blistering",
            "Redness",
            "Scaly or dry skin",
            "Similarity to hives",
            "Blotchiness",
            "Swelling or inflammation",
            "Itchy skin",
            "Pain",
            "Infection of the areas of broken skin",
            "Shiny, flat-topped bumps",
            "Large affected areas of skin",
            "Circular-shaped affected areas"
        ],
        "prevention": [
            "Reduce stress .",
            "Avoid scratchy materials (for example, wool) and chemicals that can be triggers, such as harsh soaps, detergents, and solvents.",
            "Moisturize often.",
            "Avoid sudden changes in temperature or humidity.",
            "Avoid situations that cause sweating and overheating.",
            "Immediately wash your hands when you come into contact with something you're allergic to."
        ],
        "causes": [
            "Viral or bacterial infections",
            "Skin conditions such as rosacea or eczema",
            "Stress",
            "Skin irritants (including soaps, skin care products, or some fabrics)",
            "Personal and/or family history of allergies, hay fever, or asthma",
            "Allergic to certain medications, including those that treat high blood pressure, heart disease, and arthritis",
            "Triggering agents from other conditions, such as hepatitis B or hepatitis C"
        ]
    },
    {
        "name": "Granuloma Fungoides",
        "link": "https://www.webmd.com/cancer/mycosis-fungoides",
        "symptoms": [
            "First phase: A scaly red rash, usually in areas that don't get sunlight, such as your rear end; there are no other symptoms in this phase, and it may last months or even years.",
            "Second phase: A thin red rash that looks like patches",
            "Third phase: Small raised bumps or hard plaques that may be red",
            "Fourth phase: Tumors or bumps that may look like mushrooms; they can break open and get infected."
        ],
        "prevention": [
            "Total skin radiation: Your whole body may need it if you have mycosis fungoides spots in lots of places.",
            "Spot treatment: If you only have a few trouble spots, radiation can target just those areas. This is often used when other therapies haven't worked."
        ]
    },
    {
        "name": "Grave's Disease",
        "link": "https://www.webmd.com/women/understanding-graves-disease-basics",
        "symptoms": [
            "Nervousness, anxiety or irritability",
            "Tired or weak muscles",
            "Shaking in your hands",
            "Frequent bowel movements or diarrhea",
            "Difficulty sleeping",
            "Greater sensitivity to heat or increase sweating",
            "Unintentional weight loss",
            "An enlarged thyroid (also called a goiter)",
            "A fast or irregular heartbeat",
            "Changes in your period for women",
            "Erectile dysfunction in men",
            "Loss of sex drive (low libido)"
        ],
        "prevention": [
            "Anti-thyroid medications make your thyroid produce less thyroid hormone. They aren’t permanent treatments but can be used for long periods of time and sometimes help even after you’ve stopped treatment. They’re usually the treatment of choice for pregnant or breastfeeding women who can’t be exposed to radiation. They’re also sometimes used in combination with radioactive iodine therapy.",
            "Beta blockersare medications typically used to reduce blood pressure, and they can help rapidly relieve some of the symptoms of hyperthyroidism including shaking, rapid heartbeat, and anxiety."
        ]
    },
    {
        "name": "Grief and Grieving",
        "link": "https://www.webmd.com/balance/normal-grieving-and-stages-of-grief",
        "symptoms": [
            "Tiredness",
            "Headaches",
            "Nausea",
            "Upset stomach",
            "Joint pain",
            "Weak muscles",
            "Tightness in your throat or chest",
            "Loss of appetite or increased appetite",
            "Sleeping too much or too little"
        ],
        "causes": [
            "The death of your friend, family member, partner, or pet.",
            "The end of your marriage or a friendship.",
            "Leaving your home, neighborhood, or community.",
            "The end of your job or career.",
            "Losing financial stability.",
            "The death of a dream or goal.",
            "Loss of your health.",
            "The end of your youth.",
            "Being unable to have children.",
            "Loss of the life you had before a disability or illness.",
            "Your own loss of life as you prepare for death."
        ]
    },
    {
        "name": "Group B Streptococcal Infections in Newborns",
        "link": "https://www.webmd.com/parenting/baby/baby-group-b-strep",
        "symptoms": [
            "Fever",
            "Fast, slow, or strained breathing",
            "Trouble eating",
            "Extreme fatigue",
            "Irritability",
            "Blue color to the skin"
        ],
        "causes": [
            "You deliver early -- before 37 weeks",
            "Your water breaks 18 hours or more before you deliver",
            "You have an infection of the amniotic fluid or placenta",
            "You've had a baby with GBS in the past",
            "You have a fever higher than 100.4 F during labor"
        ]
    },
    {
        "name": "Grover's Disease",
        "link": "https://www.webmd.com/skin-problems-and-treatments/grover-disease",
        "symptoms": [
            "Sudden rash on the chest, back, and sometimes arms and legs",
            "Blisters containing a thin, watery liquid with a hair follicle in the center",
            "Blisters clumped together, surrounded by a red swollen ring",
            "Itching, which may be intense"
        ],
        "prevention": [
            "Antihistamines, taken by mouth",
            "Prescription cortisone cream, applied to the rash",
            "Other anti-itch lotions that contain menthol or camphor"
        ]
    },
    {
        "name": "Guenther Porphyria",
        "link": "https://www.webmd.com/a-to-z-guides/porphyria-symptoms-causes-treatment",
        "symptoms": [
            "Belly pain, often severe",
            "Chest pain",
            "Faster heart rate and higher blood pressure",
            "Limb and back pain",
            "Muscle weakness",
            "Tingling and loss of sensation",
            "Cramping",
            "Vomiting and constipation"
        ],
        "prevention": [
            "Regular removal of your blood to lower the amount of iron in your liver. This is called phlebotomy.",
            "Low doses of the antimalarial drug chloroquine or hydroxychloroquine"
        ],
        "causes": [
            "Drinking alcohol",
            "Estrogen use by women",
            "Hepatitis C",
            "HIV",
            "Smoking"
        ]
    },
    {
        "name": "Guillain-Barre Syndrome",
        "link": "https://www.webmd.com/brain/what-is-guillain-barre",
        "symptoms": [
            "Feeling \"pins and needles\" in your toes, ankles, fingers or wrists",
            "Weakness that starts in your legs and moves upward",
            "Unsteady walking",
            "Trouble climbing stairs",
            "Problems with speaking, chewing, swallowing, or other facial movements",
            "Double vision",
            "Trouble moving your eyes",
            "Severe aching, shooting, or cramping pains that often worsen at night",
            "Trouble controlling your bladder or bowels",
            "Rapid heart rate",
            "High or low blood pressure",
            "Chest muscle weakness, making it difficult to breathe"
        ],
        "prevention": [
            "Pain medications",
            "Drugs to prevent blood clots, which can happen when you don't move much",
            "IV fluids to prevent dehydration if you are struggling to swallow",
            "Tube feeding to keep you nourished if you can't eat as usual",
            "A breathing tube, if you temporarily lose the ability to breathe on your own, which happens in up to 30% of cases"
        ],
        "causes": [
            "Campylobacter, a type of bacteria found in undercooked poultry and thought to be the most common trigger",
            "Influenza virus",
            "COVID-19 virus",
            "Cytomegalovirus",
            "Epstein-Barr virus",
            "Zika virus",
            "Hepatitis A, B, C and E",
            "HIV, the virus that causes AIDS",
            "Mycoplasma pneumonia",
            "Surgery",
            "Trauma",
            "Hodgkin's lymphoma",
            "COVID-19 vaccines from Johnson & Johnson and AstraZeneca"
        ]
    },
    {
        "name": "Gum Disease",
        "link": "https://www.webmd.com/oral-health/guide/gingivitis-periodontal-disease",
        "symptoms": [
            "Gums that bleed when you brush your teeth",
            "Red, swollen gums (healthy gums should be pink and firm)",
            "Pain or tenderness in the gums",
            "Bad breath or a bad taste in your mouth that doesn't go away",
            "Pain when you chew",
            "Sensitive teeth",
            "Pus between your teeth",
            "Gums that pull away from your teeth (receding gums)",
            "Deep pockets between the teeth and gums",
            "Loose teeth or teeth that fall out",
            "Spaces between your teeth that look like black triangles",
            "Changes in the way your teeth fit together when you bite"
        ],
        "prevention": [
            "Stop smoking. Not only is smoking bad for your heart and lungs, it can harm your teeth and gums. Smokers are seven times more likely to get gum disease than nonsmokers, and smoking can lower the chances of success of some treatments.",
            "Reduce stress. Stress may make it hard for your body's immune system to fight off infection.",
            "Maintain a balanced diet. Bacteria in your mouth feed on sugars and starches from food, fueling them to release the acids that attack tooth enamel. Junk food and candy have a lot of extra sugar and starch. Avoid them to keep your teeth and gums healthy. Proper nutrition helps your immune system fight infection. Eating foods with antioxidants – for example, those containing vitamin E (vegetable oils, nuts, green leafy vegetables) and vitamin C (citrus fruits, broccoli, potatoes) – can help your body repair damaged tissue.",
            "Avoid clenching and grinding your teeth. These actions may put excess force on the supporting tissues of the teeth and could increase the rate at which these tissues are destroyed."
        ],
        "causes": [
            "Bacteria collect on your teeth after you eat sweet or starchy foods.",
            "If you don't brush and floss well, those bacteria form a sticky film called plaque on your teeth.",
            "Plaque turns into a hard deposit called tartar along your gums.",
            "Tartar traps bacteria on your teeth. The bacteria cause even more tooth damage.",
            "Your gums get irritated, red, and swollen. They may bleed when you brush your teeth."
        ]
    },
    {
        "name": "Gunther Disease",
        "link": "https://www.webmd.com/a-to-z-guides/porphyria-symptoms-causes-treatment",
        "symptoms": [
            "Belly pain, often severe",
            "Chest pain",
            "Faster heart rate and higher blood pressure",
            "Limb and back pain",
            "Muscle weakness",
            "Tingling and loss of sensation",
            "Cramping",
            "Vomiting and constipation"
        ],
        "prevention": [
            "Regular removal of your blood to lower the amount of iron in your liver. This is called phlebotomy.",
            "Low doses of the antimalarial drug chloroquine or hydroxychloroquine"
        ],
        "causes": [
            "Drinking alcohol",
            "Estrogen use by women",
            "Hepatitis C",
            "HIV",
            "Smoking"
        ]
    },
    {
        "name": "Guttate Scleroderma, Lichen Sclerosus Type",
        "link": "https://www.webmd.com/skin-problems-and-treatments/lichen-sclerosis",
        "symptoms": [
            "Pain",
            "Burning",
            "Tears or cracks in your skin",
            "Sores",
            "Scarring",
            "Bruising",
            "Blisters",
            "Pain when you pee or poop",
            "Pain when you have sex",
            "Constipation"
        ],
        "causes": [
            "You've gone through menopause or haven't started your period.",
            "You have an uncircumcised penis.",
            "Other people in your family have had it.",
            "You have autoimmune diseases, particularly vitiligo, alopecia, or Hashimoto's disease (autoimmune thyroiditis).",
            "Your skin has been damaged, like from surgery or a piercing.",
            "Your genital skin is often irritated, especially by contact with urine--like when you have incontinence and use adult diapers or pads.",
            "You have obesity."
        ]
    },
    {
        "name": "GVHD",
        "link": "https://www.webmd.com/cancer/multiple-myeloma/graft-versus-host-disease",
        "symptoms": [
            "Your skin. The very first symptom is often a sunburn-like rash on the ears, the back of the neck, the shoulders, palms, and soles. It can be itchy or painful and may spread across your entire body. Sometimes, blister-like lesions develop.",
            "Your GI tract. Your entire digestive system can be affected. You may have intense diarrhea and cramps, feel nauseated, vomit, and have no appetite.",
            "Your liver. A blood test will show early warning signs like high levels of bilirubin and liver enzymes. A more obvious sign is jaundice, which is when the whites of your eyes turn yellow."
        ],
        "prevention": [
            "Corticosteroids are usually the first of these drugs given. For acute GVHD, your doctor may put you on methylprednisolone through an IV for 2 weeks. For chronic GVHD, you might take prednisone in pill form for weeks or months. The goal is to taper off these drugs as soon as possible."
        ]
    },
    {
        "name": "Gynecomastia",
        "link": "https://www.webmd.com/men/what-is-gynecomastia",
        "symptoms": [
            "A lump under your nipple (often the first sign people notice)",
            "Tenderness",
            "Soreness",
            "Swelling"
        ],
        "prevention": [
            "Avoid recreational drugs, such as anabolic steroids, androgens, weed, or heroin.",
            "Limit the amount of alcohol you drink. Less is healthier.",
            "Go over your medications with your doctor. If any of them can cause gynecomastia, ask if there are alternatives."
        ],
        "causes": [
            "Infancy: Over half of male babies have swollen breasts for the first few weeks after they're born.",
            "Puberty: This can last a few months or a few years.",
            "Older age: After you reach 50, gynecomastia becomes more common."
        ]
    },
    {
        "name": "Gestational Diabetes",
        "link": "https://www.webmd.com/diabetes/gestational-diabetes",
        "symptoms": [
            "You’re thirstier than usual.",
            "You’re hungrier and eat more than usual.",
            "You pee more than usual."
        ],
        "prevention": [
            "Eating nutritious foods",
            "Staying active",
            "Losing extra weight"
        ],
        "causes": [
            "Were overweight before you got pregnant",
            "Are Black, Asian, Hispanic or Latinx, Alaska Native, Pacific Islander, or Native American",
            "Have blood sugar levels that are higher than they should be but not high enough to be diabetes (this is called prediabetes)",
            "Have a family member with diabetes",
            "Have had gestational diabetes before",
            "Have polycystic ovary syndrome (PCOS) or another health condition linked to problems with insulin",
            "Have high blood pressure, high cholesterol, heart disease, or other medical complications",
            "Have given birth to a large baby (weighing more than 9 pounds)",
            "Have had a miscarriage",
            "Have given birth to a baby who was stillborn or had certain birth defects",
            "Are older than 25"
        ]
    }
]