[
    {
        "name": "Obesity",
        "link": "https://www.webmd.com/obesity/what-obesity-is",
        "symptoms": [
            "Tiredness",
            "Joint pain",
            "Snoring",
            "Getting out of breath easily",
            "A hard time doing physical activities"
        ],
        "prevention": [
            "Give up soda in favor of unsweetened soda water.",
            "Add a 30-minute walk or other workout 5 days a week.",
            "Stop keeping fatty, sugary foods in the house.",
            "Limit screen time to an hour a day on most days of the week."
        ],
        "causes": [
            "Living in areas where healthy food and safe places to exercise aren't easily available",
            "Jobs that require you to sit for long periods of time",
            "Cultural and family preferences for certain foods",
            "Advertising and marketing that make high-calorie food seem more appealing"
        ]
    },
    {
        "name": "Obsessive-Compulsive Disorder (OCD)",
        "link": "https://www.webmd.com/mental-health/obsessive-compulsive-disorder",
        "symptoms": [
            "Worries about yourself or other people getting hurt",
            "Constant awareness of blinking, breathing, or other body sensations",
            "Worries about germs and dirt touching your body",
            "Fear of losing or forgetting things",
            "Worries about losing control of what you do or say",
            "Upsetting thoughts about sex, religion, or violence",
            "Need for things to be symmetrical or orderly"
        ],
        "prevention": [
            "Citalopram (Celexa)",
            "Escitalopram (Lexapro)",
            "Fluoxetine (Prozac)",
            "Fluvoxamine (Luvox)",
            "Paroxetine (Paxil)",
            "Sertraline (Zoloft)"
        ],
        "causes": [
            "A parent, sibling, or child with OCD",
            "Physical differences in certain parts of your brain",
            "Depression, anxiety, or tics",
            "Experience with trauma",
            "A history of physical or sexual abuse as a child"
        ]
    },
    {
        "name": "Obstructive Hypertrophic Cardiomyopathy",
        "link": "https://www.webmd.com/heart-disease/hypertrophic-cardiomyopathy",
        "symptoms": [
            "Chest pain or pressure (occurs usually with exercise or physical activity, but can also occur with rest or after meals)",
            "Shortness of breath (dyspnea), especially with exertion",
            "Fatigue (feeling overly tired)",
            "Fainting (caused by irregular heart rhythms, abnormal responses of the blood vessels during exercise, or no cause may be found)",
            "Palpitations (fluttering in the chest) due to abnormal heart rhythms (arrhythmias), such as atrial fibrillation or ventricular tachycardia",
            "Sudden death (occurs in a small number of patients with HCM)"
        ],
        "prevention": [
            "Telling all your doctors and dentist you have HCM. They might prescribe antibiotics to prevent an infection before performing any procedures on you that may cause bleeding (dental, respiratory, and gastrointestinal procedures).",
            "Calling your doctor if you have symptoms of an infection.",
            "Taking good care of your teeth and gums."
        ],
        "causes": [
            "Diet. Maintain adequate hydration, unless your doctor is restricting your fluids (fluid and salt restrictions may be necessary for some patients if heart failure symptoms are present). Ask your doctor about specific fluid and dietary guidelines, including information about alcoholic beverages and caffeinated products.",
            "Exercise. Your doctor will tell you if you may exercise or not. Most people with cardiomyopathy are able to do non-competitive aerobic exercise. However, your doctor may ask you not to exercise, based on your symptoms and the severity of your disease. Heavy weight lifting is not recommended.",
            "Regular follow-up visits. Patients with HCM should have an annual follow-up visit with their cardiologist to monitor their condition. Follow-up appointments may be more frequent when HCM is first diagnosed."
        ]
    },
    {
        "name": "Obstructive Sleep Apnea",
        "link": "https://www.webmd.com/sleep-disorders/sleep-apnea/understanding-obstructive-sleep-apnea-syndrome",
        "symptoms": [
            "Daytime sleepiness or fatigue",
            "Dry mouth or sore throat when you wake up",
            "Headaches in the morning",
            "Trouble concentrating, forgetfulness, depression, or crankiness",
            "Night sweats",
            "Restlessness during sleep",
            "Problems with sex, like a low sex drive",
            "Snoring",
            "Waking up suddenly and feeling like you're gasping or choking",
            "Trouble getting up in the mornings",
            "Waking up often in the middle of the night to pee",
            "High blood pressure",
            "Gastroesophageal reflux disease (GERD)"
        ],
        "prevention": [
            "Obstructive Sleep Apnea",
            "Obstructive Sleep Apnea Causes",
            "Sleep Apnea Pillows & Gadgets",
            "Side Effects of Sleep Apnea",
            "Sleep Apnea Myths & Facts"
        ],
        "causes": [
            "Are male",
            "Are older",
            "Are black, Hispanic, or Native American",
            "Have a family history of sleep apnea",
            "Have asthma",
            "Smoke",
            "Have diabetes",
            "Have high blood pressure",
            "Have a higher risk of heart failure or stroke",
            "Are overweight or obese",
            "Have a large or thick neck",
            "Have smaller airways in your nose, throat, or mouth",
            "Have too much tissue at the back of your throat that hangs down to block your airway",
            "Have a large tongue"
        ]
    },
    {
        "name": "OCD (Obsessive Compulsive Disorder)",
        "link": "https://www.webmd.com/mental-health/obsessive-compulsive-disorder",
        "symptoms": [
            "Worries about yourself or other people getting hurt",
            "Constant awareness of blinking, breathing, or other body sensations",
            "Worries about germs and dirt touching your body",
            "Fear of losing or forgetting things",
            "Worries about losing control of what you do or say",
            "Upsetting thoughts about sex, religion, or violence",
            "Need for things to be symmetrical or orderly"
        ],
        "prevention": [
            "Citalopram (Celexa)",
            "Escitalopram (Lexapro)",
            "Fluoxetine (Prozac)",
            "Fluvoxamine (Luvox)",
            "Paroxetine (Paxil)",
            "Sertraline (Zoloft)"
        ],
        "causes": [
            "A parent, sibling, or child with OCD",
            "Physical differences in certain parts of your brain",
            "Depression, anxiety, or tics",
            "Experience with trauma",
            "A history of physical or sexual abuse as a child"
        ]
    },
    {
        "name": "Ocular Motor Apraxia, Cogan Type",
        "link": "https://www.webmd.com/brain/apraxia-symptoms-causes-tests-treatments",
        "symptoms": [
            "Facial movements such as coughing or winking",
            "Precise movements using your finger, arm, or leg",
            "Using specific tools for specific tasks",
            "Moving your eyes",
            "Carrying out complicated tasks such as brushing your teeth or tying your shoe",
            "Mimicking movements with your head, arms, or legs",
            "Taking small steps",
            "Copying simple drawings"
        ],
        "prevention": [
            "Repeatedly practicing forming and pronouncing sounds and words",
            "Practicing stringing together sounds to make speech",
            "Working with rhythms or melodies",
            "Using multisensory approaches, such as watching in a mirror while trying to form words or touching the face while talking"
        ],
        "causes": [
            "Evaluation by a doctor: Your doctor will ask you to do familiar tasks that you’ve learned, such as brushing your teeth or cutting out a shape. An evaluation will also include a physical exam to see if your symptoms are due to problems with your muscles or joints. Your doctor may talk to your family members as well to find out how well you're able to do your normal daily activities.",
            "Brain function tests: Your doctor may use neuropsychologic tests to check how your brain is working in areas such as problem-solving, memory, language, attention, and processing.",
            "Imaging tests: If your doctor believes your apraxia is caused by damage to your brain, you may have imaging tests such as a CT scan or MRI to find the extent and location of the damage."
        ]
    },
    {
        "name": "Oculomotor Apraxia, Cogan type",
        "link": "https://www.webmd.com/brain/apraxia-symptoms-causes-tests-treatments",
        "symptoms": [
            "Facial movements such as coughing or winking",
            "Precise movements using your finger, arm, or leg",
            "Using specific tools for specific tasks",
            "Moving your eyes",
            "Carrying out complicated tasks such as brushing your teeth or tying your shoe",
            "Mimicking movements with your head, arms, or legs",
            "Taking small steps",
            "Copying simple drawings"
        ],
        "prevention": [
            "Repeatedly practicing forming and pronouncing sounds and words",
            "Practicing stringing together sounds to make speech",
            "Working with rhythms or melodies",
            "Using multisensory approaches, such as watching in a mirror while trying to form words or touching the face while talking"
        ],
        "causes": [
            "Evaluation by a doctor: Your doctor will ask you to do familiar tasks that you’ve learned, such as brushing your teeth or cutting out a shape. An evaluation will also include a physical exam to see if your symptoms are due to problems with your muscles or joints. Your doctor may talk to your family members as well to find out how well you're able to do your normal daily activities.",
            "Brain function tests: Your doctor may use neuropsychologic tests to check how your brain is working in areas such as problem-solving, memory, language, attention, and processing.",
            "Imaging tests: If your doctor believes your apraxia is caused by damage to your brain, you may have imaging tests such as a CT scan or MRI to find the extent and location of the damage."
        ]
    },
    {
        "name": "Oculosympathetic Palsy",
        "link": "https://www.webmd.com/eye-health/horner-syndrome",
        "symptoms": [
            "Less or no sweat on one side of your face",
            "A droopy upper eyelid (ptosis)",
            "A lower eyelid that’s slightly raised (inverse ptosis)",
            "A small pupil, the black circle in the middle of your eye (miosis)",
            "Pupils that are of different sizes (anisocoria)",
            "A pupil that doesn’t open (dilate) widely or is slow to open in dim light",
            "A sunken or bloodshot eye"
        ],
        "prevention": [
            "First order (central)",
            "Second order (preganglionic)",
            "Third order (postganglionic)"
        ],
        "causes": [
            "Sudden interruption of blood flow to your brain stem",
            "Tumors on your hypothalamus",
            "Spinal cord lesions",
            "Stroke",
            "Damage to myelin (a thin sheath around your nerves)"
        ]
    },
    {
        "name": "Ohio Type Amyloidosis (Type VII)",
        "link": "https://www.webmd.com/cancer/lymphoma/amyloidosis-symptoms-causes-treatments",
        "symptoms": [
            "Changes in skin color",
            "Severe fatigue",
            "Feeling of fullness",
            "Joint pain",
            "Low red blood cell count (anemia)",
            "Shortness of breath",
            "Swelling of the tongue",
            "Tingling and numbness in legs and feet",
            "Weak hand grip",
            "Severe weakness",
            "Sudden weight loss"
        ],
        "prevention": [
            "High-dose chemotherapy with stem cell transplant can help remove the substance that leads to amyloid formation in some people with primary AL amyloidosis. Chemotherapy medicines alone may be used to treat other patients with primary AL amyloidosis.",
            "Secondary (AA) amyloidosis is treated by controlling the underlying disorder and with powerful anti-inflammatory medicines called steroids, which fight inflammation.",
            "A liver transplant may treat the disease if you have certain types of hereditary amyloidosis.",
            "New therapies can slow the production of the abnormal protein TTR.",
            "Your doctor might also recommend a kidney transplant."
        ]
    },
    {
        "name": "Olecranon Bursitis",
        "link": "https://www.webmd.com/arthritis/olecranon-bursitis",
        "symptoms": [
            "Protect your elbow. This could mean wearing elbow pads or a wrap to cushion it.",
            "Avoid activities that put direct pressure on your affected elbow.",
            "Take pain medicine such as ibuprofen or other anti-inflammatories to reduce the swelling and the pain. Follow your doctor’s directions and read the medicine label carefully."
        ],
        "prevention": [
            "Protect your elbow. This could mean wearing elbow pads or a wrap to cushion it.",
            "Avoid activities that put direct pressure on your affected elbow.",
            "Take pain medicine such as ibuprofen or other anti-inflammatories to reduce the swelling and the pain. Follow your doctor’s directions and read the medicine label carefully."
        ]
    },
    {
        "name": "Opportunistic Infections",
        "link": "https://www.webmd.com/hiv-aids/aids-hiv-opportunistic-infections-stay-healthier",
        "prevention": [
            "Fever for more than 2 days",
            "Bad diarrhea",
            "Difficulty breathing",
            "Weight loss",
            "A change in vision",
            "Problems with your mouth, skin, or breathing"
        ]
    },
    {
        "name": "Opthalmoneuromyelitis",
        "link": "https://www.webmd.com/brain/neuromyelitis-optica",
        "symptoms": [
            "Optic neuritis: inflammation of the optic nerve (this carries information from your eye to your brain). You might feel sudden pain inside your eye. That can be followed by problems like not seeing clearly or even blindness. It usually happens only in one eye, but it can happen in both.",
            "Transverse myelitis: inflammation of the spinal cord. This can cause problems with your arms and legs, including pain, weakness, numbness, or paralysis. It also can lead to loss of control of your bladder and bowel. You could have nausea, vomiting, hiccups, a stiff neck, or a headache."
        ]
    },
    {
        "name": "Optic Neuromyelitis",
        "link": "https://www.webmd.com/brain/neuromyelitis-optica",
        "symptoms": [
            "Optic neuritis: inflammation of the optic nerve (this carries information from your eye to your brain). You might feel sudden pain inside your eye. That can be followed by problems like not seeing clearly or even blindness. It usually happens only in one eye, but it can happen in both.",
            "Transverse myelitis: inflammation of the spinal cord. This can cause problems with your arms and legs, including pain, weakness, numbness, or paralysis. It also can lead to loss of control of your bladder and bowel. You could have nausea, vomiting, hiccups, a stiff neck, or a headache."
        ]
    },
    {
        "name": "Oral Cancer",
        "link": "https://www.webmd.com/oral-health/oral-cancer",
        "symptoms": [
            "A sore on your lip or in your mouth that doesn't heal",
            "A lump or thick patch inside your mouth  or throat",
            "White, red, or speckled (white and red) patches in your mouth or throat",
            "Unexplained bleeding in your mouth",
            "Unexplained pain or numbness in your mouth or throat",
            "Chronic sore throat, or a feeling that something is caught in the back of your throat",
            "Trouble chewing or swallowing, speaking, or moving your jaw or tongue",
            "Hoarseness or change in your voice",
            "Ear pain",
            "Swelling, pain, or stiffness in your jaw",
            "A lump in your neck",
            "A change in the way your teeth fit together, or loose teeth (if you wear dentures, they might be uncomfortable or hard to put in)",
            "Dramatic weight loss",
            "Chronic bad breath"
        ],
        "prevention": [
            "Get vaccinated against HPV.",
            "Don't smoke or use any tobacco products. If you drink alcohol, do so only in moderation.",
            "Eat a well-balanced diet. Not getting a lot of fruits and vegetables has been linked to an increased risk of oral cancer.",
            "Limit your exposure to the sun. Repeated exposure increases your risk of lip cancer. When in the sun, use UV-A/B-blocking sunscreen on your skin, and don't forget your lips."
        ]
    },
    {
        "name": "Oral Galvanism",
        "link": "https://www.webmd.com/oral-health/burning-mouth-syndrome-facts",
        "symptoms": [
            "Burning feeling on the tongue, roof of the mouth, gums, inside of the cheeks, and in the back of the throat, which may be relieved with eating or drinking",
            "Numbness or tingling of the tongue, which can come and go",
            "Trouble swallowing",
            "Dry mouth",
            "Sore throat",
            "Changes in taste, such as a bad taste of metal in your mouth"
        ],
        "prevention": [
            "Medicines that help with nerve-related pain such as amitriptyline (Elavil) and nortriptyline (Aventyl, Pamelor)",
            "Capsaicin, a pain reliever made from hot peppers",
            "Clonazepam (Klonopin), taken in low doses",
            "Female hormone replacement",
            "Mouth rinses",
            "Products that replace your saliva",
            "Vitamin supplements"
        ],
        "causes": [
            "Acid reflux (acid from your stomach comes back up into your mouth)",
            "Allergic reaction to materials used in dentures",
            "Anxiety or depression",
            "Changes in hormones due to the thyroid disease, diabetes, or menopause",
            "Dry mouth resulting from diseases or treatments; for example, Sjogren’s syndrome and radiation therapy",
            "Medications used to treat blood pressure",
            "Dentures don’t fit well",
            "Lack of iron, vitamin B12, or folic acid",
            "Reaction to certain toothpastes or mouthwashes",
            "Stress",
            "Thrush (a yeast infection in your mouth)"
        ]
    },
    {
        "name": "Oral-Facial Dyskinesia",
        "link": "https://www.webmd.com/mental-health/tardive-dyskinesia",
        "symptoms": [
            "Stick out your tongue without trying",
            "Blink your eyes fast",
            "Chew",
            "Smack or pucker your lips",
            "Puff out your cheeks",
            "Frown",
            "Grunt"
        ],
        "prevention": [
            "Deutetrabenazine (Austedo)",
            "Valbenazine (Ingrezza)"
        ],
        "causes": [
            "Haloperidol (Haldol)",
            "Fluphenazine",
            "Risperidone (Risperdal)",
            "Olanzapine (Zyprexa)"
        ]
    },
    {
        "name": "Orthodontics",
        "link": "https://www.webmd.com/oral-health/braces-and-retainers",
        "prevention": [
            "Ice",
            "Nuts",
            "Popcorn",
            "Hard candy",
            "Chewing gum",
            "Chewy candy, like caramel",
            "Gummies",
            "Hard or tough-to-bite foods, such as apples or bagels, hard rolls, and pizza crust",
            "Corn on the cob",
            "Hard pretzels and snack chips",
            "Carrots and other crunchy raw vegetables"
        ]
    },
    {
        "name": "Osgood Schlatter Condition",
        "link": "https://www.webmd.com/teens/osgood-schlatter-disease",
        "symptoms": [
            "Pain, tenderness, or swelling just below the kneecap",
            "Pain that worsens while playing sports, running, jumping, or changing direction quickly",
            "Limping after doing a sport or activity",
            "In some cases, a bony lump under the kneecap"
        ],
        "prevention": [
            "Rest. Running, jumping, bending, and kneeling can aggravate OSD, so taking time off from activities that involve those movements can help prevent things from getting worse.",
            "Ice. Cold applied to the area can help reduce pain and swelling.",
            "Cross-training. If your child has to take time off from an activity or sport of choice, trying something different that’s low-impact, like swimming or cycling, may be a good alternative.",
            "Stretching . Doing specific exercises to stretch the quadriceps can help ease some of the tension and pain.",
            "Protection. If your child is going to continue playing sports, wearing a protective pad over the injury can keep it safe from more damage.",
            "Stabilization with a strap. Using a special strap called a patellar tendon strap can anchor the tendon in place during activities. It fits around the leg under the kneecap and can help spread out some of the force that’s on the shinbone."
        ],
        "causes": [
            "OSD is more common in boys than in girls, but it affects both sexes.",
            "Since boys and girls go through puberty at different ages, they can develop OSD at different times. It usually happens to boys around age 13 or 14; and in girls much younger, usually around 11 or 12.",
            "It happens during puberty because of growth spurts. This is when girls and boys gain a lot of height very quickly."
        ]
    },
    {
        "name": "Ovarian Cysts",
        "link": "https://www.webmd.com/women/ovarian-cysts",
        "symptoms": [
            "Pelvic pain or pressure",
            "Dull ache in your back",
            "Bloating or feeling full",
            "Nausea",
            "Swelling in your belly area",
            "Pain during sex",
            "Pain during your period",
            "A frequent urge to pee or poop"
        ],
        "prevention": [
            "Watching and waiting. Your doctor will monitor you over time to see if your cyst goes away or changes.",
            "Medicine. There isn't any specific ovarian cyst medication. But your doctor can give you medicine if you're in pain. They might also prescribe birth control pills  or other hormonal treatment. Hormone treatments won’t make the cysts go away, but they can help prevent new ones.",
            "Surgery. Some ovarian cysts need surgery. That includes those that are large, don’t go away, or cause serious symptoms. You could also need surgery if you’re near or past menopause because your cysts are more likely to be cancerous. Your surgeon may decide to take just the cyst or the entire ovary."
        ],
        "causes": [
            "Ovulation. Most functional cysts happen when the follicle grows like it should but doesn’t break open to release the egg.",
            "Endometriosis. People who have endometriosis, especially advanced stages of the disease, can develop endometrioma cysts.",
            "Pelvic inflammatory disease (PID). You may get pus-filled cysts on or close to your ovaries if you have a pelvic infection.",
            "Abnormal cell growth. You may get dermoid or cystadenoma cysts if cells in your ovaries grow in an abnormal way."
        ]
    },
    {
        "name": "Ovarian Epithelial Cancer",
        "link": "https://www.webmd.com/ovarian-cancer/understanding-ovarian-cancer-basics",
        "prevention": [
            "Breastfeeding",
            "Tubal ligation to prevent pregnancy (also known as “having your tubes tied”)",
            "Taking hormonal birth control",
            "Daily aspirin use (although if you aren’t already doing this for another medical reason, you shouldn’t start just to prevent ovarian cancer)",
            "Hysterectomy (surgery to remove the uterus and cervix)"
        ],
        "causes": [
            "Age. Few women younger than 40 get the disease. Most women get ovarian cancer after menopause.",
            "Obesity. If your body mass index (BMI) is 30 or higher, some studies indicate your risk may go up, but those studies are inconclusive.",
            "Hormone replacement therapy. While inconclusive, some studies suggest that using estrogen after menopause increases your risk."
        ]
    },
    {
        "name": "Ovarian Hyperthecosis",
        "link": "https://www.webmd.com/women/what-is-pcos",
        "symptoms": [
            "Hair loss. PCOS can cause the hair on your head to get thinner, especially if you're middle-aged or older.",
            "Excess face and body hair (hirsutism). At the same time, hair may grow in places you don’t want it, like your face, chest, belly, arms, fingers, and toes.",
            "Oily skin. Extra androgens can lead to oilier skin.",
            "Acne. You might have breakouts on your face, chest, and/or back.",
            "Darkened skin. Patches of skin that look darker than the surrounding area can show up under your breasts or arms, or on your neck.",
            "Skin tags. These little flaps of excess skin most often appear on your neck or armpits.",
            "PCOS pain. You may have pain in your lower-belly (pelvic) area during your period and occasionally at other times.",
            "Weight gain (PCOS belly). About 50% of those with PCOS have weight gain, especially in the abdominal (belly) area.",
            "Ovarian cysts. When you have an ultrasound, your doctor might notice that your ovaries look bigger or have lots of egg sac cysts (follicles).",
            "Mood changes. PCOS raises your risk of mood swings and feelings of depression or anxiety. This can be caused by hormonal changes as well as the strain of dealing with PCOS symptoms."
        ],
        "prevention": [
            "Hormonal birth control. If you aren’t planning to get pregnant, your doctor might prescribe hormonal birth control, such as the patch, pill, shot, or hormonal IUD. They might contain estrogen, progesterone, or both. They can get your periods on track, help with acne and extra body hair, and lower your risk of endometrial cancer.",
            "Progestin therapy. This hormone can help normalize your menstrual cycle and reduce your odds of uterine cancer. It doesn't prevent pregnancy or reduce levels of androgens.",
            "Insulin-sensitizing medications. Metformin, a drug used to treat type 2 diabetes, helps lower insulin and androgen levels. While it's not FDA-approved to treat PCOS, it can help with ovulation and period problems.",
            "Androgen blockers. These drugs block the effects of the extra male hormones that cause issues such as unwanted hair growth and acne. But don't take them if you're pregnant or plan to get pregnant, because they can cause birth defects. While you're on them, you should use two different types of birth control."
        ],
        "causes": [
            "Excess weight. The link between weight and PCOS is complicated. Weight gain plays a role in the development of the condition. But PCOS can alsocontribute to weight gain.",
            "High levels of androgens. This condition, called hyperandrogenism, affects most people with PCOS.",
            "Insulin resistance. Extra insulin can affect your ovaries and their ability to release eggs (ovulate). It can also make it easier to gain weight and harder to lose it.",
            "Long-term, low-grade inflammation. This also contributes to your body's overproduction of androgens."
        ]
    },
    {
        "name": "Ovarian Syndrome",
        "link": "https://www.webmd.com/women/what-is-pcos",
        "symptoms": [
            "Hair loss. PCOS can cause the hair on your head to get thinner, especially if you're middle-aged or older.",
            "Excess face and body hair (hirsutism). At the same time, hair may grow in places you don’t want it, like your face, chest, belly, arms, fingers, and toes.",
            "Oily skin. Extra androgens can lead to oilier skin.",
            "Acne. You might have breakouts on your face, chest, and/or back.",
            "Darkened skin. Patches of skin that look darker than the surrounding area can show up under your breasts or arms, or on your neck.",
            "Skin tags. These little flaps of excess skin most often appear on your neck or armpits.",
            "PCOS pain. You may have pain in your lower-belly (pelvic) area during your period and occasionally at other times.",
            "Weight gain (PCOS belly). About 50% of those with PCOS have weight gain, especially in the abdominal (belly) area.",
            "Ovarian cysts. When you have an ultrasound, your doctor might notice that your ovaries look bigger or have lots of egg sac cysts (follicles).",
            "Mood changes. PCOS raises your risk of mood swings and feelings of depression or anxiety. This can be caused by hormonal changes as well as the strain of dealing with PCOS symptoms."
        ],
        "prevention": [
            "Hormonal birth control. If you aren’t planning to get pregnant, your doctor might prescribe hormonal birth control, such as the patch, pill, shot, or hormonal IUD. They might contain estrogen, progesterone, or both. They can get your periods on track, help with acne and extra body hair, and lower your risk of endometrial cancer.",
            "Progestin therapy. This hormone can help normalize your menstrual cycle and reduce your odds of uterine cancer. It doesn't prevent pregnancy or reduce levels of androgens.",
            "Insulin-sensitizing medications. Metformin, a drug used to treat type 2 diabetes, helps lower insulin and androgen levels. While it's not FDA-approved to treat PCOS, it can help with ovulation and period problems.",
            "Androgen blockers. These drugs block the effects of the extra male hormones that cause issues such as unwanted hair growth and acne. But don't take them if you're pregnant or plan to get pregnant, because they can cause birth defects. While you're on them, you should use two different types of birth control."
        ],
        "causes": [
            "Excess weight. The link between weight and PCOS is complicated. Weight gain plays a role in the development of the condition. But PCOS can alsocontribute to weight gain.",
            "High levels of androgens. This condition, called hyperandrogenism, affects most people with PCOS.",
            "Insulin resistance. Extra insulin can affect your ovaries and their ability to release eggs (ovulate). It can also make it easier to gain weight and harder to lose it.",
            "Long-term, low-grade inflammation. This also contributes to your body's overproduction of androgens."
        ]
    },
    {
        "name": "Overactive Thyroid",
        "link": "https://www.webmd.com/a-to-z-guides/causes-hyperthyroidism",
        "symptoms": [
            "Nervousness, anxiety, or crankiness",
            "Mood swings",
            "Fatigue or weakness",
            "Sensitivity to heat",
            "A swollen thyroid (called a goiter). You might see swelling at the base of your neck.",
            "Losing weight suddenly, without trying",
            "Fast or uneven heartbeat or palpitations (pounding in your heart)",
            "Having more bowel movements",
            "Shaking in your hands and fingers (tremor)",
            "Sleep problems",
            "Thinning skin",
            "Fine, brittle hair",
            "Changes in your menstrual cycle"
        ],
        "prevention": [
            "Orbital decompression surgery involves removing the bone between your sinuses and eye socket. It can make more room for your eyes so that they go back to their normal position. It can help improve your vision. There are risks to the surgery, including double vision.",
            "Eye muscle surgery is sometimes used to correct double vision. It works by cutting muscles in your eyeball that are covered in scar tissue. Thyroid eye disease can cause this. The cut muscles are then reattached in a different position, which can put your eyes back in proper alignment. You may need this surgery more than once to get the right results."
        ],
        "causes": [
            "After pregnancy",
            "When you get a virus or another problem with your immune system",
            "If you take too much thyroid medication"
        ]
    }
]