[
    {
        "name": "Rabbit Fever",
        "link": "https://www.webmd.com/a-to-z-guides/what-is-tularemia",
        "symptoms": [
            "An ulcer on the skin that’s usually caused by a bite from an infected animal or insect",
            "Lymph glands that are painful and swollen",
            "Fever",
            "Chills",
            "Headache",
            "Fatigue"
        ],
        "prevention": [
            "Not using bare hands to skin or dress wild animals",
            "Avoiding sick or dead animals",
            "Wearing clothing that covers exposed skin (tight at the wrists and ankles)",
            "Using insect repellents",
            "Removing ticks promptly",
            "Drinking clean water",
            "Fully cooking wild meats"
        ],
        "causes": [
            "Insect bites, especially from a deer fly or tick",
            "Coming into contact with the skin, hair, or meat of an animal that’s infected",
            "Consuming contaminated water or food, such as undercooked meat",
            "Breathing in bacteria that comes up from the soil during an activity like construction or gardening"
        ]
    },
    {
        "name": "Rabies",
        "link": "https://www.webmd.com/a-to-z-guides/what-is-rabies",
        "symptoms": [
            "Inability to sleep (insomnia)",
            "Anxiety",
            "Confusion (which can affect your movement, thinking, emotions, and more)",
            "Brain dysfunction",
            "Slight or partial paralysis",
            "Hyperactivity",
            "Being easily agitated",
            "Hallucinations",
            "Seizures",
            "Salivating more than usual",
            "Difficulty swallowing",
            "Abnormal behavior",
            "Breathing fast (hyperventilation)",
            "Racing heart",
            "Muscle twitching",
            "Different sized pupils",
            "Neck stiffness (related to paralytic rabies)"
        ],
        "prevention": [
            "Take your dog, cat, or other pet (only mammals can get rabies) to the veterinarian for regular checkups and make sure your pet is up to date with rabies vaccinations.",
            "Don't let your pets wander outdoors, or watch them when outside.",
            "Spay or neuter your pets to prevent strays that may not be properly cared for.",
            "Call animal control to report any stray animals in your neighborhood, since they may be unvaccinated or sick.",
            "Wash animal bites or scratches immediately with soap and water.",
            "Avoid contact with wildlife, including injured animals; instead, call animal control or other local authorities for help.",
            "Before you travel outside the United States, find out if rabies is present in dogs or wildlife at your destination.",
            "If you are traveling to an area with a high risk of rabies, or you work with or near animals known to carry rabies, talk to your doctor about getting pre-exposure prophylaxis (PrEP), a series of rabies vaccine doses given before exposure to the virus.",
            "Remember to seek medical attention after possible exposure to the rabies virus, even if you've had PrEP doses of the vaccine. Two additional doses will be needed to prevent the virus from infecting your brain."
        ]
    },
    {
        "name": "Rabson-Mendenhall Syndrome",
        "link": "https://www.webmd.com/a-to-z-guides/rabson-mendenhall-syndrome",
        "symptoms": [
            "Head and face. These can include rough skin, wide space between the eyes, deep grooves in the tongue, and larger-than-normal ears, lips, and jaw.",
            "Nails. They may be thicker than usual.",
            "Skin. Dryness is one problem. Another might be acanthosis nigricans (skin that darkens and thickens). It may feel like velvet, especially in areas where it folds, like the underarms and neck.",
            "Teeth. They can be larger than normal, crowded, or come in too early."
        ],
        "prevention": [
            "Biguanides. These are medicines that cause your body to make less glucose (sugar) and boost its use of insulin.",
            "Leptin. This protein may help with blood sugar and blood insulin levels.",
            "Recombinant insulin-like growth factor I (rhIGF-I). This protein treats ketoacidosis that is caused by severe insulin resistance. Ketoacidosis is the buildup of ketones – a substance that forms when the body breaks down fat for energy instead of sugar."
        ]
    },
    {
        "name": "Radial Head Subluxation",
        "link": "https://www.webmd.com/children/nursemaid-elbow",
        "symptoms": [
            "Complain that the elbow hurts",
            "Cry when the arm is moved or touched",
            "Hold the arm close to their side or support it with the other arm",
            "Not use the arm"
        ],
        "prevention": [
            "Do not lift a child up by the arms or hands. Lift the child under the arms instead.",
            "Do not tug or jerk a child's hand or arm.",
            "Never swing a child by the hands or arms."
        ],
        "causes": [
            "Catch a child by the hand to stop a fall",
            "Lift a child up by the hands or wrists",
            "Pull a child's arm through a jacket sleeve",
            "Swing a child by the arms or hands",
            "Yank on a child's arm to make them walk faster"
        ]
    },
    {
        "name": "Radiation Therapy for Cancer",
        "link": "https://www.webmd.com/cancer/what-to-expect-from-radiation-therapy",
        "causes": [
            "Try eating five or six small meals spread out through the day instead of three large ones.",
            "Try new recipes or foods.",
            "Keep healthy snacks on hand. It will help you eat when you're hungry rather than waiting for mealtimes and maybe losing your appetite."
        ]
    },
    {
        "name": "Rapp Hodgkin Syndrome",
        "link": "https://www.webmd.com/a-to-z-guides/rapp-hodgkin-syndrome",
        "symptoms": [
            "Cleft lip. This is when the upper lip doesn’t fully form and has an opening in it.",
            "Cleft palate. With this, there’s an opening in the roof of the mouth.",
            "Fewer sweat glands or none at all. People with this symptom can’t sweat as much and may easily feel overheated.",
            "Fused eyelids. This means they are joined partly or totally together. There may also be problems with the tear ducts, which can lead to dry eyes and pinkeye.",
            "Growth problems. Weight gain issues, too.",
            "Hearing loss. This can lead to delays in learning to talk.",
            "Missing or unusually shaped nails.",
            "Skin erosion. This is loss of skin in some areas. It can be life-threatening in infants.",
            "Teeth problems. These can include missing teeth, wide gaps between teeth, cone-shaped teeth, and thin enamel (the hard outer covering of the teeth).",
            "Urethra problem in men. The opening of the tube that carries pee outside the body may be on the underside of the penis.",
            "Very little hair -- on both head and face -- and dry or brittle hair."
        ],
        "prevention": [
            "Dental implants for older kids and adults. These are anchors that go into the jaw bone to hold replacement teeth. Younger kids may get dentures, which are replacement teeth that you can easily take out.",
            "Ear tubes. This is done if fluid buildup causes hearing loss and ear infections.",
            "Eye drops for dry eyes.",
            "Gentle wound care for skin erosions. You may also need to clean erosions with a weak bleach solution, such as Dakins solution, to kill germs.",
            "Speech therapy.",
            "Surgery for cleft lip and cleft palate.",
            "Surgery to separate fused eyelids. If the eyelids are joined only in a few small sections, they may come apart on their own without surgery.",
            "Wigs to hide hair loss."
        ]
    },
    {
        "name": "Rash",
        "link": "https://www.webmd.com/skin-problems-and-treatments/guide/common-rashes",
        "symptoms": [
            "Blistering",
            "Redness",
            "Scaly or dry skin",
            "Similarity to hives",
            "Blotchiness",
            "Swelling or inflammation",
            "Itchy skin",
            "Pain",
            "Infection of the areas of broken skin",
            "Shiny, flat-topped bumps",
            "Large affected areas of skin",
            "Circular-shaped affected areas"
        ],
        "prevention": [
            "Reduce stress .",
            "Avoid scratchy materials (for example, wool) and chemicals that can be triggers, such as harsh soaps, detergents, and solvents.",
            "Moisturize often.",
            "Avoid sudden changes in temperature or humidity.",
            "Avoid situations that cause sweating and overheating.",
            "Immediately wash your hands when you come into contact with something you're allergic to."
        ],
        "causes": [
            "Viral or bacterial infections",
            "Skin conditions such as rosacea or eczema",
            "Stress",
            "Skin irritants (including soaps, skin care products, or some fabrics)",
            "Personal and/or family history of allergies, hay fever, or asthma",
            "Allergic to certain medications, including those that treat high blood pressure, heart disease, and arthritis",
            "Triggering agents from other conditions, such as hepatitis B or hepatitis C"
        ]
    },
    {
        "name": "Raynaud's Phenomenon",
        "link": "https://www.webmd.com/arthritis/raynauds-phenomenon",
        "symptoms": [
            "Cold fingers and toes",
            "Your skin might turn white or blue when it’s cold or when you’re stressed. As you warm up, it could turn red.",
            "Your fingers and toes feel tingly or prickly when they start to warm up."
        ],
        "prevention": [
            "Calcium channel blockers. Examples include nifedipine (Afeditab CR, Procardia), amlodipine (Norvasc), felodipine, and isradipine.",
            "Vasodilators. These include the high blood pressure drug losartan (Cozaar), the erectile dysfunction medication sildenafil (Viagra, Revatio), the antidepressant fluoxetine (Prozac, Sarafem), and a class of medications called prostaglandins. Others include a nitroglycerin cream you can put on the base of your fingers to help heal sores."
        ],
        "causes": [
            "Connective tissue diseases. If you have scleroderma, a rare disease that causes your skin to harden and scar, you’ll probably have Raynaud's. Lupus, rheumatoid arthritis, and Sjogren's syndrome also make it more likely.",
            "Artery disease. This includes atherosclerosis, or plaque buildup in the blood vessels that feed your heart; Buerger's disease, which causes inflammation in the blood vessels of your hands and feet; and a primary pulmonary hypertension, a type of high blood pressure that affects the arteries in your lungs.",
            "Carpal tunnel syndrome. Pressure on a major nerve to your hand can cause numbness, pain, and make you more sensitive to the cold.",
            "Repetitive action or vibration. Any movement you make over and over, like typing or playing the piano, can cause an overuse injury. So can using tools that vibrate, like jackhammers.",
            "Smoking. It narrows your blood vessels.",
            "Injuries: This includes damage to your hands or feet from breaks, surgery, or frostbite.",
            "Certain medications. These include high blood pressure treatments like beta-blockers; migraine meds with ergotamine or sumatriptan; ADHD medications; some types of chemotherapy; and drugs that narrow your blood vessels, like over-the-counter cold medications."
        ]
    },
    {
        "name": "Razor Bumps",
        "link": "https://www.webmd.com/skin-problems-and-treatments/what-is-folliculitis",
        "symptoms": [
            "Groups of small bumps like pimples, some with whiteheads on them",
            "Blisters that break open, ooze, and become crusty",
            "Large areas of swollen skin that may leak pus"
        ],
        "prevention": [
            "Wash your skin with warm water and a gentle cleanser.",
            "Apply plenty of gel or shaving cream, not soap, and let it sit 5-10 minutes to soften your hair.",
            "Use a new blade each time you shave so you know it’s clean and sharp; single blades are ideal.",
            "Shave in the direction your hairs grow.",
            "Rinse with warm water and use moisturizing lotion.",
            "Shave only every other day."
        ],
        "causes": [
            "Blockages from skin products, such as moisturizers with oils",
            "A fungus",
            "Hair removal, such as shaving, waxing, and plucking",
            "Ingrown hairs",
            "Other bacteria, such as the kind you might find in a hot tub",
            "Some drugs, such as corticosteroids that are used to ease inflammation"
        ]
    },
    {
        "name": "RCC",
        "link": "https://www.webmd.com/cancer/renal-cell-carcinoma",
        "symptoms": [
            "A lump on your side, belly, or lower back",
            "Blood in your pee",
            "Low back pain on one side",
            "Losing weight for no clear reason",
            "Not feeling hungry",
            "Fever",
            "Feeling tired",
            "Not enough red blood cells (anemia)",
            "Night sweats",
            "High levels of calcium in your blood",
            "High blood pressure"
        ],
        "prevention": [
            "Surgery to remove part or all of the kidney",
            "Biologic drugs, which boost your body’s own defenses to fight cancer cells",
            "Immunotherapy drugs such as interferon-alfa or interleukin-2",
            "Targeted therapy -- treatments that attack specific things cancers need to survive, like a tumor’s blood vessels or certain proteins; these include axitinib (Inlyta), bevacizumab (Avastin), cabozantinib (Cabometyx,  Cometriq), everolimus (Afinitor), lenvatinib (Lenvima), pazopanib (Votrient), sorafenib (Nexavar), sunitinib (Sutent), temsirolimus (Torisel), and tivozanib (Fotivda).",
            "Ablation. This uses extreme cold or radio waves to destroy tumors."
        ],
        "causes": [
            "Smoking",
            "Being very overweight",
            "Taking a lot of pain medicine, like aspirin, ibuprofen, or acetaminophen, for a long time",
            "Having hepatitis C",
            "Exposure to certain dyes, asbestos, cadmium (a metal), herbicides, and solvents",
            "Having acquired cystic kidney disease (especially in dialysis patients)",
            "Some inherited conditions, especially von Hippel-Lindau disease"
        ]
    },
    {
        "name": "Reactive Attachment Disorder",
        "link": "https://www.webmd.com/mental-health/mental-health-reactive-attachment-disorder",
        "symptoms": [
            "Not respond to others with the range of emotions that you’d expect",
            "Not express emotions of conscience, such as remorse, guilt, or regret",
            "Not make eye contact",
            "Avoid physical touch, especially from caregivers",
            "Have tantrums or be more irritable, disobedient, or prone to argue than you’d expect for their age and situation",
            "Be unhappy or sad without a clear cause"
        ],
        "prevention": [
            "Engage often with your child through play and frequent talk, eye contact, and smiles.",
            "Learn to understand your baby’s cues, such as what their different types of cries tell you about how they feel and what they need.",
            "Show warmth and nurture your child when you bathe or feed them or change their diapers.",
            "Respond to your child with a warm tone of voice and with caring facial expressions and physical touches.",
            "Take classes or volunteer with your child so you can build skills to nurture your child."
        ],
        "causes": [
            "Constant disregard of the child's emotional needs for comfort, stimulation, and affection",
            "Constant disregard of the child's basic physical needs",
            "Repeated changes of primary caregivers that prevent them forming stable attachments (for example, frequent changes in foster care)"
        ]
    },
    {
        "name": "Recessive X-linked Ichthyosis",
        "link": "https://www.webmd.com/skin-problems-and-treatments/what-is-ichthyosis",
        "symptoms": [
            "Trunk",
            "Stomach",
            "Buttocks",
            "Legs",
            "Face and scalp"
        ],
        "prevention": [
            "Taking baths or other steps to add moisture to your skin.",
            "Staying cool. Heat and sweat can make it worse.",
            "Use a humidifier to keep heat and air conditioning from drying out your skin.",
            "Wear loose clothes that are cotton or another fabric that doesn't bother your skin.",
            "Avoid laundry detergents or other products with dyes and perfumes."
        ],
        "causes": [
            "Underactive thyroid gland",
            "Kidney disease",
            "Sarcoidosis, a rare disease that causes patches of inflammation inside the body",
            "Cancer such as Hodgkin's lymphoma",
            "HIV infection"
        ]
    },
    {
        "name": "Rectal Cancer",
        "link": "https://www.webmd.com/colorectal-cancer/understanding-colorectal-cancer-basics",
        "causes": [
            "Other diseases. Colorectal cancer is strongly associated with certain other diseases. Those people considered at high risk include anyone with a personal or family history of colon polyps or colon cancer, inflammatory diseases of the colon such as ulcerative colitis or Crohn's disease, and cancers of the pancreas, breast, ovaries, or uterus.",
            "Heredity. As with any cancer, susceptibility to colorectal cancer is at least partly determined by genetic makeup. A few people inherit medical conditions, such as familial adenomatous polyposis (FAP), MYH-associated polyposis (MAP), Gardner's syndrome, Turcot's syndrome, Peutz-Jagher's syndrome, juvenile polyposis, and Cowden's disease. In all of these disorders, colon polyps develop at an early age, and unless treated, these people are at high risk of developing colorectal cancer.",
            "Hereditary nonpolyposis colon cancer. The disease extends from generation to generation and causes a person to develop colon cancer. This disease is associated with other cancers including endometrial, ovarian, stomach, small intestine, pancreas, kidney, ureter, brain, and bile duct.",
            "Diet. Diet also contributes to the risk of colorectal cancer, although the cause-and-effect relationship is still unclear. People whose diets are high in fruits and vegetables seem to have a reduced risk. Many studies implicate animal fat and protein as promoters of colorectal cancer, although researchers are cautious about drawing any definite conclusions. Some studies show that regularly eating red meat, which is rich in saturated fat and protein, increases risk, while others find no connection. Some scientists note that fat is the main culprit, while others suspect protein. Others contend that it's not the fat and protein themselves, but the way they are cooked. They note that fats and protein cooked at high temperatures -- especially when broiled and barbecued -- can produce a host of potentially carcinogenic substances linked to colorectal cancer.",
            "Chemical exposure. Heavy exposure to certain chemicals, including chlorine -- which in small amounts is commonly used to purify drinking water -- may increase the risk of colorectal cancer. Exposure to asbestos is thought to be potentially harmful because it has been implicated in causing the formation of polyps in the colon.",
            "History of certain types of surgery. Surgeries such as ureterosigmoidostomy, which is performed in the treatment of bladder cancer, and a cholecsytecomy (the removal of the gallbladder). Some studies show surgery of the bladder may lead to a risk for colon cancer development, but other studies do not.",
            "History of colon cancer. A prior case of colon cancer increases the risk of a second colon cancer, especially if the first cancer was diagnosed before the age of 60.",
            "Lifestyle. Smoking and alcohol intake of more than 4 drinks per week increases the risk of developing colon cancer.",
            "Family history. Those with a first-degree relative with colorectal cancer have an increased risk of the disease. The risk increases if more than one first-degree relative has colon cancer.",
            "Radiation. Prior radiation increases the risk of cancer to the radiated tissue only."
        ]
    },
    {
        "name": "Rectal Prolapse",
        "link": "https://www.webmd.com/digestive-disorders/what-is-rectal-prolapse",
        "symptoms": [
            "Feeling a bulge outside your anus",
            "Seeing a red mass outside your anal opening",
            "Pain in the anus or rectum",
            "Anal itching",
            "Constipation",
            "Not being able to control when you poop (fecal incontinence)",
            "Bleeding from the rectum",
            "Leaking blood, poop, or mucus from the anus"
        ],
        "prevention": [
            "Increasing your fiber intake by aiming for at least five servings of fruits and veggies each day",
            "Drinking 6-8 glasses of water a day",
            "Getting regular exercise",
            "Keeping your weight at a healthy level or losing weight if you need to"
        ],
        "causes": [
            "Long-term history of diarrhea or constipation",
            "Cystic fibrosis, a condition that causes breathing and stomach problems",
            "Intestinal parasite infection",
            "Chronic coughing or sneezing",
            "Long-term history of having to strain when you poop",
            "Aging, which can lead to weakening of muscles and ligaments in the rectal area",
            "Previous injury to the anal or hip area",
            "Nerve damage that affects your muscles’ ability to tighten and loosen, which could be caused by pregnancy, vaginal childbirth complications, anal sphincter paralysis, or injury to your spine or back",
            "Neurological problems, such as spinal cord disease or spinal cord transection"
        ]
    },
    {
        "name": "Red Measles",
        "link": "https://www.webmd.com/children/vaccines/what-is-measles",
        "symptoms": [
            "Runny nose",
            "Red eyes",
            "Sore throat",
            "Tiny white bumps in your mouth (doctors call these Koplik spots)"
        ],
        "prevention": [
            "A sore, red, or swollen spot where you got the shot",
            "Fever",
            "Mild rash",
            "Temporary pain or stiffness in your joints"
        ],
        "causes": [
            "Aren’t vaccinated, especially if you’re young or pregnant",
            "Have traveled outside the country",
            "Live in an area where many people are unvaccinated",
            "Are low in vitamin A",
            "Have an immunodeficiency due to another condition or medical treatment"
        ]
    },
    {
        "name": "Redwater Fever",
        "link": "https://www.webmd.com/a-to-z-guides/babesiosis-blood-infection",
        "symptoms": [
            "Body aches",
            "Chills",
            "Fatigue",
            "Fever",
            "Headache",
            "Loss of appetite",
            "Sweating"
        ],
        "prevention": [
            "Stay away from overgrown grasses and leaf piles, where ticks are likely to be.",
            "Wear long pants tucked into your socks and a long-sleeve shirt when you're near where ticks thrive.",
            "Wear light-colored clothes so you can easily spot ticks.",
            "Use bug repellant that has DEET in it on your skin and clothing.",
            "Before going indoors, check your clothing and pets for ticks.",
            "Once inside, check your entire body for ticks using a full-length or hand-held mirror.",
            "Remove any ticks with pointed tweezers."
        ]
    },
    {
        "name": "Reflex Neurovascular Dystrophy",
        "link": "https://www.webmd.com/brain/what-is-reflex-sympathetic-dystrophy-syndrome",
        "symptoms": [
            "Amputation",
            "Bruises",
            "Burns",
            "Cuts",
            "Fractures",
            "Minor surgery",
            "Needle sticks",
            "Radiation therapy",
            "Sprains"
        ],
        "prevention": [
            "Anesthetic creams like lidocaine",
            "Antidepressants",
            "Anti-inflammatory drugs, called NSAIDs",
            "Anti-seizure medications that may help treat pain",
            "Nasal spray that treats bone loss",
            "Nerve blocking injections",
            "",
            "Over-the-counter options like aspirin, ibuprofen, or naproxen for pain"
        ]
    },
    {
        "name": "Reflex Sympathetic Dystrophy Syndrome",
        "link": "https://www.webmd.com/brain/what-is-reflex-sympathetic-dystrophy-syndrome",
        "symptoms": [
            "Amputation",
            "Bruises",
            "Burns",
            "Cuts",
            "Fractures",
            "Minor surgery",
            "Needle sticks",
            "Radiation therapy",
            "Sprains"
        ],
        "prevention": [
            "Anesthetic creams like lidocaine",
            "Antidepressants",
            "Anti-inflammatory drugs, called NSAIDs",
            "Anti-seizure medications that may help treat pain",
            "Nasal spray that treats bone loss",
            "Nerve blocking injections",
            "",
            "Over-the-counter options like aspirin, ibuprofen, or naproxen for pain"
        ]
    },
    {
        "name": "Refractory Epilepsy",
        "link": "https://www.webmd.com/epilepsy/refractory-epilepsy",
        "symptoms": [
            "Black out",
            "Lose control of your bowels or bladder",
            "Stare into space",
            "Fall down suddenly",
            "Get stiff muscles",
            "Bite your tongue"
        ],
        "prevention": [
            "Brivaracetam (Briviact)",
            "Cannabidiol (Epidiolex)",
            "Carbamazepine (Carbatrol, Tegretol)",
            "Cenobamate (Xcopri)",
            "Clobazam (Sympazan)",
            "Divalproex (Depakote)",
            "Dilantin (Phenytek)",
            "Eslicarbazepine (Aptiom)",
            "Felbamate (Felbatol)",
            "Gabapentin (Neurontin)",
            "Lamotrigine (Lamictal)",
            "Levetiracetam (Keppra)",
            "Oxcarbazepine (Trileptal)",
            "Perampanel (Fycompa)",
            "Potiga (Ezogabine)",
            "Primidone (Mysoline)",
            "Rufinamide (Banzel)",
            "Tiagabine (Gabitril)",
            "Topiramate (Topamax)",
            "Vigabatrin (Sabril)",
            "Zonisamide (Zonegram)"
        ]
    },
    {
        "name": "Renal Cell Carcinoma",
        "link": "https://www.webmd.com/cancer/renal-cell-carcinoma",
        "symptoms": [
            "A lump on your side, belly, or lower back",
            "Blood in your pee",
            "Low back pain on one side",
            "Losing weight for no clear reason",
            "Not feeling hungry",
            "Fever",
            "Feeling tired",
            "Not enough red blood cells (anemia)",
            "Night sweats",
            "High levels of calcium in your blood",
            "High blood pressure"
        ],
        "prevention": [
            "Surgery to remove part or all of the kidney",
            "Biologic drugs, which boost your body’s own defenses to fight cancer cells",
            "Immunotherapy drugs such as interferon-alfa or interleukin-2",
            "Targeted therapy -- treatments that attack specific things cancers need to survive, like a tumor’s blood vessels or certain proteins; these include axitinib (Inlyta), bevacizumab (Avastin), cabozantinib (Cabometyx,  Cometriq), everolimus (Afinitor), lenvatinib (Lenvima), pazopanib (Votrient), sorafenib (Nexavar), sunitinib (Sutent), temsirolimus (Torisel), and tivozanib (Fotivda).",
            "Ablation. This uses extreme cold or radio waves to destroy tumors."
        ],
        "causes": [
            "Smoking",
            "Being very overweight",
            "Taking a lot of pain medicine, like aspirin, ibuprofen, or acetaminophen, for a long time",
            "Having hepatitis C",
            "Exposure to certain dyes, asbestos, cadmium (a metal), herbicides, and solvents",
            "Having acquired cystic kidney disease (especially in dialysis patients)",
            "Some inherited conditions, especially von Hippel-Lindau disease"
        ]
    },
    {
        "name": "Rheumatic Chorea",
        "link": "https://www.webmd.com/a-to-z-guides/understanding-rheumatic-fever-basics",
        "symptoms": [
            "Swollen, tender, red, and extremely painful joints -- especially the knees, ankles, elbows, or wrists",
            "Fever",
            "A red, raised, lattice-like rash, usually on the chest, back, and abdomen",
            "Nodules, or small bumps, over the swollen joints",
            "Chest pain, fast heartbeat, or shortness of breath (caused by heart involvement)",
            "Jerky movements of arms, legs, or facial muscles that you can't control (called chorea)"
        ],
        "prevention": [
            "Valve stenosis, or a narrowing of the heart valve, which limits blood flow through the valve",
            "Valve regurgitation, which is when blood flows backward across a heart valve due to an improperly closing valve flap",
            "Heart muscle damage caused by swelling from rheumatic fever, which affects how well your heart pumps",
            "Irregular heartbeat, known as atrial fibrillation (AFib), which is caused by damage to the heart valves and other parts of your heart"
        ]
    },
    {
        "name": "RHS",
        "link": "https://www.webmd.com/a-to-z-guides/rapp-hodgkin-syndrome",
        "symptoms": [
            "Cleft lip. This is when the upper lip doesn’t fully form and has an opening in it.",
            "Cleft palate. With this, there’s an opening in the roof of the mouth.",
            "Fewer sweat glands or none at all. People with this symptom can’t sweat as much and may easily feel overheated.",
            "Fused eyelids. This means they are joined partly or totally together. There may also be problems with the tear ducts, which can lead to dry eyes and pinkeye.",
            "Growth problems. Weight gain issues, too.",
            "Hearing loss. This can lead to delays in learning to talk.",
            "Missing or unusually shaped nails.",
            "Skin erosion. This is loss of skin in some areas. It can be life-threatening in infants.",
            "Teeth problems. These can include missing teeth, wide gaps between teeth, cone-shaped teeth, and thin enamel (the hard outer covering of the teeth).",
            "Urethra problem in men. The opening of the tube that carries pee outside the body may be on the underside of the penis.",
            "Very little hair -- on both head and face -- and dry or brittle hair."
        ],
        "prevention": [
            "Dental implants for older kids and adults. These are anchors that go into the jaw bone to hold replacement teeth. Younger kids may get dentures, which are replacement teeth that you can easily take out.",
            "Ear tubes. This is done if fluid buildup causes hearing loss and ear infections.",
            "Eye drops for dry eyes.",
            "Gentle wound care for skin erosions. You may also need to clean erosions with a weak bleach solution, such as Dakins solution, to kill germs.",
            "Speech therapy.",
            "Surgery for cleft lip and cleft palate.",
            "Surgery to separate fused eyelids. If the eyelids are joined only in a few small sections, they may come apart on their own without surgery.",
            "Wigs to hide hair loss."
        ]
    },
    {
        "name": "Rickets",
        "link": "https://www.webmd.com/diet/guide/vitamin-d-deficiency",
        "symptoms": [
            "Increased risk of death from cardiovascular disease",
            "Cognitive impairment in older adults",
            "Severe asthma in children",
            "Cancer"
        ]
    },
    {
        "name": "Rickets, Vitamin D Deficiency",
        "link": "https://www.webmd.com/diet/guide/vitamin-d-deficiency",
        "symptoms": [
            "Increased risk of death from cardiovascular disease",
            "Cognitive impairment in older adults",
            "Severe asthma in children",
            "Cancer"
        ]
    },
    {
        "name": "Ringed Eruption (Granuloma Annulare)",
        "link": "https://www.webmd.com/skin-problems-and-treatments/guide/common-rashes",
        "symptoms": [
            "Blistering",
            "Redness",
            "Scaly or dry skin",
            "Similarity to hives",
            "Blotchiness",
            "Swelling or inflammation",
            "Itchy skin",
            "Pain",
            "Infection of the areas of broken skin",
            "Shiny, flat-topped bumps",
            "Large affected areas of skin",
            "Circular-shaped affected areas"
        ],
        "prevention": [
            "Reduce stress .",
            "Avoid scratchy materials (for example, wool) and chemicals that can be triggers, such as harsh soaps, detergents, and solvents.",
            "Moisturize often.",
            "Avoid sudden changes in temperature or humidity.",
            "Avoid situations that cause sweating and overheating.",
            "Immediately wash your hands when you come into contact with something you're allergic to."
        ],
        "causes": [
            "Viral or bacterial infections",
            "Skin conditions such as rosacea or eczema",
            "Stress",
            "Skin irritants (including soaps, skin care products, or some fabrics)",
            "Personal and/or family history of allergies, hay fever, or asthma",
            "Allergic to certain medications, including those that treat high blood pressure, heart disease, and arthritis",
            "Triggering agents from other conditions, such as hepatitis B or hepatitis C"
        ]
    },
    {
        "name": "Ringworm",
        "link": "https://www.webmd.com/skin-problems-and-treatments/what-you-should-know-about-ringworm",
        "symptoms": [
            "From another person. Ringworm often spreads by skin-to-skin contact.",
            "From your pets. Rubbing or grooming Sparky? Wash your hands when you’re finished. It’s also very common in cows.",
            "By touching objects. The fungus that causes ringworm can linger on surfaces, clothes, towels, and in combs and brushes.",
            "From soil. If you’re working or standing barefoot in soil that’s infected with the fungus that causes ringworm, you can get it, too."
        ],
        "prevention": [
            "Keep your skin clean and dry.",
            "Wear flip-flops in locker rooms and public showers.",
            "Change your socks and underwear at least once each day.",
            "Don’t share clothes or towels with someone who has ringworm.",
            "If you play sports, keep your gear and uniform clean -- and don’t share them with other players.",
            "Wash your hands with soap and water after playing with pets. If your pets have ringworm, see your vet."
        ]
    },
    {
        "name": "Ringworm of the Scalp or Beard",
        "link": "https://www.webmd.com/skin-problems-and-treatments/what-you-should-know-about-ringworm",
        "symptoms": [
            "From another person. Ringworm often spreads by skin-to-skin contact.",
            "From your pets. Rubbing or grooming Sparky? Wash your hands when you’re finished. It’s also very common in cows.",
            "By touching objects. The fungus that causes ringworm can linger on surfaces, clothes, towels, and in combs and brushes.",
            "From soil. If you’re working or standing barefoot in soil that’s infected with the fungus that causes ringworm, you can get it, too."
        ],
        "prevention": [
            "Keep your skin clean and dry.",
            "Wear flip-flops in locker rooms and public showers.",
            "Change your socks and underwear at least once each day.",
            "Don’t share clothes or towels with someone who has ringworm.",
            "If you play sports, keep your gear and uniform clean -- and don’t share them with other players.",
            "Wash your hands with soap and water after playing with pets. If your pets have ringworm, see your vet."
        ]
    },
    {
        "name": "RLF",
        "link": "https://www.webmd.com/eye-health/retinopathy-prematurity-facts",
        "symptoms": [
            "Laser surgery. Small laser beams are used to treat the sides of the retina. This stops the growth of abnormal blood vessels. It takes 30-45 minutes per eye. This is the most common way ROP is treated, and it's been done safely for many years. But your baby may lose some or all of their peripheral (side) vision.",
            "Cryotherapy. Instead of burning away the scars, freezing cold temperatures are used to stop more blood vessels from spreading on the retina. This is an older form of ROP treatment. It also causes a loss of side vision.",
            "Injection. A newer way to treat ROP is to put an anti-cancer drug into each eye. Bevacizumab (Avastin), or a similar medication, blocks new growth of blood vessels in tumors, and it can do the same in eyes. This treatment is promising, but more research is needed to make sure there aren't long-term side effects. It's also unclear whether the ROP may come back over time."
        ],
        "prevention": [
            "Laser surgery. Small laser beams are used to treat the sides of the retina. This stops the growth of abnormal blood vessels. It takes 30-45 minutes per eye. This is the most common way ROP is treated, and it's been done safely for many years. But your baby may lose some or all of their peripheral (side) vision.",
            "Cryotherapy. Instead of burning away the scars, freezing cold temperatures are used to stop more blood vessels from spreading on the retina. This is an older form of ROP treatment. It also causes a loss of side vision.",
            "Injection. A newer way to treat ROP is to put an anti-cancer drug into each eye. Bevacizumab (Avastin), or a similar medication, blocks new growth of blood vessels in tumors, and it can do the same in eyes. This treatment is promising, but more research is needed to make sure there aren't long-term side effects. It's also unclear whether the ROP may come back over time."
        ]
    },
    {
        "name": "RLS (Restless Legs Syndrome)",
        "link": "https://www.webmd.com/brain/restless-legs-syndrome/restless-legs-syndrome-rls",
        "symptoms": [
            "Chronic diseases. Certain long-term medical conditions include RLS symptoms, including iron deficiency, Parkinson’s disease, kidney failure or renal disease, diabetes, and peripheral neuropathy. Damage to the spinal cord may also make RLS more likely.",
            "Medications. Some drugs might make symptoms worse, including anti-nausea meds, antipsychotics, some antidepressants, and cold and allergy medications that have antihistamines.",
            "Pregnancy. Some women have RLS during pregnancy, especially in the last trimester. Symptoms usually go away within a month after delivery.",
            "Lifestyle. A lack of sleep or another sleep disorder like apnea can trigger symptoms or make them worse. So can alcohol, tobacco, and caffeine use."
        ],
        "prevention": [
            "Leg massages",
            "Hot baths",
            "Heating pads or ice packs on your legs"
        ]
    },
    {
        "name": "ROP",
        "link": "https://www.webmd.com/eye-health/retinopathy-prematurity-facts",
        "symptoms": [
            "Laser surgery. Small laser beams are used to treat the sides of the retina. This stops the growth of abnormal blood vessels. It takes 30-45 minutes per eye. This is the most common way ROP is treated, and it's been done safely for many years. But your baby may lose some or all of their peripheral (side) vision.",
            "Cryotherapy. Instead of burning away the scars, freezing cold temperatures are used to stop more blood vessels from spreading on the retina. This is an older form of ROP treatment. It also causes a loss of side vision.",
            "Injection. A newer way to treat ROP is to put an anti-cancer drug into each eye. Bevacizumab (Avastin), or a similar medication, blocks new growth of blood vessels in tumors, and it can do the same in eyes. This treatment is promising, but more research is needed to make sure there aren't long-term side effects. It's also unclear whether the ROP may come back over time."
        ],
        "prevention": [
            "Laser surgery. Small laser beams are used to treat the sides of the retina. This stops the growth of abnormal blood vessels. It takes 30-45 minutes per eye. This is the most common way ROP is treated, and it's been done safely for many years. But your baby may lose some or all of their peripheral (side) vision.",
            "Cryotherapy. Instead of burning away the scars, freezing cold temperatures are used to stop more blood vessels from spreading on the retina. This is an older form of ROP treatment. It also causes a loss of side vision.",
            "Injection. A newer way to treat ROP is to put an anti-cancer drug into each eye. Bevacizumab (Avastin), or a similar medication, blocks new growth of blood vessels in tumors, and it can do the same in eyes. This treatment is promising, but more research is needed to make sure there aren't long-term side effects. It's also unclear whether the ROP may come back over time."
        ]
    },
    {
        "name": "Rosacea",
        "link": "https://www.webmd.com/skin-problems-and-treatments/understanding-rosacea-basics",
        "symptoms": [
            "Stinging and burning of your skin",
            "Red or pus-filled bumps that may resemble pimples",
            "Patches of rough, dry skin",
            "A swollen, bulb-shaped nose",
            "Larger pores",
            "Broken blood vessels on your eyelids",
            "Bumps on your eyelids",
            "Problems with your vision"
        ],
        "prevention": [
            "Azelaic acid,  a gel or foam that clears up bumps, swelling, and redness. It also stops bacteria growth on your skin.",
            "Brimonidine (Mirvaso), a gel that tightens blood vessels in the skin to get rid of some of your redness",
            "Calcineurin inhibitors such as pimecrolimus and tacrolimus",
            "Clindamycin (Cleocin, Clindagel, ClindaMax), an antibiotic that kills bacteria on your skin",
            "Erythromycin (Erygel), another antibiotic",
            "Ivermectin (Soolantra), which reduces inflammation",
            "Metronidazole (Flagyl) and doxycycline, also antibiotics",
            "Oxymetazoline (Rhofade), a cream",
            "Sodium sulfacetamide and sulfur (Avar, Sulfacet, Clenia, Plexion), antibiotics"
        ],
        "causes": [
            "Have light skin, blond hair, and blue eyes",
            "Are between ages 30 and 50",
            "Are female (or were designated as female at birth)",
            "Have family members with rosacea",
            "Had severe acne",
            "Smoke"
        ]
    },
    {
        "name": "Rotator Cuff Disorders",
        "link": "https://www.webmd.com/pain-management/what-is-my-rotator-cuff",
        "symptoms": [
            "Dull pain in your shoulder",
            "Weakness in your arm",
            "Trouble sleeping",
            "Pain that appears when you touch your head or reach behind your back"
        ],
        "prevention": [
            "Before starting your exercise program, take stock of the range of motion in your shoulder. This will help you rate your progress.",
            "Begin your exercises slowly. Stop when you start to feel pain.",
            "Warm up for 10 minutes before starting your exercises with a low-impact activity such as cycling on a stationary bike or walking.",
            "Practice good posture in your shoulders: While sitting or standing, focus on pulling them down and holding them down.",
            "Ice your shoulder for about 20 minutes a day."
        ]
    },
    {
        "name": "RP",
        "link": "https://www.webmd.com/eye-health/what-is-retinitis-pigmentosa",
        "symptoms": [
            "Ophthalmoscope: The doctor will put drops into your eyes to make your pupil wider to get a better look at your retina. They will use a handheld tool to look into the back of your eye. If you have RP, there will be specific kinds of dark spots on your retina.",
            "Visual field test: You’ll look through a tabletop machine at a point in the center of your vision. While staring at that point, objects or lights will appear to the side. You’ll press a button when you see them, and the machine will create a map of how far to the side you can see.",
            "Electroretinogram: The eye doctor will put a film of gold foil or a special contact lens on your eye. Then they will measure how your retina responds to flashes of light.",
            "Genetic test: You'll submit a DNA sample to find out which form of RP you have."
        ],
        "prevention": [
            "Acetazolamide: In the later stages, the tiny area at the center of your retina can swell. This is called macular edema, and it, too, can reduce your vision. This medication can ease swelling and improve your vision.",
            "Vitamin A palmitate: High doses of this compound may slow retinitis pigmentosa a little each year. But you have to be careful because too much can be toxic. Work closely with your doctor and follow their recommendations.",
            "Sunglasses: These make your eyes less sensitive to light and protect your eyes from harmful ultraviolet rays that may speed vision loss.",
            "Retinal implant: If you have late-stage RP, you may be a candidate for a retinal implant that could provide partial sight. Argus II is the implant available in the US. It’s implanted into a single eye and paired with glasses equipped with a camera. Images are converted to electrical pulses that are sent to the retina. Many were able to locate lights and windows. Some were able to determine where other people were located in a room and about half of the subjects were able to read letters that were about 9 inches high."
        ]
    },
    {
        "name": "RS",
        "link": "https://www.webmd.com/brain/autism/rett-syndrome",
        "symptoms": [
            "Less of a reaction to pain than usual",
            "Small hands and feet that often get cold",
            "Trouble chewing and swallowing",
            "Grinding teeth",
            "Bowel problems"
        ],
        "prevention": [
            "Rett Syndrome",
            "Disorders Similar to Autism"
        ],
        "causes": [
            "Rett syndrome usually happens in girls, while autism spectrum disorder is much more common in boys.",
            "Some symptoms of Rett syndrome don’t happen with autism spectrum disorder. These include slowed rate of head growth, loss of hand skills, less mobility, and irregular breathing.",
            "A child with Rett syndrome usually prefers people more than objects and likes when you show them affection. The opposite can be true in a child with autism spectrum disorder."
        ]
    },
    {
        "name": "RSDS",
        "link": "https://www.webmd.com/brain/what-is-reflex-sympathetic-dystrophy-syndrome",
        "symptoms": [
            "Amputation",
            "Bruises",
            "Burns",
            "Cuts",
            "Fractures",
            "Minor surgery",
            "Needle sticks",
            "Radiation therapy",
            "Sprains"
        ],
        "prevention": [
            "Anesthetic creams like lidocaine",
            "Antidepressants",
            "Anti-inflammatory drugs, called NSAIDs",
            "Anti-seizure medications that may help treat pain",
            "Nasal spray that treats bone loss",
            "Nerve blocking injections",
            "",
            "Over-the-counter options like aspirin, ibuprofen, or naproxen for pain"
        ]
    },
    {
        "name": "RSV Infection",
        "link": "https://www.webmd.com/lung/rsv-in-babies",
        "symptoms": [
            "A high-pitched whistling or wheezing noise when they breathe",
            "Being unusually upset or inactive",
            "A cough with yellow, green, or gray mucus",
            "Trouble breathing or pauses in their breaths",
            "Refusing to breastfeed or bottle-feed",
            "Signs of dehydration: lack of tears when crying, little or no urine in their diaper for 6 hours, and cool, dry skin"
        ],
        "prevention": [
            "Remove sticky nasal fluids with a bulb syringe and saline drops.",
            "Use a cool-mist vaporizer to keep the air moist and make breathing easier.",
            "Give your little one fluids in small amounts throughout the day.",
            "Use non-aspirin fever-reducers such as acetaminophen. Check the label and follow all directions carefully."
        ],
        "causes": [
            "Babies born prematurely",
            "Children younger than 2 who were born with heart or lung disease",
            "Infants and young children whose immune systems are weakened because of illness or medical treatment",
            "Children under 8 to 10 weeks old"
        ]
    },
    {
        "name": "RTS -- Rett Syndrome",
        "link": "https://www.webmd.com/brain/autism/rett-syndrome",
        "symptoms": [
            "Less of a reaction to pain than usual",
            "Small hands and feet that often get cold",
            "Trouble chewing and swallowing",
            "Grinding teeth",
            "Bowel problems"
        ],
        "prevention": [
            "Rett Syndrome",
            "Disorders Similar to Autism"
        ],
        "causes": [
            "Rett syndrome usually happens in girls, while autism spectrum disorder is much more common in boys.",
            "Some symptoms of Rett syndrome don’t happen with autism spectrum disorder. These include slowed rate of head growth, loss of hand skills, less mobility, and irregular breathing.",
            "A child with Rett syndrome usually prefers people more than objects and likes when you show them affection. The opposite can be true in a child with autism spectrum disorder."
        ]
    },
    {
        "name": "Rubella (German Measles)",
        "link": "https://www.webmd.com/a-to-z-guides/what-is-rubella",
        "symptoms": [
            "A mild fever -- from 99 F to 100 F",
            "Swollen and pink-colored eyes (conjunctivitis)",
            "Headache",
            "Swollen glands behind the ears and on the neck",
            "Stuffy, runny nose",
            "Cough",
            "Sore joints (more common in young women)",
            "General discomfort",
            "Swollen and enlarged lymph nodes"
        ],
        "prevention": [
            "What are the long term effects of rubella? Some women or people assigned female at birth may have arthritis.",
            "What happens if a pregnant woman is exposed to rubella? If you're pregnant and are not vaccinated, your unborn baby is at risk for health concerns like growth delays, deafness, and developmental issues. Some people who get rubella during pregnancy have a miscarriage. In other cases, the baby doesn't survive long after birth.",
            "When are you contagious with rubella? If you have rubella, you're contagious for about 1 week before the rash begins to 1 week after the rash disappears.",
            "How is the rubella virus transmitted? The rubella virus can be passed when an infected person coughs or sneezes or when contact is made with mucus from their nose or throat. People who are pregnant can pass it on to their child through their blood."
        ],
        "causes": [
            "Heart defects",
            "Cataracts",
            "Deafness",
            "Delayed learning",
            "Liver and spleen damage",
            "Diabetes",
            "Thyroid problems"
        ]
    },
    {
        "name": "Rubeola (Measles)",
        "link": "https://www.webmd.com/children/vaccines/what-is-measles",
        "symptoms": [
            "Runny nose",
            "Red eyes",
            "Sore throat",
            "Tiny white bumps in your mouth (doctors call these Koplik spots)"
        ],
        "prevention": [
            "A sore, red, or swollen spot where you got the shot",
            "Fever",
            "Mild rash",
            "Temporary pain or stiffness in your joints"
        ],
        "causes": [
            "Aren’t vaccinated, especially if you’re young or pregnant",
            "Have traveled outside the country",
            "Live in an area where many people are unvaccinated",
            "Are low in vitamin A",
            "Have an immunodeficiency due to another condition or medical treatment"
        ]
    },
    {
        "name": "Russian Autumnal Encephalitis",
        "link": "https://www.webmd.com/a-to-z-guides/understanding-encephalitis-basics",
        "symptoms": [
            "Fatigue or loss of energy",
            "Fever, especially a high fever",
            "Headache that can be severe",
            "Sensitivity to light and sound",
            "Mild-to-moderate neck stiffness",
            "Drowsiness or loss of consciousness",
            "Irritability, anxiety, and behavioral or personality changes",
            "Hallucinations"
        ],
        "prevention": [
            "Avoid being outside between dusk and dawn when mosquitoes are most likely to bite you. If do have to be out then, wear long-sleeved shirts and long pants. Make sure mosquitoes can't get into your house through broken screens and windows. Also, run a fan, which can keep mosquitos moving around so they're less likely to land on and bite you.",
            "Wear long-sleeved shirts and long pants when you're in wooded areas with tall grasses and shrubs, where ticks like to hang out. Check yourself, your kids, and your pets for ticks when they come inside during tick season (this can be year-round for people in the U.S. South and on the West Coast, but for most of the U.S., it's early spring to winter).",
            "Use bug repellent and insecticide. You can use the mosquito repellent DEET on both your skin and clothes. The U.S. Environmental Protection Agency (EPA) recommends spraying your clothes, tents, and outdoor gear with products that contain permethrin to repel and kill both mosquitoes and ticks. Don't spray permethrin on your skin, though.",
            "For infants younger than 2 months, you can't use insect repellent, so cover their carrier or stroller with mosquito netting. For infants and children older than 2 months old, you can use 10%-30% DEET products. Don't use a combined sunscreen and DEET product because you'll need to reapply sunscreen for a full day of outside play. Reapplying a DEET-containing product can expose your child to high levels of DEET.",
            "Get rid of standing water outside your house. Mosquitoes lay their eggs in standing water. Common problem areas for standing water are old flowerpots, flat roofs, old tires, and clogged gutters.",
            "Report any sick or dying birds or small animals to your local health department. They could be infected with viruses such as West Nile virus that cause encephalitis."
        ],
        "causes": [
            "Herpes viruses, which include HSV (especially HSV-1), chickenpox, cytomegalovirus, and Epstein-Barr virus",
            "Viruses that are transmitted through bugbites, such as West Nile virus, Dengue virus, and Eastern equine encephalitis virus",
            "Viruses that cause childhood infections, such as measles, mumps, and Rubella"
        ]
    }
]