[
    {
        "name": "Sacrococcygeal Chordoma",
        "link": "https://www.webmd.com/cancer/what-is-chordoma",
        "symptoms": [
            "Abnormal eye movements",
            "Changes to your voice or speech",
            "Double vision",
            "Headache",
            "Loss of feeling and movement in your face",
            "Neck pain",
            "Trouble swallowing"
        ],
        "prevention": [
            "Your age",
            "Your health",
            "Size of the tumor",
            "Where the tumor is"
        ]
    },
    {
        "name": "SAD (Seasonal Affective Disorder)",
        "link": "https://www.webmd.com/depression/guide/seasonal-affective-disorder",
        "symptoms": [
            "Less appetite",
            "Trouble sleeping",
            "Weight loss"
        ],
        "causes": [
            "Feeling sad, cranky, or hopeless",
            "Less energy",
            "Trouble concentrating",
            "Fatigue",
            "Greater appetite",
            "More desire to be alone",
            "Thoughts of suicide",
            "Weight gain"
        ]
    },
    {
        "name": "Safe Food Handling",
        "link": "https://www.webmd.com/food-recipes/food-poisoning/food-poisoning-basics",
        "symptoms": [
            "Avoid solid foods until vomiting ends. Then eat light, bland foods, such as saltine crackers, bananas, rice, or bread.",
            "Sipping liquids may help avoid vomiting.",
            "Don’t eat fried, greasy, spicy, or sweet foods.",
            "Don’t take anti-nausea or anti-diarrhea medication without asking your doctor. They have side effects and may make some kinds of diarrhea worse. Your doctor may give you anti-nausea medication if you are at risk of being dehydrated."
        ],
        "prevention": [
            "Sushi and other raw seafoods and partly cooked shellfish like mussels, clams, and scallops.",
            "Refrigerated smoked seafood. These usually have labels that say “Nova-style,” “lox,” “kippered,” “jerky,” or “smoked.” Smoked seafood should be safe if you cook it well or if it has been canned or stored on a shelf.",
            "Unpasteurized juice and cider, including fresh-squeezed. These drinks can be safe if you boil them for 1 minute.",
            "Soft cheeses (Brie and Camembert), blue-veined cheeses (Roquefort) and Mexican-style cheeses (queso blanco, queso fresco, Panela). These are often made from unpasteurized milk, especially when they’re sold at farmer’s markets. Feta is also often made with raw milk. Stick with hard cheeses like cheddar or Swiss.",
            "Raw or partly cooked eggs. That means staying away from cookie and cake batter (not even a lick of the spoon). Same for homemade eggnog, tiramisu, Caesar dressing, hollandaise sauce, and ice cream. If you buy one of these products at the store, check the label to make sure it doesn’t contain raw eggs. At home, cook eggs until the yolk is hard.",
            "Raw or undercooked sprouts such as alfalfa, clover, mung beans, and radishes.",
            "Premade salads from the deli that contain meat or seafood. Canned versions are safe.",
            "Pâtés or meat spreads that have been refrigerated (they may be unpasteurized).",
            "Hot dogs, cold cuts, and luncheon and deli meats, even if they’re labeled cooked. Eat them only after you’ve reheated them steaming hot. Make sure no juices from these products end up on your hands or on plates, utensils, or counters."
        ],
        "causes": [
            "E. coli, a type of bacteria found in the intestines of animals. You can get this from undercooked ground beef, unpasteurized milk, sprouts, or any food or liquid that has had contact with animal feces or sewage. Some strains are harmless. Others can make you very sick.",
            "Listeria is an unusual bacteria that can grow in cold temperatures such as in the refrigerator. It's found in smoked fish, raw (unpasteurized) cheeses, ice cream, pates, hot dogs, and deli meats. Typically, symptoms start within 24 hours of eating the product and you have short-lived gastroenteritis with watery diarrhea, nausea, vomiting, and sometimes fever. That said, it can be much more serious in older people, pregnant women, or those with weakened immune systems. The bacteria can enter the bloodstream and central nervous system and cause an infection called listeriosis. This usually happens within 10 days to a month after exposure. In addition to diarrhea and vomiting, listeria can cause unusual symptoms, including weakness, confusion, and a stiff neck. It can also be deadly. If you have any of these symptoms, call your doctor right away."
        ]
    },
    {
        "name": "Safe Sex",
        "link": "https://www.webmd.com/sexual-conditions/sexual-health-stds",
        "symptoms": [
            "Bumps, sores, or warts near the mouth, anus, penis, or vagina",
            "Swelling or redness near the penis or vagina",
            "Skin rash",
            "Painful or swollen testicles",
            "Lower abdominal pain",
            "Fever",
            "Painful urination",
            "Weight loss, loose stools, night sweats",
            "Aches, pains, fever, and chills",
            "Yellowing of the skin (jaundice)",
            "Discharge from the penis or vagina. Vaginal discharge may have an odor.",
            "Bleeding from the vagina other than during a monthly period",
            "Painful sex",
            "Severe itching near the penis or vagina"
        ],
        "prevention": [
            "Check the expiration date.",
            "Put your condom on before you have sex.",
            "Make sure to check for any tears.",
            "Store condoms in a cool, dry place."
        ],
        "causes": [
            "Parasites",
            "Bacteria",
            "Viruses"
        ]
    },
    {
        "name": "Safety, Baby and Toddler",
        "link": "https://www.webmd.com/parenting/guide/baby-safety",
        "prevention": [
            "NEVER put strings or cords around your baby's neck (such as to hold a pacifier) or near your baby's crib. Be cautious of strings or buttons on clothing; make sure they are not in danger of choking your baby.",
            "Secure cords on blinds and drapes out of reach to prevent accidental strangulation.",
            "Put away small objects -- even display items -- that can cause injury or choking if swallowed."
        ]
    },
    {
        "name": "Salmonellosis",
        "link": "https://www.webmd.com/food-recipes/food-poisoning/what-is-salmonella",
        "symptoms": [
            "Cramps in your stomach",
            "Bloody poop",
            "Diarrhea",
            "Cold and chills",
            "Fever",
            "Headache",
            "Upset stomach",
            "Throwing up"
        ],
        "prevention": [
            "Don’t eat raw or barely cooked eggs or meat.",
            "Don’t eat or drink anything with unpasteurized milk or juice.",
            "Don’t wash raw poultry, meat, or eggs before cooking.",
            "Wash raw fruits and vegetables well, and peel them if possible.",
            "Don’t prepare food for other people if you’re vomiting or have diarrhea.",
            "Refrigerate food properly, both before cooking it and after serving it.",
            "Wash your hands well with soap and warm water before and after handling food.",
            "Keep kitchen surfaces clean before preparing food on them.",
            "Don’t mix cooked food with raw food or use the same utensils to prepare them. For example, don’t use the same knife to cut raw chicken and then to slice mushrooms, and use different plates or cutting boards to slice them on.",
            "Cook meat to its correct minimum temperature. Use a food thermometer to be sure.",
            "Wash your hands with soap and water after touching animals, their toys, and their bedding."
        ],
        "causes": [
            "Raw and undercooked meat, including chicken, turkey, duck, beef, veal, and pork",
            "Raw fruits or vegetables",
            "Unpasteurized milk and other dairy products, including soft cheese, ice cream, and yogurt",
            "Raw or undercooked eggs",
            "Processed foods like chicken nuggets and nut butters"
        ]
    },
    {
        "name": "Sarcoidosis",
        "link": "https://www.webmd.com/lung/arthritis-sarcoidosis",
        "symptoms": [
            "Fever",
            "Fatigue",
            "Swollen, painful joints",
            "Achy or weak muscles",
            "Swollen lymph nodes",
            "Unexplained weight loss",
            "Kidney stones",
            "Night sweats"
        ],
        "prevention": [
            "Physical therapyto reduce fatigue and improve strength",
            "Pulmonary rehabilitation to improve breathing",
            "Implantationof a cardiac pacemaker or defibrillator for heart rhythm problems",
            "Organ transplantif sarcoidosis has severely damaged your heart, lungs, or liver"
        ],
        "causes": [
            "Your symptoms",
            "The presence of granulomas",
            "The lack of other explanations"
        ]
    },
    {
        "name": "SARS (Severe Acute Respiratory Syndrome)",
        "link": "https://www.webmd.com/lung/lung-what-is-sars",
        "symptoms": [
            "A fever over 100.4 F (38 C)",
            "Chills",
            "Muscle aches",
            "Shortness of breath"
        ],
        "prevention": [
            "Wash your hands often with soap and water, or use an alcohol-based hand sanitizer.",
            "Don’t touch your eyes, nose, or mouth with dirty hands.",
            "Wear disposable gloves if you have contact with someone’s pee, poop, saliva, or other body fluids.",
            "Wipe surfaces like countertops with disinfectants, and wash personal items with soap and hot water.",
            "If you’re around someone with SARS, wear a surgical mask to cover your nose and mouth.",
            "Don't share eating and drinking utensils, towels, or bedding with someone who has SARS, unless you've washed the items first with soap and hot water.",
            "If you're talking to someone with SARS, stay at least 3 feet away.",
            "Keep children home from school if they get a fever or breathing problems."
        ]
    },
    {
        "name": "Scarlet Fever",
        "link": "https://www.webmd.com/a-to-z-guides/understanding-scarlet-fever-basics",
        "symptoms": [
            "Fever, with or without chills",
            "Sore, red throat that may have white blotches",
            "Swollen glands in the neck",
            "Headache or body aches",
            "Nausea, vomiting and abdominal pain",
            "Red, swollen tongue that may be bumpy or have a whitish coating",
            "Flushed face with pale ring around the mouth",
            "Deep red coloring in the creases of the arms, legs, neck and groin"
        ],
        "prevention": [
            "Over-the-counter medicines like acetaminophen and ibuprofen can help with pain and fever. But never give aspirin to children or teens.",
            "If your child is 4 or older, soothing drops can help with throat pain.",
            "Have soft foods, cold drinks, or ice pops while your throat is sore.",
            "Drink plenty of liquids. They’ll help keep your throat or your child's throat moist and stop dehydration.",
            "Gargle with salt water to help with mouth and throat pain.",
            "Add moisture to the air in your home. Use a cool mist humidifier.",
            "If the rash itches, try an over-the-counter anti-itch cream, and keep your child’s nails trimmed so they don’t hurt themselves scratching."
        ]
    },
    {
        "name": "Scars",
        "link": "https://www.webmd.com/skin-problems-and-treatments/scars",
        "prevention": [
            "Topical treatments, such as vitamin E, cocoa butter cream, silicone gel,onion extract products, and several commercial skin care products like Vaseline and Aquaphor that are sold over the counter may be somewhat effective in helping to heal scars.",
            "Surgery. Although it will not remove a scar, surgery can be used to alter a scar's shape or make it less noticeable. Surgery is not recommended in cases of hypertrophic or keloid scarring (raised scars) because there is a risk of recurring scars as well as more severe scarring that results from the treatment.",
            "Steroid injections. A course of steroid injections into a scar may help flatten it. Injections may help to soften the appearance of keloid or hypertrophic scars. 5-fluorouracil  (5-FU) or bleomycin can be injected into scars to reduce the size of the scar and ease itchiness and pain.",
            "Radiotherapy. Low-dose, superficial radiotherapy is used to prevent recurrence of severe keloid and hypertrophic scarring. This treatment is used only in extreme cases because of potential long-term side effects.",
            "Dermabrasion. This treatment involves the removal of the surface of the skin with special equipment. Dermabrasion is useful to blend in the irregularities of a scar whether it is raised or depressed.",
            "Microdermabrasion is a much less invasive form of dermabrasion but is minimally useful for very superficial scars.",
            "Laser resurfacing. This procedure, similar to dermabrasion, removes the surface layers of the skin using different types of lasers. Newer types of lasers may achieve more subtle results by working on the collagen in the dermis without removing the upper layers of skin. This advancement results in little down time as opposed to traditional laser resurfacing and dermabrasion, which requires a longer recovery.",
            "Filler injections. These treatments can be used to raise sunken scars to the level of surrounding skin. The effects of these injections are only temporary, however, and the procedures may need to be regularly repeated. Newer forms of injectable fillers are now on the market and may be an option for some people.",
            "Microneedling. Many small puncture holes are made into the superficial skin to stimulate collagen production and even introduce collagen stimulators or other products to try to reduce the appearance of scars.",
            "Cryosurgery freezes the scar to reduce the size of the scar, and reduce pain, itchiness, hardness and discoloration. This may be combined with steroid or 5-FU injections."
        ]
    },
    {
        "name": "Schereshevkii-Turner Syndrome",
        "link": "https://www.webmd.com/children/what-is-turner-syndrome",
        "symptoms": [
            "A wide or weblike neck with extra folds of skin",
            "Receding or small lower jaw and a high, narrow roof of the mouth (palate)",
            "Low-set ears and a low hairline",
            "Broad chest with widely spaced nipples",
            "Arms that turn outward at the elbows",
            "Short fingers and toes and narrow fingernails and toenails",
            "Delayed growth",
            "Heart defects",
            "Down-turning eyelids",
            "Short roots of teeth",
            "Kidney abnormalities",
            "Greater than usual number of moles on the skin"
        ],
        "prevention": [
            "Growth hormone, given as an injection a few times a week, to increase height as much as possible.",
            "Estrogen therapy, beginning around the time of puberty until a woman reaches the average age of menopause. This hormone treatment can help a woman grow and reach adult sexual development."
        ]
    },
    {
        "name": "Secondary Psychosis",
        "link": "https://www.webmd.com/schizophrenia/guide/what-is-psychosis",
        "symptoms": [
            "A drop in grades or job performance",
            "Trouble thinking clearly or concentrating",
            "Suspiciousness or unease around others",
            "Lack of self-care or hygiene",
            "Spending more time alone than usual",
            "Stronger emotions than situations call for",
            "No emotions at all"
        ],
        "prevention": [
            "Cognitive behavioral therapy(CBT) can help you recognize when you have psychotic episodes. It also helps you figure out whether what you see and hear is real or imagined. This kind of therapy also stresses the importance of antipsychotic medications and sticking with your treatment.",
            "Supportive psychotherapy helps you learn to live with and manage psychosis. It also teaches healthy ways of thinking.",
            "Cognitive enhancement therapy (CET) uses computer exercises and group work to help you think and understand better.",
            "Family psychoeducation and support involves your loved ones. It helps you bond and improves the way you solve problems together.",
            "Coordinated specialty care (CSC) creates a team approach in treating psychosis when it’s first diagnosed. CSC combines medication and psychotherapy with social services and work and education support."
        ],
        "causes": [
            "Traumatic brain injuries",
            "Brain tumors",
            "Strokes",
            "Parkinson’s disease",
            "Alzheimer’s disease",
            "Dementia",
            "HIV and AIDS",
            "Lupus",
            "Multiple sclerosis",
            "Low blood sugar (hypoglycemia)",
            "Syphilis",
            "Malaria"
        ]
    },
    {
        "name": "Severe Hearing Loss",
        "link": "https://www.webmd.com/a-to-z-guides/severe-hearing-loss",
        "symptoms": [
            "A hard time learning to speak, or speaking later than other children their age",
            "Not paying attention to sounds or when people call them",
            "Poor school work"
        ],
        "prevention": [
            "Therapy can help your child learn to use a hearing aid and find ways to communicate. A family or a speech therapist can teach them to say words clearly so others understand. They can also learn how to use other techniques, including sign language, natural gestures, and speech reading. A therapist can help you decide which approach is right for your child and how your family can help.",
            "Talk to your child’s school and see what they can do to help them in the classroom. They may be able to use HATS, or Hearing Assistive Technology Systems, small FM radio frequency devices that make sounds easier to hear. Teachers speak into a special microphone that sends sounds to a small receiver that your child uses to hear the lessons."
        ],
        "causes": [
            "Noise. A single very loud noise, like a gunshot or explosion, can damage hearing. So can being around loud noises for a long time, like living next to an airport runway.",
            "Diseases. Different conditions can put the ears or nerves involved in hearing at risk, including ear infections, brain tumors, rheumatoid arthritis and other autoimmune diseases, or Meniere’s disease, a disorder of the inner ear.",
            "Clogs. Ear canals stopped up with earwax or an object stuck inside can keep you from hearing well. You can also damage your ear if you try to remove it the wrong way.",
            "Injury. Head trauma can damage the inside of the ears. So can some sports, like scuba diving or skydiving.",
            "Medications. Certain drugs, including some that treat cancer, heart disease, and serious infections, can damage your ear and cause hearing loss. Sometimes, it’s permanent, but in other cases, the problem goes away after you stop taking the medicines."
        ]
    },
    {
        "name": "Shaken Baby Syndrome",
        "link": "https://www.webmd.com/parenting/baby/shaken-baby-syndrome",
        "prevention": [
            "Peak pattern: At 2-3 months old, babies cry the most.",
            "Unpredictable: Crying starts and stops without reason.",
            "Resistant to soothing: Nothing stops the crying.",
            "Pain-like look on face: When babies cry, they look like they're in pain, even if they're not.",
            "Long bouts of crying: Babies can cry for hours at a time.",
            "Evening crying: Some babies cry more in the afternoon and evening."
        ],
        "causes": [
            "Alcohol or substance abuse",
            "Unstable family situations",
            "Depression"
        ]
    },
    {
        "name": "Shigellosis",
        "link": "https://www.webmd.com/food-recipes/food-poisoning/what-is-shigella",
        "symptoms": [
            "Nausea",
            "Vomiting",
            "Fever",
            "Cramping in your stomach and abdominal area",
            "Tenesmus (the feeling that you need to go to the bathroom even when there is nothing left in your intestines)"
        ],
        "prevention": [
            "Keep children with diarrhea out of day care or school.",
            "Don’t drink water from a pool, lake, or pond.",
            "Eat only boiled, cooked, or peeled food while traveling abroad.",
            "Wash your hands even more when traveling abroad.",
            "Wrap up soiled diapers properly and put them in a trash can.",
            "Avoid having sex with someone who had diarrhea recently."
        ]
    },
    {
        "name": "Shock",
        "link": "https://www.webmd.com/a-to-z-guides/hypovolemic-shock",
        "symptoms": [
            "Your age",
            "Your past medical care and overall health",
            "The cause of the shock or the source of the injury",
            "How quickly you lost the blood or fluids",
            "How much your blood volume has dropped"
        ],
        "prevention": [
            "Get as much oxygen as possible to all parts of your body",
            "Stop, or at least control, blood loss",
            "Replace blood and other fluids"
        ],
        "causes": [
            "Broken bones around your hips",
            "Cuts on your head and neck",
            "Damage to organs in your belly, including your spleen, liver, and kidneys, because of a car accident or a bad fall",
            "A tear in your heart or a large blood vessel, or a weakened spot in a large blood vessel that could burst",
            "Problems with your digestive tract, such as ulcers",
            "An embryo growing outside a woman’s uterus (ectopic pregnancy)",
            "The placenta peeling away from the wall of a pregnant woman’s uterus (placental abruption)",
            "A ruptured ovarian cyst",
            "Heavy bleeding during labor or delivery, or in the following 24 hours",
            "A disorder in which the tissue that usually lines a woman’s uterus grows outside it (endometriosis)"
        ]
    },
    {
        "name": "Shock Lung",
        "link": "https://www.webmd.com/lung/ards-acute-respiratory-distress-syndrome",
        "symptoms": [
            "Shortness of breath",
            "Low blood pressure",
            "Unusually fast breathing",
            "Fast heartbeat",
            "Cough",
            "Fever",
            "Chest pain, especially when breathing deeply",
            "Confusion and exhaustion",
            "Blue-tinted lips or nails from lack of oxygen in your blood",
            "Dizziness"
        ],
        "prevention": [
            "Nutrition and medicine through fluids injected into your blood",
            "Medication to prevent bleeding and blood clots",
            "Medication to keep you calm and comfortable"
        ],
        "causes": [
            "Pneumonia",
            "Bleeding that makes you need a transfusion",
            "Inflamed pancreas",
            "Drug overdose",
            "Near-drowning",
            "Burns",
            "Reactions to medications",
            "Breathing food into your lungs (aspiration)"
        ]
    },
    {
        "name": "Short Bowel Syndrome",
        "link": "https://www.webmd.com/ibd-crohns-disease/crohns-disease/short-bowel-syndrome",
        "symptoms": [
            "Cramping",
            "Bloating",
            "Gas",
            "Heartburn",
            "Weakness",
            "Fatigue",
            "Weight loss"
        ],
        "prevention": [
            "For mild cases, you may need to have several small meals a day, along with extra fluids, vitamins, and minerals. Your doctor will probably also give you medicine for diarrhea.",
            "Treatment is the same for moderate cases, but from time to time, you may need extra fluids and minerals through an IV.",
            "For more serious cases, you may get an IV feeding tube instead of eating meals. Or, you may have a tube placed directly into your stomach or small intestine. If your condition improves enough, you can stop the tube feedings.",
            "In the most severe cases, people need IV feeding tubes all the time."
        ],
        "causes": [
            "Crohn’s disease, a lifelong inflammatory bowel disease that causes belly pain, diarrhea, and other digestive problems",
            "Cancer",
            "Damage from cancer treatment, like radiation therapy",
            "Bowel injury"
        ]
    },
    {
        "name": "Sickle Cell Crisis",
        "link": "https://www.webmd.com/a-to-z-guides/sickle-cell-crisis",
        "symptoms": [
            "Arms and legs",
            "Belly",
            "Chest",
            "Hands and feet (more typical in young children)",
            "Lower back"
        ],
        "prevention": [
            "Avoid swimming in cold water.",
            "Dress in warm clothes when it’s cold out or when you’re in air-conditioned buildings.",
            "Drink plenty of water.",
            "Fly only on commercial airlines. Planes that don’t control air pressure could cause you problems.",
            "Limit how much alcohol you drink.",
            "Manage your stress."
        ],
        "causes": [
            "Being at high altitudes (mountain climbing, for example)",
            "Changes in temperature, like if you go from a warm house into a cold winter day and you haven’t bundled up",
            "Infections",
            "Not having enough to drink (dehydration)",
            "Stress"
        ]
    },
    {
        "name": "Sjogren's Syndrome",
        "link": "https://www.webmd.com/a-to-z-guides/sjogrens-syndrome",
        "symptoms": [
            "Dry mouth that may have a chalky feeling or feel like cotton. You might have trouble swallowing or talking. In the long run, this can contribute to cavities or other tooth problems, as well as mouth infections like candidiasis (thrush).",
            "Dry eyes that may burn, itch, or feel gritty. This can lead to light sensitivity or blurred eyesight."
        ],
        "prevention": [
            "Cequa",
            "Lacrisert",
            "Restasis"
        ],
        "causes": [
            "Age. Sjogren's usually affects people over 40, but younger adults and children can get it, too.",
            "Sex. Women are 10 times more likely to have Sjogren's than men.",
            "Other autoimmune issues. Nearly half of all people who have Sjogren's also have another autoimmune condition, like lupus or rheumatoid arthritis."
        ]
    },
    {
        "name": "Skin Cancer Screening",
        "link": "https://www.webmd.com/melanoma-skin-cancer/melanoma-guide/understanding-skin-cancer-treatment",
        "symptoms": [
            "Small blood vessels may be visible within the tumor.",
            "A central depression with crusting and bleeding (ulceration) frequently develops.",
            "A BCC often appears as a sore that does not heal."
        ],
        "prevention": [
            "Limit sun exposure. Avoid the sun's intense rays between 10 a.m. and 4 p.m.",
            "Apply sunscreen every day. Use a sunscreen with sun protection factor (SPF) of at least 30 both before and every 60 to 80 minutes during outdoor exposure. Select products that filter both UVA and UVB light. The label will tell you.",
            "If you are likely to sunburn, wear a long-sleeved shirt, pants, and a wide-brimmed hat.",
            "Avoid tanning booths.",
            "Conduct monthly self-exams."
        ],
        "causes": [
            "Use of tanning booths",
            "Immunosuppression, or impairment of the immune system",
            "Exposure to unusually high levels of radiation, such as from X-rays",
            "Contact with certain chemicals, such as arsenic (miners, sheep shearers, and farmers) and hydrocarbons in tar, oils, and soot (which may cause squamous cell carcinoma)"
        ]
    },
    {
        "name": "Skin Cancer Treatment",
        "link": "https://www.webmd.com/melanoma-skin-cancer/detection-treatment-skin-cancer",
        "symptoms": [
            "Small blood vessels may be visible within the tumor.",
            "A central depression with crusting and bleeding (ulceration) frequently develops.",
            "A BCC often appears as a sore that does not heal."
        ],
        "prevention": [
            "Limit sun exposure. Avoid the sun's intense rays between 10 a.m. and 4 p.m.",
            "Apply sunscreen every day. Use a sunscreen with sun protection factor (SPF) of at least 30 both before and every 60 to 80 minutes during outdoor exposure. Select products that filter both UVA and UVB light. The label will tell you.",
            "If you are likely to sunburn, wear a long-sleeved shirt, pants, and a wide-brimmed hat.",
            "Avoid tanning booths.",
            "Conduct monthly self-exams."
        ],
        "causes": [
            "Use of tanning booths",
            "Immunosuppression, or impairment of the immune system",
            "Exposure to unusually high levels of radiation, such as from X-rays",
            "Contact with certain chemicals, such as arsenic (miners, sheep shearers, and farmers) and hydrocarbons in tar, oils, and soot (which may cause squamous cell carcinoma)"
        ]
    },
    {
        "name": "Skin Cancer, Squamous Cell Type",
        "link": "https://www.webmd.com/melanoma-skin-cancer/melanoma-guide/squamous-cell-carcinoma",
        "symptoms": [
            "A rough, scaly, red patch of skin",
            "An open sore (with or without raised edges)",
            "A brown spot that looks like a typical age spot",
            "A wart-like growth",
            "A very small horn-like growth",
            "A sore growing in an old scar",
            "A smooth or sore reddish-white patch inside your mouth",
            "A red, brown, or black line beneath a nail",
            "A fingernail or toenail that seems to be shrinking"
        ],
        "prevention": [
            "Avoid the sun during peak hours (10 a.m. to 4 p.m.).",
            "If you are in the sun, cover up with a wide-brimmed hat, sunglasses, and long-sleeved shirt.",
            "Use a broad spectrum sunscreen daily -- even when it’s cloudy and raining -- on exposed skin, and reapply frequently when outside.",
            "Avoid tanning beds.",
            "Check your skin regularly for any new growths or changes in moles, freckles, bumps, or birthmarks. Pay attention to your face, neck, ears, scalp, chest, arms, hands, legs, feet, genital area, and between your butt cheeks. Call your doctor if you notice anything that looks questionable.",
            "If you work around chemicals like arsenic, coal tar, or petroleum, follow all safety guidelines to reduce your exposure.",
            "Quit using all tobacco products. If you need help, ask your doctor.",
            "Taking good care of your teeth and gums may help reduce the risk of oral cancers and have other health benefits. Don't forget to also see your dentist regularly for checkups."
        ],
        "causes": [
            "Older age",
            "Being assigned male at birth",
            "Fair skin",
            "Blue, green, or gray eyes",
            "Blonde or red hair",
            "Spending time outside in the sun",
            "A history of sunburns, precancerous spots on your skin, or skin cancer",
            "Tanning bed use",
            "Long-term exposure to chemicals such as arsenic in the water",
            "Bowen’s disease, HPV, HIV, or AIDS",
            "Being exposed to radiation",
            "Inherited DNA condition",
            "Weakened immune system",
            "Tobacco (smoking, chewing tobacco, using snuff)",
            "Skin injury (like a severe burn)",
            "Heavy alcohol use",
            "Chronic mouth irritation (like having cavities, overuse of mouthwash, or use of betel quid)"
        ]
    },
    {
        "name": "Skin Protection from the Sun",
        "link": "https://www.webmd.com/melanoma-skin-cancer/how-to-choose-susncreen",
        "prevention": [
            "Surgery",
            "Cryotherapy",
            "Radiation",
            "Chemotherapy or photochemotherapy",
            "Laser therapy",
            "Biologic or immunotherapy",
            "Targeted therapy"
        ],
        "causes": [
            "Coal tar",
            "Radium",
            "Insecticides with inorganic arsenic compounds"
        ]
    },
    {
        "name": "Skin Rash",
        "link": "https://www.webmd.com/skin-problems-and-treatments/guide/common-rashes",
        "symptoms": [
            "Blistering",
            "Redness",
            "Scaly or dry skin",
            "Similarity to hives",
            "Blotchiness",
            "Swelling or inflammation",
            "Itchy skin",
            "Pain",
            "Infection of the areas of broken skin",
            "Shiny, flat-topped bumps",
            "Large affected areas of skin",
            "Circular-shaped affected areas"
        ],
        "prevention": [
            "Reduce stress .",
            "Avoid scratchy materials (for example, wool) and chemicals that can be triggers, such as harsh soaps, detergents, and solvents.",
            "Moisturize often.",
            "Avoid sudden changes in temperature or humidity.",
            "Avoid situations that cause sweating and overheating.",
            "Immediately wash your hands when you come into contact with something you're allergic to."
        ],
        "causes": [
            "Viral or bacterial infections",
            "Skin conditions such as rosacea or eczema",
            "Stress",
            "Skin irritants (including soaps, skin care products, or some fabrics)",
            "Personal and/or family history of allergies, hay fever, or asthma",
            "Allergic to certain medications, including those that treat high blood pressure, heart disease, and arthritis",
            "Triggering agents from other conditions, such as hepatitis B or hepatitis C"
        ]
    },
    {
        "name": "Skull Base Chordoma",
        "link": "https://www.webmd.com/cancer/what-is-chordoma",
        "symptoms": [
            "Abnormal eye movements",
            "Changes to your voice or speech",
            "Double vision",
            "Headache",
            "Loss of feeling and movement in your face",
            "Neck pain",
            "Trouble swallowing"
        ],
        "prevention": [
            "Your age",
            "Your health",
            "Size of the tumor",
            "Where the tumor is"
        ]
    },
    {
        "name": "Sleep Epilepsy",
        "link": "https://www.webmd.com/sleep-disorders/guide/narcolepsy",
        "symptoms": [
            "Cataplexy: This can cause problems ranging from slurred speech to total body collapse, depending on the muscles involved. It’s often triggered by intense emotions such as surprise, laughter, or anger.",
            "Hallucinations: These delusions can happen at any time and are often vivid and frightening. They’re mostly visual, but any of the other senses can be involved. If they happen as you’re falling asleep, they’re called hypnagogic hallucinations. If they happen when you’re waking up, they’re called hypnopompic hallucinations.",
            "Sleep paralysis: You may be unable move or speak while falling asleep or waking up. These episodes usually last a few seconds to several minutes.",
            "Disrupted sleep: You might have a hard time staying asleep at night because of things like vivid dreams, breathing problems, or body movements."
        ],
        "prevention": [
            "Stimulants to treat sleepiness",
            "Antidepressants to treat problems with REM sleep",
            "Sodium oxybate (Xyrem, Xywav) to treat cataplexy",
            "Pitolisant (Wakix) or Solriamfetol (Sunosi) to help you stay awake for longer periods"
        ],
        "causes": [
            "Polysomnogram (PSG): This is done in a sleep disorder clinic or a sleep lab. It’s an overnight test that takes constant measurements while you’re asleep to record problems in your sleep cycle. A PSG can help reveal whether you go into REM sleep at unusual times in your sleep cycle. It can rule out other problems that might be causing your symptoms.",
            "Multiple sleep latency test (MSLT): This is also done at a special clinic or lab. The test takes place during the day to measure your tendency to fall asleep and find out whether certain elements of REM sleep happen at unusual times during the day. You’ll take four or five short naps, usually 2 hours apart.",
            "Lumbar puncture. You get this procedure, sometimes called a spinal tap, in a hospital or outpatient facility. A doctor or nurse uses a needle to remove a small amount of spinal fluid from your back. The fluid is then tested to check the levels of hypocretin. Low levels could mean you have narcolepsy."
        ]
    },
    {
        "name": "Slipped Capital Femoral Epiphysis",
        "link": "https://www.webmd.com/pain-management/hip-impingement-causes-treatments",
        "symptoms": [
            "Legg-Calve-Perthes disease, a disease in which the ball part of the hip joint doesn't get enough blood, which causes the bone to die.",
            "Slipped capital femoral epiphysis, a separation of the ball from the thigh bone at the upper growing end (growth plate) of the bone in adolescents. It is more common in children who are obese.",
            "Coxa vara, an unusual condition in which the thigh bone and ball do not grow at the same pace in children. This discrepancy leads to deformity of the hip joint."
        ],
        "prevention": [
            "Resting the affected hip",
            "Modifying your activities to avoid moving the joint in a way that causes pain",
            "Exercising as recommended by your doctor or physical therapist to strengthen the muscles that support the hip",
            "Physical therapists who specialize in the hip or recovery of hip injuries can do a lot to help strenghten muscles around the hip and relieve inflammation.",
            "Taking anti-inflammatory and pain medications"
        ]
    },
    {
        "name": "Slow Heart Rate (Bradycardia)",
        "link": "https://www.webmd.com/heart-disease/atrial-fibrillation/bradycardia",
        "symptoms": [
            "Lightheadedness or dizziness",
            "Confusion or a hard time concentrating",
            "Fainting",
            "Shortness of breath (with or without chest pain)"
        ],
        "causes": [
            "Certain medications, such as those to treat high blood pressure and other arrhythmias, or abnormal heartbeats",
            "A congenital defect, or problem you’re born with",
            "Thyroid disease, an imbalance of hormones in the body",
            "Obstructive sleep apnea, when your breathing pauses many times throughout the night"
        ]
    },
    {
        "name": "Small Bowel Obstruction",
        "link": "https://www.webmd.com/digestive-disorders/what-is-bowel-obstruction",
        "symptoms": [
            "Constipation",
            "Can’t pass gas",
            "Lack of appetite",
            "Nausea or vomiting",
            "A hard, swollen belly",
            "Diarrhea (with a partial blockage)"
        ],
        "causes": [
            "Part of your bowel may get twisted, which can close it off and keep anything from passing through.",
            "It can get inflamed and swell up.",
            "Part of your intestine can slide into another part like a telescope (intussusception).",
            "Scar tissue or a hernia could make your bowel too narrow for anything to pass through.",
            "A tumor or other type of growth inside your bowel could block it.",
            "Damaged blood vessels leading to the bowel can cause some bowel tissue to die."
        ]
    },
    {
        "name": "Small Intestine Cancer",
        "link": "https://www.webmd.com/cancer/cancer-of-the-small-intestine",
        "symptoms": [
            "Pain or cramps in the middle of your stomach",
            "Losing weight for no known reason",
            "A lump in your abdomen",
            "Blood in your stool"
        ],
        "causes": [
            "How old you are (average age at diagnosis is 60)",
            "Your sex (slightly higher risk in men)",
            "Genetics (some disorders you’re born with raise the odds)",
            "Smoking and alcohol use",
            "High-fat diet",
            "Living or working near large quantities of some chemicals, like phenoxyacetic acid",
            "Other conditions that affect your gut, like Crohn’s, colon cancer, or celiac disease",
            "Lymphedema (damage to the vessels that connect to the lymph nodes)"
        ]
    },
    {
        "name": "Small Lymphocytic Lymphoma",
        "link": "https://www.webmd.com/cancer/lymphoma/small-lymphocytic-lymphoma-cancer",
        "symptoms": [
            "Painless swelling in the neck, armpit, or groin",
            "Loss of appetite",
            "Fatigue",
            "Night sweats",
            "Fever",
            "Weight loss"
        ],
        "prevention": [
            "Alemtuzumab (Campath)",
            "Ibritumomab tiuxetan (Zevalin) - this is a monoclonal antibody drug that is attached to a radioactive molecule to bring radiation to the cancer cells.",
            "Obinutuzumab (Gazyva)",
            "Polatuzumab vedotin (Polivy)",
            "Ofatumumab (Arzerra)",
            "Rituximab (Rituxan, Rituxan Hycela)",
            "Tafasitamab (Monjuvi)"
        ],
        "causes": [
            "You have a condition that causes you to have a weak immune system, like HIV/AIDS.",
            "You've had chemotherapy.",
            "You live or work in a farming community. That's possibly because of exposure to pesticides and herbicides."
        ]
    },
    {
        "name": "Smallpox",
        "link": "https://www.webmd.com/a-to-z-guides/smallpox-causes-treatment",
        "symptoms": [
            "Flu-like fatigue",
            "Headache",
            "Body aches",
            "Intense back pain",
            "Some vomiting",
            "High fever",
            "Mouth sores and blisters that spread the virus into the throat",
            "A skin rash that gets worse",
            "Blindness that can happen when blisters form near the eyes"
        ],
        "prevention": [
            "Soreness in the arm that received the injection",
            "Itching",
            "Swollen lymph nodes",
            "Fever",
            "Headache",
            "Body aches",
            "Mild rash",
            "Fatigue"
        ],
        "causes": [
            "By breathing in the virus during close, face-to-face contact with an infected person. It usually spreads through drops of saliva when the person coughs, sneezes, or speaks.",
            "By handling the clothes or sheets of an infected person or coming into contact with their body fluids.",
            "Very rarely, smallpox has spread among people in small, enclosed spaces, probably through air in the ventilation system. Animals and insects don’t spread the disease.",
            "If the virus were spread through an act of terrorism. This is a rare possibility, but in case it happens, governments around the world have stockpiled smallpox vaccines to prevent the spread."
        ]
    },
    {
        "name": "Snoring",
        "link": "https://www.webmd.com/sleep-disorders/sleep-apnea/snoring",
        "prevention": [
            "Imaging tests. An X-ray, MRI scan, or CT scan can look for problems in your airways.",
            "Sleep study. You might need to have a machine monitor your sleep while you’re at home or spend the night in a lab for a test called polysomnography. It will measure things like your heart rate, breathing, and brain activity while you sleep."
        ],
        "causes": [
            "Blocked nasal airways. Some people snore only during allergy season or when they have a sinus infection. Problems in your nose such as a deviated septum (when the wall that separates one nostril from the other is off-center) or nasal polyps can also block your airways.",
            "Poor muscle tone in your throat and tongue. Throat and tongue muscles can be too relaxed, which allows them to collapse into your airway.",
            "Bulky throat tissue. Being overweight can cause this. Some children have large tonsils and adenoids that make them snore.",
            "Long soft palate and/or uvula. A long soft palate or a long uvula (the dangling tissue in the back of your mouth) can narrow the opening from your nose to your throat. When you breathe, this causes them to vibrate and bump against one another, and your airway becomes blocked.",
            "Alcohol and drug use. Drinking alcohol or taking muscle relaxers can also make your tongue and throat muscles relax too much.",
            "Sleep position. Sleeping on your back can make you snore. So can using a pillow that’s too soft or too large.",
            "Sleep deprivation. Your throat muscles might relax too much if you’re not getting enough sleep."
        ]
    },
    {
        "name": "Social Anxiety Disorder",
        "link": "https://www.webmd.com/anxiety-panic/guide/mental-health-social-anxiety-disorder",
        "causes": [
            "Low self-esteem",
            "Negative thoughts",
            "Depression",
            "Sensitivity to criticism",
            "Poor social skills that don’t improve"
        ]
    },
    {
        "name": "Soft Tissue Sarcoma",
        "link": "https://www.webmd.com/cancer/sarcoma",
        "symptoms": [
            "Pain off and on in the affected bone, which may be worse at night",
            "Swelling, which often starts weeks after the pain",
            "A limp, if the sarcoma is in your leg"
        ],
        "prevention": [
            "What Is Sarcoma?",
            "Grades of Soft Tissue Sarcoma"
        ]
    },
    {
        "name": "Spasmodic Torticollis",
        "link": "https://www.webmd.com/parenting/baby/what-is-torticollis",
        "symptoms": [
            "Your child’s head tilts to one side with their chin pointed to the opposite shoulder. In about 75% of babies with torticollis, the right side is affected.",
            "Their head doesn’t turn side to side or up and down easily.",
            "You feel a soft lump in your baby’s neck muscle. This isn’t dangerous and usually goes away within 6 months.",
            "Your baby prefers to look over the shoulder at you. Their eyes don’t follow you because that would require turning their head.",
            "Your baby has trouble breastfeeding on one side or prefers to feed on one side only.",
            "Your baby works hard to turn toward you, struggles to turn their head all the way, and becomes upset because the movement is hard.",
            "They might start getting a flat head on one or both sides, from lying in one position all the time. This is called “positional plagiocephaly.”",
            "One of your baby’s shoulders is higher than the other.",
            "Your baby has muscle tightness or stiffness.",
            "Your baby has swollen neck muscles.",
            "You notice that your baby has uneven facial features. For example, one eye might appear lower than the other."
        ],
        "causes": [
            "An abnormal development in the SCM",
            "Klippel-Feil syndrome (a rare birth defect that causes the vertebrae in your baby’s neck to fuse)",
            "Hematoma (a buildup of blood in your baby’s neck muscles)",
            "Fibrosis (thickening of your baby’s muscle tissue)"
        ]
    },
    {
        "name": "Spastic Colon",
        "link": "https://www.webmd.com/ibs/guide/digestive-diseases-irritable-bowel-syndrome",
        "symptoms": [
            "Diarrhea (often described as violent episodes of diarrhea)",
            "Constipation",
            "Constipation alternating with diarrhea",
            "Belly pains or cramps, usually in the lower half of the belly, that get worse after meals and feel better after a bowel movement",
            "A lot of gas or bloating",
            "Harder or looser stools than normal (pellets or flat ribbon stools)",
            "A belly that sticks out",
            "Mucus in your poop",
            "Feeling like you still need to poop after you just did",
            "Food intolerance",
            "Tiredness",
            "Anxiety",
            "Depression",
            "Heartburn and indigestion",
            "Headaches",
            "Needing to pee a lot"
        ],
        "prevention": [
            "Avoid caffeine (in coffee, tea, and soda).",
            "Add fiber to your diet with foods like fruits, vegetables, whole grains, and nuts. Go slowly, though. Adding too much fiber at once can lead to gas and bloating. A fiber supplement may be easier on your gut than foods loaded with fiber.",
            "Drink at least eight glasses of water per day.",
            "Don't smoke.",
            "Learn to relax, either by getting more exercise or by reducing stress in your life. Find a relaxation technique that works for you. There are lots to choose from, including:Diaphragmatic/belly breathingProgressive muscle relaxationVisualization/positive imageryMeditation",
            "Diaphragmatic/belly breathing",
            "Progressive muscle relaxation",
            "Visualization/positive imagery",
            "Meditation",
            "Eat slowly and chew your food thoroughly to ease digestion.",
            "Don’t skip meals. Instead, stick to a regular meal schedule to help keep your bowels moving regularly.",
            "Eat smaller meals more often instead of big meals.",
            "Keep a record of the foods you eat so you can figure out which foods bring on bouts of IBS.",
            "Sleep 7 to 9 hours every night, which can help relieve IBS-triggering stress",
            "Exercise regularly – think walking, biking, swimming, or other workouts that raise your heart rate – with a goal of at least 30 minutes a day, 5 days per week.",
            "Skip carbonated beverages. Those bubbles can irritate your gut."
        ],
        "causes": [
            "Being assigned female at birth. About twice as many people AFAB as those assigned male at birth (AMAB) have the condition. It’s not clear why, but some researchers think the changing hormones in the menstrual cycle may have something to do with it. So far, studies haven’t borne this out.",
            "Age. IBS can affect people of all ages, but it's more likely to happen in people in their teens through their 40s.",
            "Family history. The condition seems to run in families. Some studies have shown that your genes may play a role.",
            "Emotional trouble. Some people with IBS seem to have trouble with stress, have a mental disorder, or have been through a traumatic event in their lives, such as sexual abuse or domestic violence. It's not clear what comes first – the stress or the IBS. But there's evidence that stress management and behavioral therapy can help relieve symptoms in some people with the condition.",
            "Food sensitivities. Some people may have digestive systems that rumble angrily when they eat dairy, wheat, a sugar in fruits called fructose, or the sugar substitute sorbitol. Fatty foods, carbonated drinks, and alcohol can also upset digestion. There's no proof any of these foods cause IBS, but they may trigger symptoms.",
            "Medications. Studies have shown a link between IBS symptoms and antibiotics, antidepressants, and drugs made with sorbitol.",
            "Other digestive problems, like stomach flu, traveler's diarrhea, or food poisoning. A small study published in January 2021 suggests that a GI tract infection can change the immune system so that it responds to certain foods as if they're a threat, like germs or viruses. Researchers are looking into these early findings.",
            "Chronic pain conditions. Several disorders that cause pain have been linked to irritable bowel syndrome, including:FibromyalgiaChronic pelvic painInterstitial cystitis, which causes bladder painMigraineTemporomandibular syndrome, which causes pain when chewingChronic fatigue syndrome",
            "Fibromyalgia",
            "Chronic pelvic pain",
            "Interstitial cystitis, which causes bladder pain",
            "Migraine",
            "Temporomandibular syndrome, which causes pain when chewing",
            "Chronic fatigue syndrome"
        ]
    },
    {
        "name": "SPD Calcinosis",
        "link": "https://www.webmd.com/brain/basal-ganglia-calcification",
        "symptoms": [
            "Clumsiness",
            "Walking unsteadily",
            "Talking more slowly than usual, or slurring your words",
            "Difficulty swallowing",
            "Involuntary movement of arms or legs",
            "Cramped muscles",
            "Stiff arms and legs (called spasticity)",
            "Tremors, muscle stiffness, lack of facial expression"
        ]
    },
    {
        "name": "Speech and Language Development",
        "link": "https://www.webmd.com/parenting/recognizing-developmental-delays-your-child-ages-3-5",
        "causes": [
            "Being born prematurely",
            "Genetic conditions like Down syndrome or muscular dystrophy",
            "Poor eyesight or hearing",
            "Malnutrition",
            "A mother's alcohol or drug use during pregnancy",
            "Physical abuse or neglect",
            "Lack of oxygen during delivery"
        ]
    },
    {
        "name": "Spermatocele (Epididymal Cyst)",
        "link": "https://www.webmd.com/men/spermatocele-or-epididemal-cysts",
        "prevention": [
            "Using a mirror, look for any swelling.",
            "Examine each testicle with both hands, placing the index and middle fingers underneath and thumbs on top.",
            "Gently roll each testicle between your thumbs and fingers."
        ]
    },
    {
        "name": "Spherocytic Anemia",
        "link": "https://www.webmd.com/a-to-z-guides/autoimmune-hemolytic-anemia",
        "symptoms": [
            "Chills",
            "Fast heartbeat, known as tachycardia",
            "Pale skin that may start to yellow",
            "Shortness of breath",
            "Weakness and fatigue",
            "Chest pain",
            "Yellow skin or whites of the eyes (jaundice)",
            "Dark urine",
            "A feeling of abdominal fullness related to an enlarged spleen"
        ],
        "causes": [
            "Cancers, including chronic lymphocytic leukemia and non-Hodgkin's lymphoma",
            "Infections like Mycoplasma pneumoniae",
            "Medicines such as penicillin, methyldopa (Aldomet), quinine (Qualaquin), and sulfonamides",
            "Viruses such as Epstein-Barr virus, cytomegalovirus, HIV, and hepatitis"
        ]
    },
    {
        "name": "Sphingolipidosis 1",
        "link": "https://www.webmd.com/children/gauchers-disease-symptoms-causes-treatments",
        "symptoms": [
            "Easy bruising, caused by low levels of blood platelets",
            "Nosebleeds",
            "Tiredness, caused by anemia (low levels of red blood cells)",
            "Enlarged spleen or liver, which makes your belly look swollen",
            "Bone problems like pain, breaks, or arthritis",
            "Lung disease"
        ],
        "prevention": [
            "Imiglucerase (Cerezyme)",
            "Taliglucerase alfa (Elelyso)",
            "Velaglucerase alfa (VPRIV)"
        ]
    },
    {
        "name": "Sphingolipidosis, Krabbe's Type",
        "link": "https://www.webmd.com/children/what-are-lysosomal-storage-disorders",
        "symptoms": [
            "MRI uses powerful magnets and radio waves to make pictures of the brain.",
            "Biopsy removes a small piece of tissue, which is checked under a microscope for signs of disease."
        ],
        "prevention": [
            "Enzyme replacement therapy delivers the missing enzyme through a vein (IV).",
            "Substrate reduction therapy reduces the substance that is building up in the cells. For example, the drug miglustat (Zavesca) treats one form of Gaucher disease.",
            "Stem cell transplant uses donated cells to help the body make the enzyme it's missing."
        ]
    },
    {
        "name": "Sphingomyelinase Deficiency",
        "link": "https://www.webmd.com/children/what-are-lysosomal-storage-disorders",
        "symptoms": [
            "MRI uses powerful magnets and radio waves to make pictures of the brain.",
            "Biopsy removes a small piece of tissue, which is checked under a microscope for signs of disease."
        ],
        "prevention": [
            "Enzyme replacement therapy delivers the missing enzyme through a vein (IV).",
            "Substrate reduction therapy reduces the substance that is building up in the cells. For example, the drug miglustat (Zavesca) treats one form of Gaucher disease.",
            "Stem cell transplant uses donated cells to help the body make the enzyme it's missing."
        ]
    },
    {
        "name": "Spider Bite, Black Widow",
        "link": "https://www.webmd.com/skin-problems-and-treatments/black-widow-spider-bite",
        "symptoms": [
            "Muscles that begin to hurt and get stiff, usually within 8 hours",
            "Nausea or vomiting",
            "Trouble breathing",
            "Serious belly pain or cramping",
            "Heavy sweating",
            "Rash and itching",
            "Swollen eyelids",
            "Weakness or shaking",
            "You can't move your legs"
        ]
    },
    {
        "name": "Spider Bite, Brown Recluse",
        "link": "https://www.webmd.com/skin-problems-and-treatments/spider-bite-brown-recluse-spider-bite-treatment",
        "symptoms": [
            "Pain or redness at the site of the bite",
            "A deep sore (ulcer) that forms where you were bitten",
            "Fever",
            "Chills",
            "Nausea",
            "Joint pain",
            "Feeling weak",
            "Seizures or coma (very rare)"
        ],
        "prevention": [
            "Clean it with soap and water.",
            "Apply antibiotic cream.",
            "If you were bitten on an arm or leg, keep it raised while you’re resting. This can reduce swelling.",
            "Put ice on it.",
            "Take over-the-counter pain medicine.",
            "Watch for more severe symptoms."
        ]
    },
    {
        "name": "Spider Bites",
        "link": "https://www.webmd.com/first-aid/understanding-insect-bites-spider-bites-basic-information",
        "symptoms": [
            "Intense pain at the site of the wound",
            "Stiffness or joint pain",
            "Muscle spasms",
            "Abdominal pain, nausea, or vomiting",
            "Fever or chills",
            "Difficulty breathing or swallowing",
            "A wound that spreads or turns into a sore (tissue around the wound might also die)",
            "Dizziness",
            "Difficulty speaking",
            "Convulsions"
        ]
    },
    {
        "name": "Spider Veins",
        "link": "https://www.webmd.com/skin-problems-and-treatments/cosmetic-procedures-spider-veins",
        "symptoms": [
            "Not standing or sitting for long periods without taking a break",
            "Not wearing high heels for long periods. Shoes with lower heels can help tone calf muscles and improve blood flow through the veins.",
            "Elevating your legs while sitting, resting, or sleeping -- ideally, to a level above your heart",
            "Not crossing your legs at your knees or ankles",
            "Physical activities that move your legs, which will improve muscle tone"
        ],
        "causes": [
            "Heredity",
            "Occupations that involve a lot of standing, such as nurses, hair stylists, teachers, and factory workers",
            "Obesity",
            "Hormonal influences of pregnancy, puberty, and menopause",
            "The use of birth control pills",
            "Postmenopausal hormone replacement",
            "A history of blood clots",
            "Conditions that cause increased pressure in the abdomen, such as tumors, constipation, and externally worn garments like girdles"
        ]
    },
    {
        "name": "Spielmeyer-Vogt Disease",
        "link": "https://www.webmd.com/children/batten-disease",
        "symptoms": [
            "Seizures",
            "Changes in personality and behavior",
            "Dementia",
            "Speech and motor skills problems that get worse over time"
        ]
    },
    {
        "name": "Spielmeyer-Vogt-Batten Syndrome",
        "link": "https://www.webmd.com/children/batten-disease",
        "symptoms": [
            "Seizures",
            "Changes in personality and behavior",
            "Dementia",
            "Speech and motor skills problems that get worse over time"
        ]
    },
    {
        "name": "Spina Bifida",
        "link": "https://www.webmd.com/parenting/baby/spina-bifida",
        "symptoms": [
            "Weak leg muscles (in some cases, the infant can’t move them at all)",
            "Unusually shaped feet, uneven hips, or a curved spine (scoliosis)",
            "Hydrocephalus (a buildup of cerebrospinal fluid in brain cavities), a condition which in infants can cause an enlarged head, a bulging soft spot on top of their head, and other symptoms.",
            "Seizures",
            "Bowel or bladder problems"
        ]
    },
    {
        "name": "Spinal Arachnoiditis",
        "link": "https://www.webmd.com/pain-management/guide/pain-management-arachnoiditis",
        "symptoms": [
            "Weakness, numbness or tingling in the legs",
            "Pins and needles sensation (paresthesia)",
            "Joint pain",
            "Ringing in the ears (tinnitus)",
            "Fatigue",
            "Bladder problems"
        ],
        "causes": [
            "Spinal cord injury: In most cases, it is related to complications from spinal surgery or procedure such as epidural injection and spinal tap.",
            "Infection: Viruses or bacteria such as bacterial meningitis of the spine can trigger the inflammation.",
            "Spinal nerve compression: Chronic degenerative disc disease or advanced spinal stenosis (narrowing of spinal column) can lead to compression of the spinal nerves, triggering inflammation of the arachnoid."
        ]
    },
    {
        "name": "Spinal Chordoma",
        "link": "https://www.webmd.com/cancer/what-is-chordoma",
        "symptoms": [
            "Abnormal eye movements",
            "Changes to your voice or speech",
            "Double vision",
            "Headache",
            "Loss of feeling and movement in your face",
            "Neck pain",
            "Trouble swallowing"
        ],
        "prevention": [
            "Your age",
            "Your health",
            "Size of the tumor",
            "Where the tumor is"
        ]
    },
    {
        "name": "Spinal Meningitis",
        "link": "https://www.webmd.com/children/understanding-meningitis-basics",
        "symptoms": [
            "Confusion",
            "Fever",
            "Headache",
            "Numbness in your face",
            "Sensitivity to light",
            "Stiff neck so that you can’t lower your chin to your chest",
            "Upset stomach or vomiting",
            "Severe headache with nausea or vomiting",
            "A hard time concentrating",
            "Seizures",
            "Sleepiness or a hard time waking up",
            "Lack of appetite",
            "Lack of thirst"
        ],
        "prevention": [
            "Wash your hands often. Rinse well. Also, teach your kids to wash their hands often, especially after eating, using the toilet, or when they’re in public places.",
            "Don’t share items such as toothbrushes, eating utensils, or lipstick.",
            "Don’t share food items or drinks with other people.",
            "Cover your mouth and nose when you cough or sneeze.",
            "Stay healthy. Eat a healthy diet, get plenty of exercise, and rest at night.",
            "If you’re pregnant, eat well-cooked food.Avoid foods made from unpasteurized milk and raw or undercooked meats, fish, and eggs.",
            "Get immunized. Follow your doctor’s advice on getting immunization shots for diseases that may cause meningitis, including flu and pneumonia vaccines."
        ],
        "causes": [
            "Autoimmune disorders",
            "Cancer medications",
            "Syphilis",
            "Tuberculosis"
        ]
    },
    {
        "name": "Spinal Muscular Atrophy (SMA)",
        "link": "https://www.webmd.com/brain/spinal-muscular-atrophy",
        "symptoms": [
            "Has your baby missed any developmental milestones, such as holding their head up or rolling over?",
            "Does your child have trouble sitting or standing on their own?",
            "Have you seen your child have trouble breathing?",
            "When did you first notice the symptoms?",
            "Has anyone in your family had similar symptoms?"
        ],
        "prevention": [
            "Nusinersen (Spinraza). This treatment adjusts the SMN2 gene and lets it make more protein. It's used for both children and adults with SMA. Your child's medical team will inject the drug into the fluid around their spinal cord. Including preparation and recovery time, this can take at least 2 hours and will need to be done several times, followed by another dose every 4 months. Studies show it helps about 40% of people who use it by making them stronger and slowing the disease.",
            "Onasemnogene abeparvovec-xioi (Zolgensma). This involves replacing the problem SMN1 gene. It's used for children under 2 years old. Your child's medical team will put a tiny tube called a catheter directly into a vein in their arm or hand (an IV). Then, they'll send a copy of the SMN gene through the tube into a specific group of motor neuron cells. This will need to be done only one time. In studies, onasemnogene abeparvovec-xioi helped children with SMA reach certain developmental milestones faster, like controlling their heads or sitting without support.",
            "Risdiplam (Evrysdi). This treatment works to stop the SMN2 genes from disrupting the protein production,  allowing the protein to reach the nerve cells as needed. Your child takes it orally once a day after a meal. The dosage is determined by their weight.Clinical trials showed improved muscle function after 12 months in 41% of those taking it."
        ]
    },
    {
        "name": "Spinal Stenosis",
        "link": "https://www.webmd.com/back-pain/guide/spinal-stenosis",
        "symptoms": [
            "Sciatica. This involves shooting pains down your leg that start as an ache in your lower back or buttocks.",
            "Foot drop. Painful leg weakness may cause you to slap your foot on the ground as you walk.",
            "Trouble standing or walking. When you’re in an upright position, this tends to compress the vertebrae, causing pain.",
            "Loss of bladder or bowel control. In extreme cases, spinal stenosis weakens the nerves connected to your bladder or bowel.",
            "Radiculopathy. This happens when stenosis presses on the root of your spinal nerves, resulting in pain that shoots out from your spine. This causes numbness, tingling, or weakness in your arms and legs.",
            "Myelopathy. When spinal stenosis squeezes your spinal cord, you may feel numbness, tingling, or weakness in your arms and legs. It can also affect other parts of your body, such as your bladder and bowel.",
            "Cauda equina syndrome.The cauda equina is a section of nerves at the bottom of your spinal cord. If spinal stenosis compresses this spot, you might lose feeling in your pelvic area, or have problems with bladder or bowel control (incontinence). This can cause permanent nerve damage if you don’t treat it. This is a medical emergency."
        ],
        "prevention": [
            "Numbness",
            "Weakness",
            "Problems with balance",
            "Loss of bladder and bowel control",
            "Paralysis"
        ],
        "causes": [
            "Herniated disks. If one of your disks (the cushions between your vertebrae) gets cracked, material from inside it can seep out and press on your spinal cord or nerves.",
            "Injuries. An accident may fracture or inflame part of your spine.",
            "Tumors. If cancerous growths touch your spinal cord, you may get stenosis.",
            "Paget’s disease. With this condition, your bones grow abnormally large and brittle. This results in a narrowing of the spinal canal and nerve problems.",
            "Thickened ligaments. When the cords that hold your bones together get stiff and thick, they can bulge into your spinal canal and make it smaller."
        ]
    },
    {
        "name": "Spinocerebellar Ataxia",
        "link": "https://www.webmd.com/brain/ataxia-types-brain-and-nervous-system",
        "prevention": [
            "Counseling",
            "Physical or occupational therapy",
            "Speech therapy",
            "Support groups"
        ],
        "causes": [
            "Ataxia telangiectasia",
            "Ataxia with oculomotor apraxia",
            "Dominant spastic ataxias",
            "Dominant spinocerebellar ataxias (SCA)",
            "Episodic ataxia",
            "Friedreich's ataxia",
            "Recessive spastic ataxias",
            "Wilson’s disease"
        ]
    },
    {
        "name": "Splenomegalic Polycythemia",
        "link": "https://www.webmd.com/cancer/polycythemia-vera",
        "symptoms": [
            "Headaches",
            "Double vision",
            "Dark or blind spots in your vision that come and go",
            "Itching all over your body, especially after you've been in warm or hot water",
            "Sweating, especially at night",
            "A red face that looks like sunburn or blushing",
            "Weakness",
            "Dizziness",
            "Weight loss",
            "Shortness of breath",
            "Tingling or burning in your hands or feet",
            "Painful joint swelling"
        ],
        "prevention": [
            "Don't smoke or chew tobacco. Tobacco narrows blood vessels, which can make blood clots more likely.",
            "Get light exercise, such as walking, to help your circulation and keep your heart healthy.",
            "Do leg and ankle exercises to keep clots from forming in the veins of your legs. Your doctor or a physical therapist can show you how.",
            "Bathe or shower in cool water if warm water makes you itch.",
            "Keep your skin moist with lotion, and try not to scratch."
        ],
        "causes": [
            "Red",
            "White",
            "Platelets"
        ]
    },
    {
        "name": "Splenomegaly with Rheumatoid Arthritis",
        "link": "https://www.webmd.com/rheumatoid-arthritis/felty-syndrome",
        "symptoms": [
            "Anemia (not enough healthy red blood cells to move oxygen through your body)",
            "Burning eyes or discharge from them",
            "Fatigue",
            "Fever",
            "Loss of appetite or weight loss",
            "Pale skin",
            "Repeat infections or infections that take a long time to clear up, especially in your lungs, urinary tract, or blood",
            "Sores or brown spots on your legs",
            "Stiff, swollen, or painful joints, usually in your hands, feet, or arms"
        ],
        "prevention": [
            "Drugs that slow down the disease: low-dose methotrexate (Otrexup, Rheumatrex, Trexall) is often used to stop your FS from getting worse. It can cause some side effects, such as nausea and mouth  ulcers. You'll also need regular tests to make sure MTX isn't hurting your liver. Other drugs your doctor might advise you to take include glucocorticoids or disease-modifying antirheumatic drugs (DMARDs) that are used to treat RA, such as abatacept ( Orencia) and  leflunomide( Arava).",
            "Drugs that affect your immune system: Rituximab (Rituxan) is also a preferred treatment for FS and can shut off the part of your immune system that isn't working as it should. They're given by IV but may take up to a few weeks to work.",
            "Drugs that stimulate your white blood cells: Granulocyte colony-stimulating factor (G-CSF) can help increase the number of white blood cells and help fight infection.",
            "Home care: Your doctor will tell you how much physical activity and rest you need. A heating pad may help with mild aches and pains. A nonsteroidal anti-inflammatory drug (NSAID) such as ibuprofen can also help.",
            "Surgery: If your FS is severe and other treatments don't work, your doctor may recommend that your spleen be taken out. This could return your red and white blood cells to normal levels and may lower your risk of infection for an indefinite amount of time."
        ]
    },
    {
        "name": "Stage 4 Lung Cancer (Alk)",
        "link": "https://www.webmd.com/lung-cancer/faq-stage-four-lung-cancer-with-alk",
        "symptoms": [
            "A cough that doesn’t go away",
            "Chest pain that gets worse with deep breathing, coughing, or laughing",
            "Hoarseness",
            "Weight loss without trying and loss of appetite",
            "Coughing up blood",
            "Shortness of breath",
            "A weak or tired feeling",
            "Wheezing"
        ],
        "prevention": [
            "Medicines to ease your pain, shortness of breath, and other symptoms",
            "Procedures to remove fluid buildup from around your lungs to help you breathe better"
        ]
    },
    {
        "name": "Stevens Johnson Syndrome",
        "link": "https://www.webmd.com/skin-problems-and-treatments/stevens-johnson-syndrome",
        "symptoms": [
            "Painful red or purple skin that looks burned and peels off",
            "Blisters on your skin, mouth, nose, and genitals",
            "Red, painful, watery eyes"
        ],
        "prevention": [
            "Tell your doctors you've had SJS.",
            "Wear a medical alert bracelet.",
            "Know the name of the medicine that caused your SJS. Avoid taking it or any drugs like it."
        ],
        "causes": [
            "Medicines for gout, a painful form of arthritis – especially allopurinol (Aloprim, Zyloprim)",
            "Pain relievers such as acetaminophen, ibuprofen, and naproxen sodium",
            "Sulfa antibiotics, a kind of drug that fights infections (including Bactrim and Septra)",
            "Medicines that treat seizures or mental illness"
        ]
    },
    {
        "name": "Subcortical Dementia",
        "link": "https://www.webmd.com/stroke/guide/vascular-dementia",
        "symptoms": [
            "Problems with short-term memory",
            "Wandering or getting lost in familiar surroundings",
            "Laughing or crying at inappropriate times",
            "Trouble concentrating, planning, or following through on activities",
            "Trouble managing money",
            "Inability to follow instructions",
            "Loss of bladder or bowel control",
            "Hallucinations or delusions"
        ]
    },
    {
        "name": "Subcortical Ischemic Vascular Disease",
        "link": "https://www.webmd.com/stroke/guide/vascular-dementia",
        "symptoms": [
            "Problems with short-term memory",
            "Wandering or getting lost in familiar surroundings",
            "Laughing or crying at inappropriate times",
            "Trouble concentrating, planning, or following through on activities",
            "Trouble managing money",
            "Inability to follow instructions",
            "Loss of bladder or bowel control",
            "Hallucinations or delusions"
        ]
    },
    {
        "name": "Subendocardial Sclerosis",
        "link": "https://www.webmd.com/heart-disease/guide/congenital-heart-disease",
        "symptoms": [
            "Shortness of breath",
            "Problems with exercise"
        ],
        "prevention": [
            "Buildup of fluid in the body",
            "Fatigue",
            "Shortness of breath",
            "Swelling in the stomach or lower legs"
        ]
    },
    {
        "name": "Sucrose Intolerance",
        "link": "https://www.webmd.com/allergies/common-food-intolerances",
        "symptoms": [
            "Through your nasal passages and into your lungs",
            "Through your mouth",
            "Through your skin",
            "Through absorption from an insect sting"
        ]
    },
    {
        "name": "Sudanophilic Leukodystrophy",
        "link": "https://www.webmd.com/brain/leukodystrophy-types",
        "symptoms": [
            "Balance and mobility problems",
            "Behavioral and learning disabilities",
            "Bladder issues",
            "Breathing difficulties",
            "Developmental delays",
            "Hearing, speech, and vision problems",
            "Muscle control disorders",
            "Seizures"
        ],
        "causes": [
            "Blood and urine analysis",
            "CT scans",
            "Genetic testing",
            "MRI scans",
            "Psychological and cognitive tests"
        ]
    },
    {
        "name": "Sudden Infant Death Syndrome (SIDS)",
        "link": "https://www.webmd.com/parenting/baby/what-is-sids",
        "causes": [
            "Is younger than 20",
            "Doesn’t get good prenatal care",
            "Smokes, uses drugs, or drinks alcohol while pregnant or during the baby’s first year"
        ]
    },
    {
        "name": "Summer Encephalitis",
        "link": "https://www.webmd.com/a-to-z-guides/understanding-encephalitis-basics",
        "symptoms": [
            "Fatigue or loss of energy",
            "Fever, especially a high fever",
            "Headache that can be severe",
            "Sensitivity to light and sound",
            "Mild-to-moderate neck stiffness",
            "Drowsiness or loss of consciousness",
            "Irritability, anxiety, and behavioral or personality changes",
            "Hallucinations"
        ],
        "prevention": [
            "Avoid being outside between dusk and dawn when mosquitoes are most likely to bite you. If do have to be out then, wear long-sleeved shirts and long pants. Make sure mosquitoes can't get into your house through broken screens and windows. Also, run a fan, which can keep mosquitos moving around so they're less likely to land on and bite you.",
            "Wear long-sleeved shirts and long pants when you're in wooded areas with tall grasses and shrubs, where ticks like to hang out. Check yourself, your kids, and your pets for ticks when they come inside during tick season (this can be year-round for people in the U.S. South and on the West Coast, but for most of the U.S., it's early spring to winter).",
            "Use bug repellent and insecticide. You can use the mosquito repellent DEET on both your skin and clothes. The U.S. Environmental Protection Agency (EPA) recommends spraying your clothes, tents, and outdoor gear with products that contain permethrin to repel and kill both mosquitoes and ticks. Don't spray permethrin on your skin, though.",
            "For infants younger than 2 months, you can't use insect repellent, so cover their carrier or stroller with mosquito netting. For infants and children older than 2 months old, you can use 10%-30% DEET products. Don't use a combined sunscreen and DEET product because you'll need to reapply sunscreen for a full day of outside play. Reapplying a DEET-containing product can expose your child to high levels of DEET.",
            "Get rid of standing water outside your house. Mosquitoes lay their eggs in standing water. Common problem areas for standing water are old flowerpots, flat roofs, old tires, and clogged gutters.",
            "Report any sick or dying birds or small animals to your local health department. They could be infected with viruses such as West Nile virus that cause encephalitis."
        ],
        "causes": [
            "Herpes viruses, which include HSV (especially HSV-1), chickenpox, cytomegalovirus, and Epstein-Barr virus",
            "Viruses that are transmitted through bugbites, such as West Nile virus, Dengue virus, and Eastern equine encephalitis virus",
            "Viruses that cause childhood infections, such as measles, mumps, and Rubella"
        ]
    },
    {
        "name": "Sunburn",
        "link": "https://www.webmd.com/skin-problems-and-treatments/guide/sunburn",
        "prevention": [
            "A broad-brimmed hat",
            "A long-sleeved shirt and pants",
            "UV-blocking sunglasses"
        ],
        "causes": [
            "UVA",
            "UVB",
            "UVC"
        ]
    },
    {
        "name": "Suppurative Arthritis",
        "link": "https://www.webmd.com/arthritis/septic-arthritis-symptoms-diagnosis-and-treatment",
        "symptoms": [
            "Chills",
            "Fatigue and generalized weakness",
            "Fever",
            "Inability to move the limb with the infected joint",
            "Severe pain in the affected joint, especially with movement",
            "Swelling (increased fluid within the joint)",
            "Warmth (the joint is red and warm to touch because of increased blood flow)"
        ],
        "causes": [
            "Hepatitis A, B, and C",
            "Parvovirus B19",
            "HIV (AIDS virus)",
            "HTLV-1",
            "Adenovirus",
            "Coxsackie viruses",
            "Mumps",
            "Alphaviruses",
            "Flaviviruses"
        ]
    },
    {
        "name": "Supraventricular Tachycardia",
        "link": "https://www.webmd.com/heart-disease/atrial-fibrillation/what-is-supraventricular-tachycardia",
        "symptoms": [
            "Chest pain",
            "Dizziness",
            "Fatigue",
            "Shortness of breath",
            "Fainting",
            "Sweating",
            "Weakness",
            "A pounding feeling in the neck"
        ],
        "prevention": [
            "What Is Supraventricular Tachycardia?",
            "Supraventricular Tachycardia Symptoms",
            "Types of Tachycardia",
            "SVT Treatment",
            "Living With SVT",
            "SVT Triggers"
        ],
        "causes": [
            "Lung disease",
            "Thyroid disease",
            "Heart failure or other heart disease",
            "Wolff-Parkinson-White syndrome"
        ]
    },
    {
        "name": "Sweet Syndrome",
        "link": "https://www.webmd.com/skin-problems-and-treatments/sweet-syndrome-facts",
        "symptoms": [
            "Feeling like you have the flu",
            "Feeling tired",
            "Headaches",
            "Joint pain",
            "Mouth sores",
            "Pink eye"
        ],
        "causes": [
            "Blood cancer such as leukemia or lymphoma",
            "Bowel disease, like ulcerative colitis or Crohn’s disease",
            "Chest infection or strep throat",
            "Colon or breast cancer",
            "Injury where the rash is, like a needle prick or insect bite",
            "Pregnancy",
            "Rheumatoid arthritis"
        ]
    },
    {
        "name": "Swollen Lymph Nodes",
        "link": "https://www.webmd.com/a-to-z-guides/swollen-glands",
        "symptoms": [
            "Lymph nodes that feel like they're the size of a kidney bean or larger",
            "Tenderness or pain in your lymph nodes"
        ],
        "prevention": [
            "Antibiotics for an infection caused by bacteria",
            "Medications that help with inflammation (for lupus and rheumatoid arthritis)",
            "Surgery, radiation, or chemotherapy (for types of cancer)"
        ],
        "causes": [
            "A virus, such as a cold",
            "A bacterial infection, such as an ear infection, skin infection, or infected tooth",
            "Strep throat",
            "Measles",
            "Mono"
        ]
    },
    {
        "name": "Symptomatic Porphyria",
        "link": "https://www.webmd.com/a-to-z-guides/porphyria-symptoms-causes-treatment",
        "symptoms": [
            "Belly pain, often severe",
            "Chest pain",
            "Faster heart rate and higher blood pressure",
            "Limb and back pain",
            "Muscle weakness",
            "Tingling and loss of sensation",
            "Cramping",
            "Vomiting and constipation"
        ],
        "prevention": [
            "Regular removal of your blood to lower the amount of iron in your liver. This is called phlebotomy.",
            "Low doses of the antimalarial drug chloroquine or hydroxychloroquine"
        ],
        "causes": [
            "Drinking alcohol",
            "Estrogen use by women",
            "Hepatitis C",
            "HIV",
            "Smoking"
        ]
    },
    {
        "name": "Syndactylic Oxycephaly",
        "link": "https://www.webmd.com/children/apert-syndrome-symptoms-treatments-prognosis",
        "symptoms": [
            "A head that is long, with a high forehead",
            "Wide-set, bulging eyes, often with poorly-closing eyelids",
            "A sunken middle face"
        ],
        "prevention": [
            "Eyedrops during the day, with lubricating eye ointment at night; these drops can prevent the dangerous eye drying that can occur in Apert syndrome.",
            "Continuous positive airway pressure (CPAP); a child with Apert syndrome and obstructive sleep apnea may wear a mask at night, attached to a small machine. The machine delivers pressure that keeps the child's airways open during sleep.",
            "Antibiotics. Children with Apert syndrome are prone to ear and sinus infections caused by bacteria, requiring antibiotic therapy.",
            "Surgical tracheostomy, or placement of a breathing tube in the neck; this surgery may be done for children with severe obstructive sleep apnea due to Apert syndrome.",
            "Surgical placement of ear tubes (myringotomy), for children with repeated ear infections due to Apert syndrome"
        ]
    },
    {
        "name": "Synergistic Necrotizing Fasciitis",
        "link": "https://www.webmd.com/diabetes/what-is-fourniers-gangrene",
        "symptoms": [
            "Your penis, vulva, scrotum, or perineum looks red or purple.",
            "You feel sore around your genitals or in the area between your genitals and your anus.",
            "These areas might start to swell."
        ],
        "prevention": [
            "If you have diabetes, regularly check your genitals and surrounding areas for wounds or signs of infection, like redness and swelling.",
            "Keep your blood sugar at a healthy level. For people with diabetes, that means keeping up with your medications.",
            "If you're obese or overweight, try to lose some weight. Ask your doctor about the best ways to do this.",
            "If you smoke or chew tobacco, stop.",
            "To lower your risk of infection, wash any open wounds in the area with soap and water and keep them dry and clean until they heal.",
            "Keep your genital and anal areas clean and dry."
        ],
        "causes": [
            "Urinary tract infections",
            "Bladder infections",
            "Surgery",
            "Abscesses, infected wounds that drain pus. You can get these near the anus or vulva.",
            "Genital piercings",
            "Insect bites",
            "Injuries during sex",
            "Any injury that causes a scratch or burn",
            "Circumcision in children"
        ]
    },
    {
        "name": "Syphilis",
        "link": "https://www.webmd.com/sexual-conditions/syphilis",
        "symptoms": [
            "Rash",
            "Sores",
            "Fever",
            "Swollen lymph nodes",
            "Sore throat",
            "Headaches",
            "Patchy hair loss",
            "Weight loss",
            "Muscle aches",
            "Fatigue (tiredness)"
        ],
        "prevention": [
            "Don’t have intimate contact with someone if you know they’re infected.",
            "If you don’t know whether a sexual partner is infected, use a condom every time you have sex. Make sure you use the condom correctly. Syphilis can still spread if lesions aren't properly covered by a condom.",
            "Use a dental dam when you have oral sex. These are thin sheets of polyurethane used to provide a barrier between the mouth and vagina or anus.",
            "Don't share sex toys.",
            "Be in a long-term, mutually monogamous relationship with someone who doesn't have syphilis."
        ],
        "causes": [
            "Have unprotected sex",
            "Have more than one sex partner",
            "Have HIV, which is the virus that causes AIDS",
            "Are positive for another STD such as gonorrhea, chlamydia, or herpes"
        ]
    },
    {
        "name": "Syringomyelia",
        "link": "https://www.webmd.com/brain/what-is-syringomyelia",
        "symptoms": [
            "Curving of the spine, called scoliosis",
            "Changes in or loss of bowel and bladder function",
            "Heavy sweating",
            "Not being able to feel hot and cold in the fingers, hands, arms, and upper chest",
            "Loss of reflexes",
            "Muscle stiffness that may make it hard to walk",
            "Muscle weakness, especially in the arms, hands, and shoulders",
            "Feeling numbness, tingling, burning, or piercing",
            "Pain in the neck, shoulders, and sometimes arms and hands",
            "Paralysis (in severe cases)",
            "Headaches",
            "Sexual problems",
            "Swings in blood pressure levels",
            "Twitches, or involuntary muscle contractions",
            "Uncoordinated movements"
        ],
        "causes": [
            "Swelling of the covering of the spinal cord",
            "Meningitis",
            "Spinal cord injury",
            "Spinal tumor",
            "Tethered spinal cord"
        ]
    },
    {
        "name": "Systemic Aleukemic Reticuloendotheliosis",
        "link": "https://www.webmd.com/cancer/cancer-langerhans-cell-histiocytosis",
        "symptoms": [
            "X-rays of your lungs and bones",
            "Bone marrow biopsy to look for signs of LCH",
            "Blood chemistry test to check your kidneys, liver, thyroid, and immune system",
            "MRIs and PET and CT scans to get detailed images of your body",
            "Urinalysis to check levels of red and white cells, protein, and sugar in your pee"
        ],
        "prevention": [
            "Low-dose radiation to targeted part of the body",
            "Surgery to remove LCH lesions",
            "Steroids like prednisone or anti-inflammatory drugs",
            "Ultraviolet light therapy for skin conditions",
            "Stem cell transplant",
            "Bone marrow, liver, or lung transplants in very serious cases"
        ],
        "causes": [
            "Smoking",
            "Parents who were exposed to environmental toxins, like benzene or wood dust",
            "Infections as a newborn",
            "Family history of thyroid disease"
        ]
    },
    {
        "name": "Systemic Mast Cell Disease",
        "link": "https://www.webmd.com/cancer/chronic-myeloproliferative-disorders",
        "symptoms": [
            "Fatigue",
            "Itchy skin",
            "Night sweats",
            "Bone pain",
            "Fever",
            "Weight loss"
        ]
    },
    {
        "name": "Systemic Mastocytosis",
        "link": "https://www.webmd.com/cancer/chronic-myeloproliferative-disorders",
        "symptoms": [
            "Fatigue",
            "Itchy skin",
            "Night sweats",
            "Bone pain",
            "Fever",
            "Weight loss"
        ]
    }
]