[
    {
        "name": "Vaginal Cancer",
        "link": "https://www.webmd.com/cancer/what-is-vaginal-cancer",
        "symptoms": [
            "Unusual bleeding from your vagina",
            "Watery or bad-smelling discharge from your vagina",
            "Pain in your pelvis",
            "Pain when having sex",
            "Pain when peeing",
            "Peeing more than usual",
            "Constipation",
            "A lump in your vagina"
        ],
        "prevention": [
            "Wait to have sex until your late teen years or beyond.",
            "Don’t have sex with more than one partner.",
            "Don’t have sex with someone who has more than one partner.",
            "Use condoms during sex.",
            "Get regular Pap exams.",
            "If you smoke, stop. If you don’t smoke, don’t start."
        ],
        "causes": [
            "Are 60 or older",
            "Were exposed to DES",
            "Drink alcohol",
            "Have cervical cancer or precancerous lesions",
            "Have HIV",
            "Smoke",
            "Have unusual cells in your vagina called vaginal intraepithelial neoplasia"
        ]
    },
    {
        "name": "Vaginal Discharge",
        "link": "https://www.webmd.com/women/guide/sexual-health-vaginal-infections",
        "symptoms": [
            "Your vaginal discharge changes color, is heavier, or smells different.",
            "You notice itching, burning, swelling, or soreness around or outside of your vagina.",
            "It burns when you pee.",
            "Sex is uncomfortable.",
            "You have chills, fever, and pain in your pelvis."
        ],
        "causes": [
            "Detergents",
            "Lotions",
            "Over-the-counter odor or itch products",
            "Wipes",
            "Douches",
            "Fabric softeners",
            "Perfumed soaps",
            "Lubricants",
            "Spermicides",
            "Vaginal sprays"
        ]
    },
    {
        "name": "Vaginal Yeast Infections",
        "link": "https://www.webmd.com/women/guide/understanding-vaginal-yeast-infection-basics",
        "symptoms": [
            "Burning, redness, and swelling of the vagina and the vulva (the outer part of the female genitals)",
            "Pain or burning when you pee",
            "Pain during sex",
            "A thick, white, odorless discharge, similar to cottage cheese",
            "Watery discharge",
            "Vaginal rash",
            "Small cuts or tiny cracks in the skin of your vulva"
        ],
        "prevention": [
            "Wear cotton underwear.",
            "Keep your skin dry.",
            "Don't douche.",
            "Avoid feminine deodorants.",
            "Use scent-free tampons or pads.",
            "Use water-based sexual lubricants.",
            "Keep your blood sugar in check if you have diabetes."
        ],
        "causes": [
            "Hormones. Changes during pregnancy, breastfeeding, or menopause (or if you’re taking birth control pills) can change the balance in your vagina.",
            "Diabetes. If your diabetes is not well-controlled, the increase in sugar in the mucous membranes of your vagina can create a place for yeast to grow.",
            "Antibiotics. These drugs can kill off many of the good bacteria that live in your vagina.",
            "Douches and vaginal sprays. The use of these products can change the balance in your vagina.",
            "A weakened immune system. If you are HIV-positive or have another immune system disorder, the yeast may also grow uncontrolled.",
            "Sex. Though a yeast infection is not considered a sexually transmitted infection, it can be passed from person to person through sexual contact.",
            "Stress. Research shows that the candida fungus, like other organisms, responds to stress. Our knowledge of this response mostly comes from lab studies where scientists grow it in glucose. But in the human body, the fungus faces different conditions and is exposed to many stresses at once, which impacts its ability to cause disease."
        ]
    },
    {
        "name": "Vaginitis",
        "link": "https://www.webmd.com/women/guide/sexual-health-vaginal-infections",
        "symptoms": [
            "Your vaginal discharge changes color, is heavier, or smells different.",
            "You notice itching, burning, swelling, or soreness around or outside of your vagina.",
            "It burns when you pee.",
            "Sex is uncomfortable.",
            "You have chills, fever, and pain in your pelvis."
        ],
        "causes": [
            "Detergents",
            "Lotions",
            "Over-the-counter odor or itch products",
            "Wipes",
            "Douches",
            "Fabric softeners",
            "Perfumed soaps",
            "Lubricants",
            "Spermicides",
            "Vaginal sprays"
        ]
    },
    {
        "name": "Valgus Calcaneus",
        "link": "https://www.webmd.com/a-to-z-guides/what-is-clubfoot",
        "symptoms": [
            "A downward-pointing foot and toes that may be curled inward",
            "A foot that appears to be sideways or sometimes even upside down",
            "Smaller foot size (may be up to a half inch smaller compared to other babies' feet)",
            "Calf muscles (on the affected leg) that may not be fully developed",
            "A limited range of motion in their foot"
        ]
    },
    {
        "name": "Van Buren's Disease",
        "link": "https://www.webmd.com/men/peyronies-disease",
        "symptoms": [
            "Remove the plaque and get a tissue graft in its place.",
            "Remove or alter the tissue on the side of the penis opposite the plaque, which counters the disease's bending effect."
        ],
        "prevention": [
            "Remove the plaque and get a tissue graft in its place.",
            "Remove or alter the tissue on the side of the penis opposite the plaque, which counters the disease's bending effect."
        ]
    },
    {
        "name": "Van Lohuizen Syndrome",
        "link": "https://www.webmd.com/skin-problems-and-treatments/cutis-marmorata-telangiectatica-congenita",
        "symptoms": [
            "Bleeding on areas of the skin where the pattern appears, sometimes along with pain",
            "Slower or larger growth of the limb that has the pattern"
        ],
        "prevention": [
            "CMTC is on the face or scalp",
            "Leg, knee, or hip pain, or other signs that the legs are growing at different rates",
            "Pattern bleeds, grows, or causes pain",
            "Signs of superficial venous insufficiency"
        ]
    },
    {
        "name": "Varicose Veins",
        "link": "https://www.webmd.com/skin-problems-and-treatments/understanding-varicose-veins-basics",
        "symptoms": [
            "Bulging, bluish veins",
            "Skin color changes around the veins",
            "Swelling in the legs",
            "Aching pain in the legs",
            "A heavy feeling in the legs and feet",
            "Nighttime leg cramps",
            "An itching or burning feeling around the veins",
            "Pain that worsens after prolonged sitting or standing"
        ],
        "prevention": [
            "Don’t sit or stand for a long time. Take breaks.",
            "When you sit, don’t cross your legs.",
            "Prop your legs up when sitting, resting, or sleeping. When you can, raise them above the level of your heart.",
            "If you’re overweight, try to drop some pounds. This will reduce the pressure on your veins.",
            "Don’t wear clothes that are tight around the waist, groin, or thighs. Tight clothes can make varicose veins worse.",
            "Limit the amount of time for which you wear high heels. Try to wear low heels, which strengthen your calf muscles. That’s better for your veins.",
            "Reduce the amount of salt in your diet. This can reduce swelling in your legs.",
            "Talk to your doctor before you start any new activity."
        ],
        "causes": [
            "Pregnancy. Varicose veins usually improve 3 months to a year after delivery.",
            "Family history. You are more likely to have varicose veins if they run in your family.",
            "Obesity. Being overweight puts extra pressure on your veins.",
            "Older age. Valves in the veins weaken because of wear and tear as you age. Your veins start to lose elasticity, so vein walls and valves don’t work as well.",
            "Your sex. Women are four times more likely than men to get varicose veins.",
            "Pregnancy. Women often get varicose veins for the first time during pregnancy. They usually improve 3 months to a year after delivery.",
            "Lack of exercise.",
            "Prolonged standing or sitting. Standing or sitting for long periods decreases circulation.",
            "Vascular diseases. Blood vessel diseases such as deep vein thrombosis (DVT) can increase your risk for varicose veins.",
            "Smoking.",
            "Taking birth control pills or hormone replacement therapy.",
            "Injury to your leg."
        ]
    },
    {
        "name": "Variola Virus",
        "link": "https://www.webmd.com/a-to-z-guides/smallpox-causes-treatment",
        "symptoms": [
            "Flu-like fatigue",
            "Headache",
            "Body aches",
            "Intense back pain",
            "Some vomiting",
            "High fever",
            "Mouth sores and blisters that spread the virus into the throat",
            "A skin rash that gets worse",
            "Blindness that can happen when blisters form near the eyes"
        ],
        "prevention": [
            "Soreness in the arm that received the injection",
            "Itching",
            "Swollen lymph nodes",
            "Fever",
            "Headache",
            "Body aches",
            "Mild rash",
            "Fatigue"
        ],
        "causes": [
            "By breathing in the virus during close, face-to-face contact with an infected person. It usually spreads through drops of saliva when the person coughs, sneezes, or speaks.",
            "By handling the clothes or sheets of an infected person or coming into contact with their body fluids.",
            "Very rarely, smallpox has spread among people in small, enclosed spaces, probably through air in the ventilation system. Animals and insects don’t spread the disease.",
            "If the virus were spread through an act of terrorism. This is a rare possibility, but in case it happens, governments around the world have stockpiled smallpox vaccines to prevent the spread."
        ]
    },
    {
        "name": "Varioliform Gastritis",
        "link": "https://www.webmd.com/digestive-disorders/digestive-diseases-gastritis",
        "symptoms": [
            "Indigestion, a burning or gnawing feeling in your stomach that tends to happen between meals or at night",
            "Nausea and vomiting",
            "Bloating  in the belly area",
            "Stomach pain",
            "Hiccups",
            "Appetite loss"
        ],
        "prevention": [
            "Alcohol",
            "Caffeine",
            "Sodas",
            "Spicy and fatty foods",
            "Acidic foods such as citrus fruits"
        ],
        "causes": [
            "Long-term use of nonsteroidal anti-inflammatory drugs (NSAIDs) such as aspirin or naproxen",
            "Overuse of alcohol, tobacco, or cocaine",
            "Repeated vomiting",
            "Stress, such as that caused by an injury, surgery, or serious illness",
            "Infections caused by bacteria such as H. pylori",
            "Other infections, including parasitic infections, HIV/AIDS, and the viruses that cause \"stomach flu\"",
            "Bile reflux, in which a digestive fluid called bile backs up into your stomach",
            "An autoimmune response in which your immune system attacks the cells of your stomach lining",
            "Inflammatory conditions such as Crohn's disease, celiac disease, or sarcoidosis",
            "Chemotherapy and radiation treatments"
        ]
    },
    {
        "name": "Vascular Dementia",
        "link": "https://www.webmd.com/stroke/guide/vascular-dementia",
        "symptoms": [
            "Problems with short-term memory",
            "Wandering or getting lost in familiar surroundings",
            "Laughing or crying at inappropriate times",
            "Trouble concentrating, planning, or following through on activities",
            "Trouble managing money",
            "Inability to follow instructions",
            "Loss of bladder or bowel control",
            "Hallucinations or delusions"
        ]
    },
    {
        "name": "Vascular Malformations of the Brain",
        "link": "https://www.webmd.com/brain/brain-lesions-causes-symptoms-treatments",
        "symptoms": [
            "Headaches",
            "Neck pain or stiffness",
            "Nausea, vomiting, and lack of appetite",
            "Vision changes or eye pain",
            "Changes in mood, personality, behavior, mental ability, and concentration",
            "Memory loss or confusion",
            "Seizures",
            "Fever",
            "Difficulty moving"
        ],
        "prevention": [
            "\"Wait and see;\" if the lesion is not causing problems and is not growing, you may only need periodic checkups.",
            "Surgical removal of the lesion, if possible; new surgical techniques may make it possible to remove even hard-to-reach lesions.",
            "Chemotherapy and radiation therapy for lesions that are cancerous",
            "Medication to fight infections, such as antibiotics or other antimicrobial drugs",
            "Medication to calm the immune system or otherwise change the immune system's response",
            "Medication or other therapies to relieve symptoms associated with the brain lesion"
        ]
    },
    {
        "name": "Vasculitis",
        "link": "https://www.webmd.com/rheumatoid-arthritis/guide/vasculitis-treatment",
        "symptoms": [
            "Fever",
            "Weight loss",
            "Loss of appetite",
            "Fatigue",
            "Headache",
            "General aches and pains"
        ],
        "prevention": [
            "Organ damage",
            "Blood clots",
            "Aneurysm",
            "Loss of eyesight",
            "Infection"
        ],
        "causes": [
            "Autoimmune diseases like RA, lupus, or Sjögren's syndrome",
            "Infections, such as hepatitis B and hepatitis C, that set off an unusual immune system reaction that damages your blood vessels",
            "Allergic reactions to medications",
            "Certain blood cancers, like leukemia and lymphoma"
        ]
    },
    {
        "name": "Venous Skin Ulcer",
        "link": "https://www.webmd.com/skin-problems-and-treatments/venous-skin-ulcer",
        "symptoms": [
            "A rash or dry skin",
            "Brownish discoloration",
            "A foul-smelling fluid oozing from the sore"
        ],
        "prevention": [
            "Quit smoking",
            "Lose weight",
            "Control chronic conditions such as high blood pressure or diabetes",
            "Take aspirin to prevent blood clots",
            "Reduce the amount of salt in your diet",
            "Exercise regularly",
            "Wear compression stockings",
            "Keep your legs elevated when you can"
        ],
        "causes": [
            "Have previous leg injuries",
            "Have varicose veins",
            "Smoke",
            "Are obese",
            "Have had other circulation problems such as blood clots or phlebitis, a painful swelling of the veins"
        ]
    },
    {
        "name": "Ventricular Septal Defects",
        "link": "https://www.webmd.com/heart-disease/ventricular-septal-defect",
        "symptoms": [
            "Fast breathing",
            "Sweating",
            "Pallor",
            "Very fast heartbeatsDecreased feeding",
            "Poor weight gain"
        ],
        "prevention": [
            "Twenty to 25% of all ventricular septal defects close by age 3 without medical intervention.",
            "Children who show no symptoms and are being monitored by a primary care provider do not have to restrict their activities. Children with mild-to-moderate shunting of blood may have to reduce their levels of activity.",
            "Once a defect is repaired, there are no restrictions on activity."
        ],
        "causes": [
            "There may be just one hole or several holes in the septum.",
            "The septum itself is divided into multiple areas, including the membranous part, the muscular part, and other areas called the inlet and outlet. Any or all of these parts can have a hole.",
            "The location of the hole depends on where the malformation takes place during fetal development."
        ]
    },
    {
        "name": "Ventricular Tachycardia",
        "link": "https://www.webmd.com/heart-disease/atrial-fibrillation/what-is-ventricular-tachycardia",
        "symptoms": [
            "Feeling lightheaded or dizzy",
            "Chest pain",
            "Heart pounding or fluttering (palpitations )",
            "Shortness of breath or trouble breathing",
            "Anxiety",
            "Fainting",
            "Tightness in your neck",
            "A feeling of tightness or squeezing in your chest",
            "Tiredness"
        ],
        "prevention": [
            "Eat mostly fruits, vegetables, whole grains, unsaturated fats, and lean proteins.",
            "Limit foods high in sugar, salt, and saturated fat.",
            "Aim for 30 minutes of cardio most days of the week.",
            "Try yoga.",
            "Lose excess body weight if you’re overweight or have obesity."
        ],
        "causes": [
            "Prior heart attack",
            "Heart failure",
            "Weak heart muscle (cardiomyopathy)",
            "Conditions that scar your heart (sarcoidosis)",
            "Blood flow issues from heart disease",
            "Electrolyte imbalance, especially abnormal levels of potassium and magnesium",
            "Inflammation of your heart muscle (myocarditis)",
            "Sarcoidosis, a condition that causes inflamed tissues to grow in your body",
            "Conditions that change the pH in your cells (acidosis)",
            "Stimulants like cocaine or methamphetamine",
            "Heavy alcohol use or caffeine",
            "Recreational drugs",
            "Certain medications"
        ]
    },
    {
        "name": "Verruca",
        "link": "https://www.webmd.com/skin-problems-and-treatments/eczema/seborrheic-dermatitis-medref",
        "symptoms": [
            "Flaking skin",
            "Flakes of skin in your mustache or beard",
            "Patches of greasy skin covered with flaky white or yellow scales or crust",
            "A rash that may look darker or lighter in people with brown or Black skin -- and redder in those with white skin",
            "Ring-shaped (annular) rash (this is called petaloid seborrheic dermatitis)",
            "Itchiness (pruritus)"
        ],
        "prevention": [
            "Coal tar",
            "Ketoconazole",
            "Salicylic acid",
            "Selenium sulfide",
            "Zinc pyrithione"
        ],
        "causes": [
            "Stress",
            "Fatigue",
            "Change of seasons, or weather that's cold and dry",
            "Certain medical conditions and medicines"
        ]
    },
    {
        "name": "Vertigo",
        "link": "https://www.webmd.com/brain/dizziness-vertigo",
        "symptoms": [
            "Everything around you is moving or spinning and you’re not.",
            "You’re lightheaded and going to faint.",
            "You can’t keep your balance.",
            "You're a little confused or foggy.",
            "You're nauseated."
        ],
        "causes": [
            "Antibiotics, including gentamicin and streptomycin",
            "Antidepressants",
            "Anti-seizure medications",
            "Blood pressure medicine",
            "Sedatives"
        ]
    },
    {
        "name": "Viral Gastroenteritis",
        "link": "https://www.webmd.com/digestive-disorders/gastroenteritis",
        "symptoms": [
            "Contact with someone who has the virus",
            "Contaminated food or water",
            "Unwashed hands after going to the bathroom or changing a diaper"
        ],
        "prevention": [
            "Give a child an oral rehydration solution. Call your doctor for age-appropriate dosing specifics.",
            "Give an adult as much clear fluid as possible.",
            "The person should drink fluids slowly in frequent, small amounts. Drinking too much too fast can make nausea worse."
        ]
    },
    {
        "name": "Viral Meningitis",
        "link": "https://www.webmd.com/children/understanding-meningitis-basics",
        "symptoms": [
            "Confusion",
            "Fever",
            "Headache",
            "Numbness in your face",
            "Sensitivity to light",
            "Stiff neck so that you can’t lower your chin to your chest",
            "Upset stomach or vomiting",
            "Severe headache with nausea or vomiting",
            "A hard time concentrating",
            "Seizures",
            "Sleepiness or a hard time waking up",
            "Lack of appetite",
            "Lack of thirst"
        ],
        "prevention": [
            "Wash your hands often. Rinse well. Also, teach your kids to wash their hands often, especially after eating, using the toilet, or when they’re in public places.",
            "Don’t share items such as toothbrushes, eating utensils, or lipstick.",
            "Don’t share food items or drinks with other people.",
            "Cover your mouth and nose when you cough or sneeze.",
            "Stay healthy. Eat a healthy diet, get plenty of exercise, and rest at night.",
            "If you’re pregnant, eat well-cooked food.Avoid foods made from unpasteurized milk and raw or undercooked meats, fish, and eggs.",
            "Get immunized. Follow your doctor’s advice on getting immunization shots for diseases that may cause meningitis, including flu and pneumonia vaccines."
        ],
        "causes": [
            "Autoimmune disorders",
            "Cancer medications",
            "Syphilis",
            "Tuberculosis"
        ]
    },
    {
        "name": "Vitamin B12 Deficiency Anemia",
        "link": "https://www.webmd.com/a-to-z-guides/vitamin-b12-deficiency-anemia",
        "prevention": [
            "Beef, liver, and chicken",
            "Fish and shellfish such as trout, salmon, tuna fish, and clams",
            "Fortified breakfast cereal",
            "Low-fat milk, yogurt, and cheese",
            "Eggs"
        ],
        "causes": [
            "You have an autoimmune disease that makes your immune system attack the cells in your stomach that produce intrinsic factor.",
            "You have surgery to remove part of your stomach, where intrinsic factor is made."
        ]
    },
    {
        "name": "Vitamin-D Deficiency Rickets",
        "link": "https://www.webmd.com/diet/guide/vitamin-d-deficiency",
        "symptoms": [
            "Increased risk of death from cardiovascular disease",
            "Cognitive impairment in older adults",
            "Severe asthma in children",
            "Cancer"
        ]
    },
    {
        "name": "Vitiligo",
        "link": "https://www.webmd.com/skin-problems-and-treatments/guide/vitiligo-common-cause-loss-skin-pigment",
        "symptoms": [
            "Body folds (like armpits)",
            "Places that have been injured in the past",
            "Areas exposed to sun",
            "Around moles",
            "Around body openings",
            "Mucous membranes (tissues that line your nose and mouth)"
        ],
        "prevention": [
            "Swelling",
            "Redness",
            "Itching",
            "Dry skin"
        ]
    },
    {
        "name": "Von Recklinghausen's Neurofibromatosis",
        "link": "https://www.webmd.com/pain-management/neurofibromatosis",
        "symptoms": [
            "Neurofibromatosis. Also called Recklinghausen’s disease, neurofibromatosis is characterized by areas of pigmentation like this café au lait spot on a 16-year-old. NF1 is a genetic disorder of the nervous system causing neurofibromas (tumors) to grow on the fibrous covering of nerves. Spots like this one can appear on the skin and can sometimes be accompanied by physical deformation. Most are benign but they can become malignant and those with NF1 have a predisposition to brain tumors and various forms of cancer. People with this disorder should seek genetic counseling before planning a child. Dermatologists look for more than six cafe au lait macules greater than 5mm in greatest diameter in pre-pubescent kids and greater than 15 mm in postpubertal people to initiate a workup for Neurofibromatosis 1.\n\t\t\t\t\t\t\t\t\t\t\t\t\t\n\n\n\nSeveral (usually 6 or more) café au lait spots",
            "Multiple freckles in the armpit or groin area",
            "Tiny growths in the iris (colored area) of the eye; these are called Lisch nodules and usually do not affect eyesight.",
            "Neurofibromas that occur on or under the skin, sometimes even deep within the body. These are benign (harmless) tumors. But in rare cases, they can turn malignant or cancerous.",
            "Bone deformities, including a twisted spine (scoliosis) or bowed legs",
            "Tumors along the optic nerve, which may cause eyesight problems",
            "Nerve-related pain",
            "High blood pressure",
            "Osteoporosis",
            "Learning disabilities",
            "Large head size",
            "Short stature"
        ],
        "prevention": [
            "Surgery to remove problem growths or tumors",
            "Treatment that includes chemotherapy or radiation if a tumor has turned malignant, or cancerous",
            "Surgery for bone problems, like scoliosis",
            "Therapy (including physical therapy, counseling, or support groups)",
            "Cataract removal surgery",
            "Aggressive treatment of pain linked to the condition",
            "Stereotactic radiosurgery",
            "Auditory brainstem and cochlear implants"
        ],
        "causes": [
            "Neurofibromatosis 1 (NF1): The NF1 gene on chromosome 17 makes a protein called neurofibromin that controls your cells’ growth. The mutation of this gene causes a neurofibromin loss and uncontrolled cell growth.",
            "Neurofibromatosis 2 (NF2): The NF2 gene on chromosome 22 makes a protein called merlin or schwannomin. It suppresses tumors. Changes to this gene cause a loss of merlin and uncontrolled cell growth.",
            "Schwannomatosis: Mutations of the two known genes linked to schwannomatosis, SMARCB1 and LZTR1, which both suppress tumors, are associated with this type of neurofibromatosis."
        ]
    },
    {
        "name": "Von Willebrand's Disease",
        "link": "https://www.webmd.com/a-to-z-guides/von-willebrand-disease-vwd",
        "symptoms": [
            "Frequent large bruises from minor injuries",
            "Frequent or hard-to-stop nose bleeds",
            "Blood in your stool or pee (from internal bleeding)",
            "Heavy bleeding after a cut, accident, or minor medical procedure",
            "Bleeding for a long period of time after major surgery",
            "Heavy or long menstrual periods"
        ]
    },
    {
        "name": "VSD",
        "link": "https://www.webmd.com/heart-disease/ventricular-septal-defect",
        "symptoms": [
            "Fast breathing",
            "Sweating",
            "Pallor",
            "Very fast heartbeatsDecreased feeding",
            "Poor weight gain"
        ],
        "prevention": [
            "Twenty to 25% of all ventricular septal defects close by age 3 without medical intervention.",
            "Children who show no symptoms and are being monitored by a primary care provider do not have to restrict their activities. Children with mild-to-moderate shunting of blood may have to reduce their levels of activity.",
            "Once a defect is repaired, there are no restrictions on activity."
        ],
        "causes": [
            "There may be just one hole or several holes in the septum.",
            "The septum itself is divided into multiple areas, including the membranous part, the muscular part, and other areas called the inlet and outlet. Any or all of these parts can have a hole.",
            "The location of the hole depends on where the malformation takes place during fetal development."
        ]
    },
    {
        "name": "Vulvar Cancer",
        "link": "https://www.webmd.com/cancer/what-is-vulvar-cancer",
        "symptoms": [
            "A change in the color of your vulva",
            "Unusual growths or bumps that may be red, pink, or white and feel rough or thick",
            "A change in how a mole looks",
            "Thickened skin on your vulva",
            "An open sore",
            "Itching that doesn’t go away",
            "Pain, soreness, or burning",
            "Unusual vaginal bleeding or discharge",
            "Pain when you pee"
        ],
        "prevention": [
            "Avoid HPV. Limit your number of sex partners. Practice safe sex, including using condoms. Get the HPV vaccine, which can help prevent genital warts and several kinds of cancer.",
            "Don’t smoke.",
            "Get regular checkups. Talk to your doctor as soon as possible if you notice a problem between visits."
        ],
        "causes": [
            "Age. More than half of cases are in women over age 70.",
            "A history of unusual Pap tests",
            "HIV or AIDS",
            "HPV",
            "Melanoma or unusual moles",
            "A family history of melanoma",
            "A precancerous condition like vulvar intraepithelial neoplasia (VIN). These are changes in cells or tissue that can happen years before you’re diagnosed with cancer.",
            "Vaginal or cervical cancer",
            "Lichen sclerosus, a condition that makes vulvar skin thin and itchy",
            "Smoking, especially if you’ve also had HPV"
        ]
    }
]