[
    {
        "name": "Waldenstrom's Macroglobulinemia",
        "link": "https://www.webmd.com/cancer/lymphoma/waldenstrom-macroglobulinemia-overview",
        "symptoms": [
            "Headaches",
            "Night sweats",
            "Lack of appetite and weight loss without trying",
            "Frequent infections",
            "Fevers",
            "Swollen belly or lymph nodes",
            "Confusion, dizziness, and clumsiness",
            "Shortness of breath",
            "Changes in vision, such as blurriness",
            "Numbness or tingling in your hands or feet"
        ],
        "causes": [
            "Are 50 or older",
            "Are white",
            "Have a condition called MGUS (monoclonal gammopathy of undetermined significance)",
            "Have a relative with a disease that affects their white blood cells."
        ]
    },
    {
        "name": "Wandering Rash Tongue",
        "link": "https://www.webmd.com/oral-health/geographic-tongue",
        "symptoms": [
            "Have a white or light-colored border",
            "Change in size, shape, and color",
            "Start in one area and then move to another",
            "Be smooth, unlike the small bumps (papillae) that usually cover your tongue"
        ],
        "prevention": [
            "Over-the-counter pain relievers",
            "Anti-inflammatories",
            "Mouth rinses with anesthetic",
            "Corticosteroids that you put on your tongue",
            "Zinc supplements"
        ],
        "causes": [
            "Eczema and psoriasis",
            "Some types of arthritis",
            "Type 1 diabetes"
        ]
    },
    {
        "name": "Warts and Plantar Warts",
        "link": "https://www.webmd.com/skin-problems-and-treatments/warts",
        "prevention": [
            "Not having sexual contact",
            "Using condoms during sexual activity",
            "Having sex only with a partner who isn't having sex with other people",
            "Avoiding sex with anyone with visible symptoms of genital warts",
            "Getting the HPV vaccine"
        ]
    },
    {
        "name": "Water on the Brain (Hydrocephalus)",
        "link": "https://www.webmd.com/brain/normal-pressure-hydrocephalus",
        "symptoms": [
            "Memory loss",
            "Speech problems",
            "Apathy (indifference) and withdrawal",
            "Changes in behavior or mood",
            "Difficulties with reasoning, paying attention, or judgment",
            "Walking problems",
            "Unsteadiness",
            "Leg weakness",
            "Sudden falls",
            "Shuffling steps",
            "Difficulty taking the first step, as if feet were stuck to the floor",
            "\"Getting stuck\" or \"freezing\" while walking"
        ],
        "prevention": [
            "Family Caregiver Alliance, National Center on Caregiving -- (800) 445-8106",
            "Hydrocephalus Association -- (301) 202-3811 or (888) 598-3789",
            "National Hydrocephalus Foundation -- (562) 924-6666",
            "Hydrocephalus Support Group, Inc. -- (636) 532-8228"
        ],
        "causes": [
            "A head injury",
            "Bleeding around the brain (due to a blow to the head)",
            "A stroke",
            "Meningitis (infection of a protective layer of tissue around the brain)",
            "Brain tumor",
            "Surgery on the brain"
        ]
    },
    {
        "name": "WBS",
        "link": "https://www.webmd.com/children/williams-syndrome",
        "symptoms": [
            "Curved spine, called scoliosis",
            "Ear infections",
            "Early puberty",
            "Farsightedness",
            "Hernia",
            "High levels of calcium in the blood",
            "Hoarse voice",
            "Joint and bone problems",
            "Kidney problems",
            "Urinary tract infections"
        ],
        "prevention": [
            "Cardiologist -- a doctor who treats heart problems",
            "Endocrinologist -- a doctor who treats hormone problems",
            "Gastroenterologist -- a doctor who treats gastrointestinal problems",
            "Ophthalmologist -- a doctor who treats eye problems",
            "Psychologist",
            "Speech and language therapist",
            "Occupational therapist",
            "Physical therapist"
        ],
        "causes": [
            "Wide forehead",
            "Bridge of the nose is flattened",
            "Short nose with a large tip",
            "Wide mouth with full lips",
            "Small chin",
            "Small, widely spaced teeth",
            "Missing or crooked teeth",
            "Uneven eyes",
            "Folds over the corners of the eyes",
            "White starburst pattern around the iris, or colored part of the eye",
            "Long face and neck (in adulthood)"
        ]
    },
    {
        "name": "Weaning",
        "link": "https://www.webmd.com/parenting/baby/after-nursing",
        "causes": [
            "Breast self-exams are a simple way to keep tabs on your breast health and changes. Examine your breasts once a month, even while breastfeeding. It's especially important to examine your breasts in the months after you stop breastfeeding, as the shape and size of your breasts change. Report any lumps or unusual nipple discharge to your doctor. Some lumps can even extend to the armpit. Most lumps are benign, meaning they are not cancer. But they still should be checked for breast cancer."
        ]
    },
    {
        "name": "Weir-Mitchell Disease",
        "link": "https://www.webmd.com/diabetes/burning-feet-causes-treatments",
        "prevention": [
            "Vitamin deficiency. Taking additional vitamin B12 orally or by injection can replace low levels of this nutrient.",
            "Alcoholism. Stopping excessive drinking prevents ongoing nerve damage and allows nerves to heal.",
            "Chronic kidney disease. Dialysis may be necessary to eliminate toxins causing neuropathy and burning feet symptoms.",
            "Hypothyroidism. Taking oral thyroid hormone raises low thyroid levels, often reversing neuropathy as well as burning feet symptoms.",
            "GBS and CIDP. Treatments are very specialized and include plasma exchange (plasmapheresis) or immune globulin therapy (IVIG)."
        ],
        "causes": [
            "Chronic kidney disease (uremia)",
            "Small fiber neuropathy",
            "Vitamin deficiency (vitamin B12, folate, and occasionally vitamin B6)",
            "Alcohol abuse",
            "Low thyroid hormone levels (hypothyroidism)",
            "Lyme disease",
            "HIV/AIDS",
            "Amyloid polyneuropathy",
            "Drug side effects, including chemotherapy drugs, vitamin B6 overdose, HIV medicines, amiodarone, isoniazid, metformin, and others",
            "Erythromelalgia",
            "Heavy metal poisoning (lead, mercury, arsenic)",
            "Vasculitis (inflammation of blood vessels)",
            "Sarcoidosis",
            "Guillain-Barre syndrome (GBS)",
            "Chronic inflammatory demyelinating polyneuropathy (CIDP)"
        ]
    },
    {
        "name": "Wells' Syndrome",
        "link": "https://www.webmd.com/skin-problems-and-treatments/cellulitis",
        "symptoms": [
            "A sore or rash that grows quickly",
            "Warmth",
            "Pain or tenderness",
            "Tiredness",
            "Yellow, clear fluid or pus leaking from the area"
        ],
        "prevention": [
            "Practice good personal hygiene, and keep your skin clean.",
            "Rub a lotion or moisturizer onto your skin to prevent cracks.",
            "Wear sturdy, well-fitting shoes or slippers with loose-fitting cotton socks. Don’t walk barefoot outdoors.",
            "Keep your wounds clean. Wash the wound every day with soap and water and cover it with a fresh, clean bandage. Watch for signs of infection such as redness and pus.",
            "Trim your nails carefully to avoid injury.",
            "If you have diabetes, check your feet every day for sores you might not feel. Quickly treat any injuries or infections.",
            "Manage conditions that can cause cellulitis, such as eczema, athlete's foot, and lymphedema.",
            "To prevent insect bites, use an insect repellent approved by the Environmental Protection Agency (EPA). Wear a long-sleeved shirt and pants when you go outside in areas where there are biting insects.",
            "Clean insect bites with soap and water. Apply an antibiotic ointment if the skin is broken. Cover the bite with a bandage to keep it clean and prevent yourself from scratching it."
        ],
        "causes": [
            "An injury",
            "Surgery",
            "A skin condition such as eczema, athlete's foot, or psoriasis",
            "Foreign objects in the skin",
            "Open wounds underneath the skin"
        ]
    },
    {
        "name": "Wernicke-Korsakoff Syndrome",
        "link": "https://www.webmd.com/brain/wernicke-korsakoff-syndrome-facts",
        "symptoms": [
            "Balance and movement issues. You might have leg tremors, and your walk might become slow and unsteady, with a wide stance and short steps. You may need help standing and getting around, and your arms and legs might feel weak.",
            "Confusion. You may feel out of it and lose interest in what’s happening around you.",
            "Eye problems. You may have double vision, your eyelids might droop, or your eyes may move around quickly."
        ],
        "causes": [
            "Some diseases that affect your whole body, like cancer, AIDS, or serious infections",
            "Eating disorders, like anorexia",
            "Serious kidney problems",
            "Chemotherapy treatment for cancer",
            "Some stomach conditions",
            "Throwing up often and over a long period of time",
            "Weight loss surgery, also known as gastric bypass"
        ]
    },
    {
        "name": "West Syndrome",
        "link": "https://www.webmd.com/children/what-is-west-syndrome",
        "symptoms": [
            "Crankiness",
            "Loss of appetite",
            "Changes in sleep patterns, such as sleeping more during the day and less at night",
            "Acting like they can’t see",
            "Slowed development",
            "Regression"
        ],
        "prevention": [
            "ACTH, a hormone",
            "Vigabatrin (Sabril), a seizure medication",
            "Steroids like prednisone",
            "Vitamin B6, if West syndrome results from a lack of vitamin B"
        ],
        "causes": [
            "Changes in your child’s genes",
            "Metabolic disorders",
            "Unusual brain development or formation",
            "Brain injury from a lack of oxygen",
            "Other brain injuries",
            "Brain infection"
        ]
    },
    {
        "name": "Wet Lung",
        "link": "https://www.webmd.com/lung/ards-acute-respiratory-distress-syndrome",
        "symptoms": [
            "Shortness of breath",
            "Low blood pressure",
            "Unusually fast breathing",
            "Fast heartbeat",
            "Cough",
            "Fever",
            "Chest pain, especially when breathing deeply",
            "Confusion and exhaustion",
            "Blue-tinted lips or nails from lack of oxygen in your blood",
            "Dizziness"
        ],
        "prevention": [
            "Nutrition and medicine through fluids injected into your blood",
            "Medication to prevent bleeding and blood clots",
            "Medication to keep you calm and comfortable"
        ],
        "causes": [
            "Pneumonia",
            "Bleeding that makes you need a transfusion",
            "Inflamed pancreas",
            "Drug overdose",
            "Near-drowning",
            "Burns",
            "Reactions to medications",
            "Breathing food into your lungs (aspiration)"
        ]
    },
    {
        "name": "WHCR",
        "link": "https://www.webmd.com/children/wolf-hirschorn-syndrome",
        "symptoms": [
            "Bulging, wide-set eyes",
            "Droopy eyelids and other eye problems",
            "Cleft lip or palate",
            "Downturned mouth",
            "Low birth weight",
            "Microcephaly, or an unusually small head",
            "Underdeveloped muscles",
            "Scoliosis",
            "Heart and kidney problems",
            "Failure to thrive"
        ],
        "prevention": [
            "Physical or occupational therapy",
            "Surgery to repair defects",
            "Support through social services",
            "Genetic counseling",
            "Special education",
            "Controlling seizures",
            "Drug therapy"
        ]
    },
    {
        "name": "Wheezing",
        "link": "https://www.webmd.com/asthma/understanding-wheezing-basics",
        "prevention": [
            "A bronchodilator medication to ease inflammation and open your airways",
            "Inhaled corticosteroids to fight inflammation",
            "Leukotriene receptor antagonists to prevent asthma and allergy symptoms"
        ],
        "causes": [
            "How long have you been wheezing?",
            "Does it happen when you exercise?",
            "Do you wheeze all the time?",
            "Do you wheeze more during the day, or at night?",
            "Does rest help control it?",
            "Do you wheeze when you breathe in, or out, or both in and out?",
            "Do you smoke?",
            "Do certain foods seem to cause your wheezing?"
        ]
    },
    {
        "name": "Whiplash",
        "link": "https://www.webmd.com/pain-management/pain-management-whiplash",
        "symptoms": [
            "Neck pain and stiffness",
            "Headaches",
            "Pain in the shoulder or between the shoulder blades",
            "Low back pain",
            "Pain or numbness in the arm and/or hand",
            "Dizziness",
            "Difficulty concentrating or remembering",
            "Irritability, sleep disturbances, fatigue"
        ]
    },
    {
        "name": "Whipple’s Disease",
        "link": "https://www.webmd.com/digestive-disorders/what-is-whipples-disease",
        "symptoms": [
            "Belly pain",
            "Diarrhea",
            "Weight loss",
            "Dark spots on your skin",
            "Joint pain"
        ]
    },
    {
        "name": "Whooping Cough (Pertussis)",
        "link": "https://www.webmd.com/children/whooping-cough-symptoms-treatment",
        "symptoms": [
            "Mild coughing",
            "Sneezing",
            "Runny nose",
            "Low fever (below 102 F)"
        ],
        "prevention": [
            "Itching, swelling, or redness at the injection site",
            "Fever",
            "Headache",
            "Tiredness",
            "Upset stomach or vomiting",
            "Feeling nauseous",
            "Diarrhea"
        ],
        "causes": [
            "Have symptoms that are milder and for a shorter time",
            "Have fewer coughing episodes with the whooping sound"
        ]
    },
    {
        "name": "WHS",
        "link": "https://www.webmd.com/children/wolf-hirschorn-syndrome",
        "symptoms": [
            "Bulging, wide-set eyes",
            "Droopy eyelids and other eye problems",
            "Cleft lip or palate",
            "Downturned mouth",
            "Low birth weight",
            "Microcephaly, or an unusually small head",
            "Underdeveloped muscles",
            "Scoliosis",
            "Heart and kidney problems",
            "Failure to thrive"
        ],
        "prevention": [
            "Physical or occupational therapy",
            "Surgery to repair defects",
            "Support through social services",
            "Genetic counseling",
            "Special education",
            "Controlling seizures",
            "Drug therapy"
        ]
    },
    {
        "name": "Williams Syndrome",
        "link": "https://www.webmd.com/children/williams-syndrome",
        "symptoms": [
            "Curved spine, called scoliosis",
            "Ear infections",
            "Early puberty",
            "Farsightedness",
            "Hernia",
            "High levels of calcium in the blood",
            "Hoarse voice",
            "Joint and bone problems",
            "Kidney problems",
            "Urinary tract infections"
        ],
        "prevention": [
            "Cardiologist -- a doctor who treats heart problems",
            "Endocrinologist -- a doctor who treats hormone problems",
            "Gastroenterologist -- a doctor who treats gastrointestinal problems",
            "Ophthalmologist -- a doctor who treats eye problems",
            "Psychologist",
            "Speech and language therapist",
            "Occupational therapist",
            "Physical therapist"
        ],
        "causes": [
            "Wide forehead",
            "Bridge of the nose is flattened",
            "Short nose with a large tip",
            "Wide mouth with full lips",
            "Small chin",
            "Small, widely spaced teeth",
            "Missing or crooked teeth",
            "Uneven eyes",
            "Folds over the corners of the eyes",
            "White starburst pattern around the iris, or colored part of the eye",
            "Long face and neck (in adulthood)"
        ]
    },
    {
        "name": "Williams-Beuren Syndrome",
        "link": "https://www.webmd.com/children/williams-syndrome",
        "symptoms": [
            "Curved spine, called scoliosis",
            "Ear infections",
            "Early puberty",
            "Farsightedness",
            "Hernia",
            "High levels of calcium in the blood",
            "Hoarse voice",
            "Joint and bone problems",
            "Kidney problems",
            "Urinary tract infections"
        ],
        "prevention": [
            "Cardiologist -- a doctor who treats heart problems",
            "Endocrinologist -- a doctor who treats hormone problems",
            "Gastroenterologist -- a doctor who treats gastrointestinal problems",
            "Ophthalmologist -- a doctor who treats eye problems",
            "Psychologist",
            "Speech and language therapist",
            "Occupational therapist",
            "Physical therapist"
        ],
        "causes": [
            "Wide forehead",
            "Bridge of the nose is flattened",
            "Short nose with a large tip",
            "Wide mouth with full lips",
            "Small chin",
            "Small, widely spaced teeth",
            "Missing or crooked teeth",
            "Uneven eyes",
            "Folds over the corners of the eyes",
            "White starburst pattern around the iris, or colored part of the eye",
            "Long face and neck (in adulthood)"
        ]
    },
    {
        "name": "Willi-Prader Syndrome",
        "link": "https://www.webmd.com/parenting/baby/prader-willi-syndrome",
        "symptoms": [
            "Poor muscle tone or limbs that hang loosely when you hold them",
            "Inability to suck or nurse well, so they gain weight slowly",
            "Eyes that cross or wander",
            "Appearance of being tired all the time",
            "Weak or soft cry",
            "Poor response to you"
        ],
        "prevention": [
            "Babies: High-calorie formula may help an infant stay at a healthy weight if they can't eat well because of weak muscle tone. You also can use special nipples or a Gavage feeding tube, which puts breast milk or formula directly in your baby's stomach, to make sure they get enough food.",
            "Older kids and teens: Set clear limits on how and when your child eats to avoid too much weight gain. A low-calorie, balanced diet and lots of exercise can help them stay at a healthy weight. Some kids with PWS may need to take extra vitamin D or calcium."
        ]
    },
    {
        "name": "Wilms' Tumor",
        "link": "https://www.webmd.com/cancer/what-is-wilms-tumor",
        "symptoms": [
            "Belly pain",
            "Swelling in their belly",
            "A growth that you can see or feel in their belly",
            "Fever",
            "Nausea",
            "Lack of appetite",
            "High blood pressure",
            "Blood in their pee",
            "Constipation",
            "Shortness of breath"
        ],
        "prevention": [
            "Partial nephrectomy. This removes the tumor and some healthy tissue around it.",
            "Radical nephrectomy. This removes the affected kidney, the ureter (the tube that carries pee away from the kidney), the adrenal gland on top of the kidney, and nearby tissue.",
            "Removal of both kidneys. In some cases, the doctor will need to take out both kidneys. Your child would then need to have dialysis, using a machine to filter waste out of their blood. Once they’re healthy enough, they might have a kidney transplant."
        ],
        "causes": [
            "Age. Most children who get this type of cancer are between 3 and 5 years old.",
            "Gender. Girls are more likely to have it than boys.",
            "Race. Black children are slightly more likely to get a Wilms tumor than children of other races.",
            "Family history. If someone in your family has had a Wilms tumor, the odds are higher that your child will get it, too.",
            "Birth defects. These can include:",
            "Testicles that haven’t dropped (cryptorchidism)",
            "The opening of the penis is on the underside instead of on the tip (hypospadias)",
            "A total or partial lack of the colored area of the eye (aniridia)",
            "An oversized arm or leg (hemihyphertrophy)",
            "Another health condition. A Wilms tumor sometimes happens in children who have other rare conditions:",
            "WAGR syndrome causes problems in the urinary tract.",
            "Boys with Denys-Drash syndrome have testicles but also have female traits.",
            "Microcephaly is when a baby is born with an unusually small head.",
            "Beckwith-Wiedemann syndrome causes internal organs that are larger than usual."
        ]
    },
    {
        "name": "Winter Blues or Depression",
        "link": "https://www.webmd.com/depression/seasonal-affective-disorder",
        "symptoms": [
            "Less appetite",
            "Trouble sleeping",
            "Weight loss"
        ],
        "causes": [
            "Feeling sad, cranky, or hopeless",
            "Less energy",
            "Trouble concentrating",
            "Fatigue",
            "Greater appetite",
            "More desire to be alone",
            "Thoughts of suicide",
            "Weight gain"
        ]
    },
    {
        "name": "WMS -- Williams Syndrome",
        "link": "https://www.webmd.com/children/williams-syndrome",
        "symptoms": [
            "Curved spine, called scoliosis",
            "Ear infections",
            "Early puberty",
            "Farsightedness",
            "Hernia",
            "High levels of calcium in the blood",
            "Hoarse voice",
            "Joint and bone problems",
            "Kidney problems",
            "Urinary tract infections"
        ],
        "prevention": [
            "Cardiologist -- a doctor who treats heart problems",
            "Endocrinologist -- a doctor who treats hormone problems",
            "Gastroenterologist -- a doctor who treats gastrointestinal problems",
            "Ophthalmologist -- a doctor who treats eye problems",
            "Psychologist",
            "Speech and language therapist",
            "Occupational therapist",
            "Physical therapist"
        ],
        "causes": [
            "Wide forehead",
            "Bridge of the nose is flattened",
            "Short nose with a large tip",
            "Wide mouth with full lips",
            "Small chin",
            "Small, widely spaced teeth",
            "Missing or crooked teeth",
            "Uneven eyes",
            "Folds over the corners of the eyes",
            "White starburst pattern around the iris, or colored part of the eye",
            "Long face and neck (in adulthood)"
        ]
    },
    {
        "name": "Wolf Hirschhorn Syndrome",
        "link": "https://www.webmd.com/children/wolf-hirschorn-syndrome",
        "symptoms": [
            "Bulging, wide-set eyes",
            "Droopy eyelids and other eye problems",
            "Cleft lip or palate",
            "Downturned mouth",
            "Low birth weight",
            "Microcephaly, or an unusually small head",
            "Underdeveloped muscles",
            "Scoliosis",
            "Heart and kidney problems",
            "Failure to thrive"
        ],
        "prevention": [
            "Physical or occupational therapy",
            "Surgery to repair defects",
            "Support through social services",
            "Genetic counseling",
            "Special education",
            "Controlling seizures",
            "Drug therapy"
        ]
    },
    {
        "name": "Wolf Syndrome",
        "link": "https://www.webmd.com/children/wolf-hirschorn-syndrome",
        "symptoms": [
            "Bulging, wide-set eyes",
            "Droopy eyelids and other eye problems",
            "Cleft lip or palate",
            "Downturned mouth",
            "Low birth weight",
            "Microcephaly, or an unusually small head",
            "Underdeveloped muscles",
            "Scoliosis",
            "Heart and kidney problems",
            "Failure to thrive"
        ],
        "prevention": [
            "Physical or occupational therapy",
            "Surgery to repair defects",
            "Support through social services",
            "Genetic counseling",
            "Special education",
            "Controlling seizures",
            "Drug therapy"
        ]
    },
    {
        "name": "Wolff Parkinson White Syndrome",
        "link": "https://www.webmd.com/heart-disease/what-is-wolff-parkinson-white-syndrome",
        "symptoms": [
            "Dizziness or feeling light-headed",
            "Palpitations or feeling your heart flutter or beat harder",
            "Loss of consciousness",
            "Trouble breathing or shortness of breath"
        ]
    },
    {
        "name": "WPW Syndrome",
        "link": "https://www.webmd.com/heart-disease/what-is-wolff-parkinson-white-syndrome",
        "symptoms": [
            "Dizziness or feeling light-headed",
            "Palpitations or feeling your heart flutter or beat harder",
            "Loss of consciousness",
            "Trouble breathing or shortness of breath"
        ]
    },
    {
        "name": "Wrapping a Sprained Ankle",
        "link": "https://www.webmd.com/a-to-z-guides/ankle-sprain-treatment",
        "symptoms": [
            "Severe pain, bruising, or severe swelling",
            "Bleeding, numbness, or change in color of the affected area",
            "Your ankle looks deformed or seems dislocated",
            "You can't put any weight on it"
        ]
    }
]