[
    {
        "name": "Zambusch's Disease",
        "link": "https://www.webmd.com/oral-health/oral-lichen-planus",
        "symptoms": [
            "Dryness",
            "A metallic, burning taste in your mouth"
        ],
        "prevention": [
            "Have your dentist polish sharp teeth or replace damaged fillings or crowns.",
            "Talk to your doctor about changing medications that may be to blame.",
            "Brush twice a day, and floss daily.",
            "See your dentist twice a year for a cleaning and checkup.",
            "Use a mild toothpaste and a soft toothbrush."
        ],
        "causes": [
            "It may run in your family.",
            "It could be linked to your immune system. Most of the time, your immune cells keep you safe by attacking bacteria and viruses. With oral lichen planus, some doctors believe, those cells get confused and attack the lining of your mouth.",
            "It could be linked to hepatitis C. Many people infected with the virus get it."
        ]
    },
    {
        "name": "Z-E Syndrome",
        "link": "https://www.webmd.com/digestive-disorders/zollinger-ellison-syndrome",
        "symptoms": [
            "Abdominal pain",
            "Burning pain in the abdomen",
            "Nausea",
            "Diarrhea",
            "Weight loss",
            "Vomiting",
            "Bleeding from the stomach",
            "Weakness",
            "Fatigue"
        ]
    },
    {
        "name": "ZES",
        "link": "https://www.webmd.com/digestive-disorders/zollinger-ellison-syndrome",
        "symptoms": [
            "Abdominal pain",
            "Burning pain in the abdomen",
            "Nausea",
            "Diarrhea",
            "Weight loss",
            "Vomiting",
            "Bleeding from the stomach",
            "Weakness",
            "Fatigue"
        ]
    },
    {
        "name": "Zika",
        "link": "https://www.webmd.com/a-to-z-guides/zika-virus-symptoms-prevention",
        "symptoms": [
            "Decreased brain tissue with calcium deposits indicating brain damage",
            "Damage to the back of the eye",
            "Limited range of motion in joints, such as clubfoot",
            "Too much muscle tone, which restricts movement"
        ],
        "prevention": [
            "Diseases Spread by Mosquitoes",
            "What You Need to Know About Zika",
            "Zika Virus: What You Should Know",
            "What Is Acute Disseminated Encephalomyelitis (ADEM)?",
            "Mosquito Bite Illnesses",
            "What Is Microcephaly?",
            "What Is Guillain-Barre Syndrome?",
            "Zika Virus Topics"
        ]
    },
    {
        "name": "Zollinger-Ellison syndrome (ZES)",
        "link": "https://www.webmd.com/digestive-disorders/zollinger-ellison-syndrome",
        "symptoms": [
            "Abdominal pain",
            "Burning pain in the abdomen",
            "Nausea",
            "Diarrhea",
            "Weight loss",
            "Vomiting",
            "Bleeding from the stomach",
            "Weakness",
            "Fatigue"
        ]
    }
]